period_label,city_name,res_id,am_email,cuisine,tl_email,nov_target,nov_actual,supply_cm_target,supply_cm_actual
Sep-2026,Ahmedabad,22439403,arindam.sarkar@zomato.com,street food,aakash.ganatra@zomato.com,4981,0.0,3497,0.0
Sep-2026,Ahmedabad,20434805,harsh.rajpura@zomato.com,desserts,aakash.ganatra@zomato.com,40231,42272.524000000005,13696,15916.600481391763
Sep-2026,Ahmedabad,22795041,harsh.rajpura@zomato.com,pizza,aakash.ganatra@zomato.com,0,83685.641,0,32288.265822545585
Sep-2026,Ahmedabad,19110728,ronakkumar.gupta@zomato.com,street food,aakash.ganatra@zomato.com,117531,130957.32400000001,19037,19514.673656917297
Sep-2026,Ahmedabad,20705831,ronakkumar.gupta@zomato.com,street food,aakash.ganatra@zomato.com,0,654.698,0,76.47430000690522
Sep-2026,Ahmedabad,21915064,ronakkumar.gupta@zomato.com,ice cream,aakash.ganatra@zomato.com,988,0.0,-111,0.0
Sep-2026,Ahmedabad,21915066,ronakkumar.gupta@zomato.com,ice cream,aakash.ganatra@zomato.com,166,0.0,0,0.0
Sep-2026,Ahmedabad,21921264,ronakkumar.gupta@zomato.com,ice cream,aakash.ganatra@zomato.com,1812,0.0,-166,0.0
Sep-2026,Ahmedabad,21931591,ronakkumar.gupta@zomato.com,ice cream,aakash.ganatra@zomato.com,79,0.0,1,0.0
Sep-2026,Ahmedabad,21931592,ronakkumar.gupta@zomato.com,ice cream,aakash.ganatra@zomato.com,2156,0.0,44,0.0
Sep-2026,Ahmedabad,21931593,ronakkumar.gupta@zomato.com,ice cream,aakash.ganatra@zomato.com,0,359.05999999999995,0,-146.88458074575522
Sep-2026,Ahmedabad,21957821,ronakkumar.gupta@zomato.com,ice cream,aakash.ganatra@zomato.com,619,0.0,0,0.0
Sep-2026,Ahmedabad,21958100,ronakkumar.gupta@zomato.com,ice cream,aakash.ganatra@zomato.com,184,0.0,14,0.0
Sep-2026,Ahmedabad,21433436,umang.srivastava@zomato.com,street food,aakash.ganatra@zomato.com,18667,121044.34199999999,6408,22551.833022868406
Sep-2026,Ahmedabad,22235004,viveksharma@zomato.com,na,aakash.ganatra@zomato.com,60058,0.0,25771,0.0
Sep-2026,Ahmedabad,111357,alfaiz.qureshi@zomato.com,"wraps, rolls and sandwiches",akshata.dhamdhere@zomato.com,532,0.0,-26,0.0
Sep-2026,Ahmedabad,111982,alfaiz.qureshi@zomato.com,street food,akshata.dhamdhere@zomato.com,79154,29773.219999999998,22937,6020.001221548927
Sep-2026,Ahmedabad,112000,alfaiz.qureshi@zomato.com,street food,akshata.dhamdhere@zomato.com,10977,26093.188000000002,1498,6964.806592230949
Sep-2026,Ahmedabad,112003,alfaiz.qureshi@zomato.com,chinese,akshata.dhamdhere@zomato.com,19674,22844.260000000002,3603,3576.204140257936
Sep-2026,Ahmedabad,112009,alfaiz.qureshi@zomato.com,north indian,akshata.dhamdhere@zomato.com,115449,139669.51999999996,34517,44467.19191310816
Sep-2026,Ahmedabad,112014,alfaiz.qureshi@zomato.com,na,akshata.dhamdhere@zomato.com,40221,0.0,10941,0.0
Sep-2026,Ahmedabad,112083,alfaiz.qureshi@zomato.com,north indian,akshata.dhamdhere@zomato.com,9964,25250.763000000006,6970,11405.40164843526
Sep-2026,Ahmedabad,112095,alfaiz.qureshi@zomato.com,north indian,akshata.dhamdhere@zomato.com,14065,10419.972,2345,1477.1734207365923
Sep-2026,Ahmedabad,18161738,alfaiz.qureshi@zomato.com,street food,akshata.dhamdhere@zomato.com,32486,49155.94600000001,5095,9308.700903191184
Sep-2026,Ahmedabad,18161745,alfaiz.qureshi@zomato.com,south indian,akshata.dhamdhere@zomato.com,18777,8845.486,4132,1028.2472185610932
Sep-2026,Ahmedabad,18161755,alfaiz.qureshi@zomato.com,north indian,akshata.dhamdhere@zomato.com,26820,35047.814,5052,6437.4268674080495
Sep-2026,Ahmedabad,18173209,alfaiz.qureshi@zomato.com,south indian,akshata.dhamdhere@zomato.com,35024,65631.08,6517,11957.70889729262
Sep-2026,Ahmedabad,18530598,alfaiz.qureshi@zomato.com,street food,akshata.dhamdhere@zomato.com,57450,44691.869999999995,6762,6094.194620876981
Sep-2026,Ahmedabad,18542850,alfaiz.qureshi@zomato.com,cakes,akshata.dhamdhere@zomato.com,35594,32472.593,20825,19903.476819035877
Sep-2026,Ahmedabad,18552193,alfaiz.qureshi@zomato.com,international,akshata.dhamdhere@zomato.com,5898,10229.342,821,6340.944603364045
Sep-2026,Ahmedabad,18631739,alfaiz.qureshi@zomato.com,north indian,akshata.dhamdhere@zomato.com,84964,71701.65899999999,18233,18305.683922399134
Sep-2026,Ahmedabad,18795905,alfaiz.qureshi@zomato.com,"wraps, rolls and sandwiches",akshata.dhamdhere@zomato.com,70505,74534.175,8854,9689.347404873843
Sep-2026,Ahmedabad,18807431,alfaiz.qureshi@zomato.com,chinese,akshata.dhamdhere@zomato.com,1963,3851.064,131,690.215698844241
Sep-2026,Ahmedabad,18965229,alfaiz.qureshi@zomato.com,north indian,akshata.dhamdhere@zomato.com,55213,51846.76000000001,9707,15502.58330984302
Sep-2026,Ahmedabad,18980705,alfaiz.qureshi@zomato.com,north indian,akshata.dhamdhere@zomato.com,12005,11757.83,2313,2241.953022794472
Sep-2026,Ahmedabad,19072060,alfaiz.qureshi@zomato.com,north indian,akshata.dhamdhere@zomato.com,3709,0.0,538,0.0
Sep-2026,Ahmedabad,19107434,alfaiz.qureshi@zomato.com,street food,akshata.dhamdhere@zomato.com,28989,29831.860000000004,6045,6675.667868537764
Sep-2026,Ahmedabad,19112952,alfaiz.qureshi@zomato.com,street food,akshata.dhamdhere@zomato.com,29715,48224.53,4578,1813.2568666010834
Sep-2026,Ahmedabad,19114721,alfaiz.qureshi@zomato.com,south indian,akshata.dhamdhere@zomato.com,43793,185038.52100000004,6111,16105.790836250833
Sep-2026,Ahmedabad,19147672,alfaiz.qureshi@zomato.com,ice cream,akshata.dhamdhere@zomato.com,3130,37325.155999999995,782,10342.972883936305
Sep-2026,Ahmedabad,19178158,alfaiz.qureshi@zomato.com,pizza,akshata.dhamdhere@zomato.com,2447,4512.336,367,606.5007446732743
Sep-2026,Ahmedabad,19191464,alfaiz.qureshi@zomato.com,north indian,akshata.dhamdhere@zomato.com,5641,10603.387999999999,1246,2164.290081761251
Sep-2026,Ahmedabad,19231930,alfaiz.qureshi@zomato.com,street food,akshata.dhamdhere@zomato.com,32816,8017.62,6467,91.0908980066846
Sep-2026,Ahmedabad,19289449,alfaiz.qureshi@zomato.com,chinese,akshata.dhamdhere@zomato.com,4000,24233.745000000003,706,10518.045766133573
Sep-2026,Ahmedabad,19297732,alfaiz.qureshi@zomato.com,na,akshata.dhamdhere@zomato.com,22631,3555.1919999999996,4510,392.8158630923411
Sep-2026,Ahmedabad,19308693,alfaiz.qureshi@zomato.com,pizza,akshata.dhamdhere@zomato.com,286,1654.68,35,392.4619474300821
Sep-2026,Ahmedabad,19446525,alfaiz.qureshi@zomato.com,street food,akshata.dhamdhere@zomato.com,5769,18924.638000000003,85,1479.937516311531
Sep-2026,Ahmedabad,19632313,alfaiz.qureshi@zomato.com,north indian,akshata.dhamdhere@zomato.com,28576,36576.04200000001,6442,8051.828682125813
Sep-2026,Ahmedabad,19646816,alfaiz.qureshi@zomato.com,north indian,akshata.dhamdhere@zomato.com,9145,17512.158,1406,2245.7524414187087
Sep-2026,Ahmedabad,19668683,alfaiz.qureshi@zomato.com,north indian,akshata.dhamdhere@zomato.com,10692,8068.742,4150,653.8544734668312
Sep-2026,Ahmedabad,19715569,alfaiz.qureshi@zomato.com,north indian,akshata.dhamdhere@zomato.com,12152,12243.333999999999,1406,-1736.8154236419957
Sep-2026,Ahmedabad,19716562,alfaiz.qureshi@zomato.com,street food,akshata.dhamdhere@zomato.com,8245,15693.215999999999,1706,4103.276726645215
Sep-2026,Ahmedabad,19757631,alfaiz.qureshi@zomato.com,beverages,akshata.dhamdhere@zomato.com,25443,1457.228,6218,376.7709780587334
Sep-2026,Ahmedabad,19761896,alfaiz.qureshi@zomato.com,north indian,akshata.dhamdhere@zomato.com,42976,49561.864,12005,9783.89921175495
Sep-2026,Ahmedabad,19776450,alfaiz.qureshi@zomato.com,street food,akshata.dhamdhere@zomato.com,40571,29284.555000000004,8465,4801.954738454944
Sep-2026,Ahmedabad,19778284,alfaiz.qureshi@zomato.com,street food,akshata.dhamdhere@zomato.com,9136,15868.712,1151,1458.835795319311
Sep-2026,Ahmedabad,19804771,alfaiz.qureshi@zomato.com,south indian,akshata.dhamdhere@zomato.com,30986,37451.936,8168,14280.785985576957
Sep-2026,Ahmedabad,19817922,alfaiz.qureshi@zomato.com,north indian,akshata.dhamdhere@zomato.com,1539,2638.064,186,508.9657696948979
Sep-2026,Ahmedabad,19818047,alfaiz.qureshi@zomato.com,north indian,akshata.dhamdhere@zomato.com,12584,7499.675,4012,1512.1543566308017
Sep-2026,Ahmedabad,19842862,alfaiz.qureshi@zomato.com,north indian,akshata.dhamdhere@zomato.com,68611,73895.234,21756,15519.3475633631
Sep-2026,Ahmedabad,19867519,alfaiz.qureshi@zomato.com,north indian,akshata.dhamdhere@zomato.com,0,52867.863,0,9756.815589121697
Sep-2026,Ahmedabad,19891923,alfaiz.qureshi@zomato.com,cakes,akshata.dhamdhere@zomato.com,19999,15043.21,3756,4310.788325392585
Sep-2026,Ahmedabad,19960221,alfaiz.qureshi@zomato.com,street food,akshata.dhamdhere@zomato.com,43259,24883.157999999996,8706,5302.021322987339
Sep-2026,Ahmedabad,19967485,alfaiz.qureshi@zomato.com,na,akshata.dhamdhere@zomato.com,3133,0.0,2146,0.0
Sep-2026,Ahmedabad,20068851,alfaiz.qureshi@zomato.com,street food,akshata.dhamdhere@zomato.com,66491,33020.214,22317,6147.965518910662
Sep-2026,Ahmedabad,20070879,alfaiz.qureshi@zomato.com,ice cream,akshata.dhamdhere@zomato.com,35835,33649.258,1974,1444.5556334340938
Sep-2026,Ahmedabad,20074479,alfaiz.qureshi@zomato.com,na,akshata.dhamdhere@zomato.com,50871,0.0,17776,0.0
Sep-2026,Ahmedabad,20168482,alfaiz.qureshi@zomato.com,street food,akshata.dhamdhere@zomato.com,0,64253.255,0,23287.05992552248
Sep-2026,Ahmedabad,20216731,alfaiz.qureshi@zomato.com,north indian,akshata.dhamdhere@zomato.com,18349,23353.729,3067,4032.768750659926
Sep-2026,Ahmedabad,20284888,alfaiz.qureshi@zomato.com,north indian,akshata.dhamdhere@zomato.com,17261,7715.266,1301,-1867.8050278670137
Sep-2026,Ahmedabad,20329650,alfaiz.qureshi@zomato.com,pizza,akshata.dhamdhere@zomato.com,49985,46480.443999999996,10158,8743.029518820636
Sep-2026,Ahmedabad,20336876,alfaiz.qureshi@zomato.com,north indian,akshata.dhamdhere@zomato.com,804,29032.538999999993,116,12248.617054157738
Sep-2026,Ahmedabad,20373289,alfaiz.qureshi@zomato.com,"wraps, rolls and sandwiches",akshata.dhamdhere@zomato.com,13529,126.12,1664,31.866800780167324
Sep-2026,Ahmedabad,20376489,alfaiz.qureshi@zomato.com,north indian,akshata.dhamdhere@zomato.com,12620,18704.503999999997,1682,-2163.915317396261
Sep-2026,Ahmedabad,20390952,alfaiz.qureshi@zomato.com,north indian,akshata.dhamdhere@zomato.com,60137,86029.43599999999,21126,29987.770503256925
Sep-2026,Ahmedabad,20396096,alfaiz.qureshi@zomato.com,street food,akshata.dhamdhere@zomato.com,14712,9925.458,2752,2316.3094213136933
Sep-2026,Ahmedabad,20411597,alfaiz.qureshi@zomato.com,north indian,akshata.dhamdhere@zomato.com,50401,17780.365,14319,9212.504025164691
Sep-2026,Ahmedabad,20415712,alfaiz.qureshi@zomato.com,north indian,akshata.dhamdhere@zomato.com,9986,10865.03,1970,1593.322863914076
Sep-2026,Ahmedabad,20467953,alfaiz.qureshi@zomato.com,north indian,akshata.dhamdhere@zomato.com,41809,39433.592,7186,7131.578903558024
Sep-2026,Ahmedabad,20504313,alfaiz.qureshi@zomato.com,ice cream,akshata.dhamdhere@zomato.com,153597,70236.96,40885,19827.369612391798
Sep-2026,Ahmedabad,20524740,alfaiz.qureshi@zomato.com,street food,akshata.dhamdhere@zomato.com,13798,39450.111999999994,2336,8961.98796594327
Sep-2026,Ahmedabad,20548119,alfaiz.qureshi@zomato.com,north indian,akshata.dhamdhere@zomato.com,20476,30847.912,4439,8611.920143092031
Sep-2026,Ahmedabad,20568137,alfaiz.qureshi@zomato.com,na,akshata.dhamdhere@zomato.com,3630,0.0,474,0.0
Sep-2026,Ahmedabad,20582624,alfaiz.qureshi@zomato.com,beverages,akshata.dhamdhere@zomato.com,60272,57372.283,18572,13383.96056311255
Sep-2026,Ahmedabad,20600939,alfaiz.qureshi@zomato.com,"wraps, rolls and sandwiches",akshata.dhamdhere@zomato.com,58525,48124.044,7299,4270.806586071187
Sep-2026,Ahmedabad,20610167,alfaiz.qureshi@zomato.com,street food,akshata.dhamdhere@zomato.com,79297,50303.868,18827,11333.470091177072
Sep-2026,Ahmedabad,20621616,alfaiz.qureshi@zomato.com,street food,akshata.dhamdhere@zomato.com,11492,30420.739999999994,1664,3515.47571113628
Sep-2026,Ahmedabad,20658303,alfaiz.qureshi@zomato.com,na,akshata.dhamdhere@zomato.com,4590,0.0,946,0.0
Sep-2026,Ahmedabad,20673903,alfaiz.qureshi@zomato.com,street food,akshata.dhamdhere@zomato.com,31394,60273.389,6113,19582.351066784362
Sep-2026,Ahmedabad,20676739,alfaiz.qureshi@zomato.com,beverages,akshata.dhamdhere@zomato.com,8455,6044.189999999999,3701,3584.128820040661
Sep-2026,Ahmedabad,20679337,alfaiz.qureshi@zomato.com,chinese,akshata.dhamdhere@zomato.com,44512,63258.72000000001,14257,13977.40226857153
Sep-2026,Ahmedabad,20681987,alfaiz.qureshi@zomato.com,street food,akshata.dhamdhere@zomato.com,54426,36256.47,17735,15242.505849097673
Sep-2026,Ahmedabad,20684881,alfaiz.qureshi@zomato.com,south indian,akshata.dhamdhere@zomato.com,90738,98104.65900000001,18769,25813.899193351062
Sep-2026,Ahmedabad,20693905,alfaiz.qureshi@zomato.com,street food,akshata.dhamdhere@zomato.com,38848,5600.544,14889,1157.5609658191174
Sep-2026,Ahmedabad,20726696,alfaiz.qureshi@zomato.com,street food,akshata.dhamdhere@zomato.com,20683,17492.369,2183,2046.0328055642015
Sep-2026,Ahmedabad,20744675,alfaiz.qureshi@zomato.com,north indian,akshata.dhamdhere@zomato.com,10458,6146.393999999999,5109,1435.7446142130286
Sep-2026,Ahmedabad,20749882,alfaiz.qureshi@zomato.com,na,akshata.dhamdhere@zomato.com,14382,0.0,2671,0.0
Sep-2026,Ahmedabad,20764636,alfaiz.qureshi@zomato.com,street food,akshata.dhamdhere@zomato.com,12275,8351.573999999999,3086,2691.2321675052326
Sep-2026,Ahmedabad,20777823,alfaiz.qureshi@zomato.com,north indian,akshata.dhamdhere@zomato.com,877,16676.968,199,4123.671434763277
Sep-2026,Ahmedabad,20782213,alfaiz.qureshi@zomato.com,north indian,akshata.dhamdhere@zomato.com,18620,49390.96399999999,4189,11882.02137473237
Sep-2026,Ahmedabad,20803752,alfaiz.qureshi@zomato.com,north indian,akshata.dhamdhere@zomato.com,28604,25207.817000000003,11554,11453.53132306617
Sep-2026,Ahmedabad,20819055,alfaiz.qureshi@zomato.com,north indian,akshata.dhamdhere@zomato.com,38381,22444.748,11283,3532.0281070870087
Sep-2026,Ahmedabad,20823523,alfaiz.qureshi@zomato.com,na,akshata.dhamdhere@zomato.com,12389,0.0,4542,0.0
Sep-2026,Ahmedabad,20830506,alfaiz.qureshi@zomato.com,na,akshata.dhamdhere@zomato.com,7276,0.0,1611,0.0
Sep-2026,Ahmedabad,20846035,alfaiz.qureshi@zomato.com,ice cream,akshata.dhamdhere@zomato.com,6091,10063.535999999998,1218,2096.1415874042345
Sep-2026,Ahmedabad,20858191,alfaiz.qureshi@zomato.com,north indian,akshata.dhamdhere@zomato.com,17472,5747.030000000001,4188,1538.133094994354
Sep-2026,Ahmedabad,20863449,alfaiz.qureshi@zomato.com,north indian,akshata.dhamdhere@zomato.com,43808,18816.64,16641,12863.603298403132
Sep-2026,Ahmedabad,20864807,alfaiz.qureshi@zomato.com,street food,akshata.dhamdhere@zomato.com,22179,19068.297999999995,3863,3788.597014735332
Sep-2026,Ahmedabad,20887394,alfaiz.qureshi@zomato.com,beverages,akshata.dhamdhere@zomato.com,7920,10453.23,1362,2564.7628738026365
Sep-2026,Ahmedabad,20888850,alfaiz.qureshi@zomato.com,burger,akshata.dhamdhere@zomato.com,69125,0.0,21800,0.0
Sep-2026,Ahmedabad,20895376,alfaiz.qureshi@zomato.com,international,akshata.dhamdhere@zomato.com,0,34755.193,0,24310.329480831304
Sep-2026,Ahmedabad,20897184,alfaiz.qureshi@zomato.com,south indian,akshata.dhamdhere@zomato.com,69923,38758.916,8945,3673.516032425798
Sep-2026,Ahmedabad,20914126,alfaiz.qureshi@zomato.com,na,akshata.dhamdhere@zomato.com,1056,0.0,179,0.0
Sep-2026,Ahmedabad,20940853,alfaiz.qureshi@zomato.com,street food,akshata.dhamdhere@zomato.com,5586,8698.212,467,1859.5771411022279
Sep-2026,Ahmedabad,20987162,alfaiz.qureshi@zomato.com,north indian,akshata.dhamdhere@zomato.com,1773,6260.912,1015,2101.6459594646476
Sep-2026,Ahmedabad,20988717,alfaiz.qureshi@zomato.com,north indian,akshata.dhamdhere@zomato.com,14819,1709.7259999999999,4015,1130.8189268072597
Sep-2026,Ahmedabad,20997771,alfaiz.qureshi@zomato.com,biryani,akshata.dhamdhere@zomato.com,8157,11919.834,1999,5084.395735108729
Sep-2026,Ahmedabad,21031447,alfaiz.qureshi@zomato.com,north indian,akshata.dhamdhere@zomato.com,54393,38463.89,13788,10529.427816972278
Sep-2026,Ahmedabad,21064806,alfaiz.qureshi@zomato.com,north indian,akshata.dhamdhere@zomato.com,1688,1788.84,199,420.83831070447275
Sep-2026,Ahmedabad,21074474,alfaiz.qureshi@zomato.com,beverages,akshata.dhamdhere@zomato.com,11989,9009.904,2538,1920.1610212984815
Sep-2026,Ahmedabad,21097775,alfaiz.qureshi@zomato.com,north indian,akshata.dhamdhere@zomato.com,46117,53117.474,11078,27411.522774079043
Sep-2026,Ahmedabad,21112687,alfaiz.qureshi@zomato.com,cakes,akshata.dhamdhere@zomato.com,71446,59120.339,16328,12391.24585160931
Sep-2026,Ahmedabad,21112742,alfaiz.qureshi@zomato.com,south indian,akshata.dhamdhere@zomato.com,14942,9533.521999999999,2502,1456.4649201097782
Sep-2026,Ahmedabad,21184369,alfaiz.qureshi@zomato.com,north indian,akshata.dhamdhere@zomato.com,17046,0.0,5562,0.0
Sep-2026,Ahmedabad,21210242,alfaiz.qureshi@zomato.com,na,akshata.dhamdhere@zomato.com,233,0.0,27,0.0
Sep-2026,Ahmedabad,21217713,alfaiz.qureshi@zomato.com,street food,akshata.dhamdhere@zomato.com,132,0.0,34,0.0
Sep-2026,Ahmedabad,21231484,alfaiz.qureshi@zomato.com,"wraps, rolls and sandwiches",akshata.dhamdhere@zomato.com,26433,29214.46,11199,10667.548474468043
Sep-2026,Ahmedabad,21306741,alfaiz.qureshi@zomato.com,north indian,akshata.dhamdhere@zomato.com,45126,62283.53499999999,3732,6939.508907796229
Sep-2026,Ahmedabad,21340327,alfaiz.qureshi@zomato.com,burger,akshata.dhamdhere@zomato.com,36374,43254.990000000005,6333,8373.836097232515
Sep-2026,Ahmedabad,21362203,alfaiz.qureshi@zomato.com,biryani,akshata.dhamdhere@zomato.com,2471,14491.585999999998,364,1447.6205220720915
Sep-2026,Ahmedabad,21394695,alfaiz.qureshi@zomato.com,na,akshata.dhamdhere@zomato.com,22688,0.0,6726,0.0
Sep-2026,Ahmedabad,21416455,alfaiz.qureshi@zomato.com,na,akshata.dhamdhere@zomato.com,2607,0.0,563,0.0
Sep-2026,Ahmedabad,21441715,alfaiz.qureshi@zomato.com,chinese,akshata.dhamdhere@zomato.com,80506,40535.957,28641,13969.33878450249
Sep-2026,Ahmedabad,21476633,alfaiz.qureshi@zomato.com,north indian,akshata.dhamdhere@zomato.com,3370,989.0040000000001,891,319.38622327835736
Sep-2026,Ahmedabad,21476703,alfaiz.qureshi@zomato.com,street food,akshata.dhamdhere@zomato.com,4770,206.50799999999998,1382,82.61714935971273
Sep-2026,Ahmedabad,21476780,alfaiz.qureshi@zomato.com,north indian,akshata.dhamdhere@zomato.com,7071,929.088,4367,235.27566054330154
Sep-2026,Ahmedabad,21477274,alfaiz.qureshi@zomato.com,international,akshata.dhamdhere@zomato.com,16128,5908.24,6220,1088.5881416709974
Sep-2026,Ahmedabad,21477300,alfaiz.qureshi@zomato.com,street food,akshata.dhamdhere@zomato.com,4980,430.33799999999997,2256,114.41264788156548
Sep-2026,Ahmedabad,21477312,alfaiz.qureshi@zomato.com,street food,akshata.dhamdhere@zomato.com,2417,334.43,2581,-21.747763409523955
Sep-2026,Ahmedabad,21487176,alfaiz.qureshi@zomato.com,chinese,akshata.dhamdhere@zomato.com,4517,2336.446,1786,156.9185031861497
Sep-2026,Ahmedabad,21487452,alfaiz.qureshi@zomato.com,na,akshata.dhamdhere@zomato.com,776,0.0,117,0.0
Sep-2026,Ahmedabad,21487602,alfaiz.qureshi@zomato.com,na,akshata.dhamdhere@zomato.com,22215,0.0,3890,0.0
Sep-2026,Ahmedabad,21489259,alfaiz.qureshi@zomato.com,street food,akshata.dhamdhere@zomato.com,4377,0.0,543,0.0
Sep-2026,Ahmedabad,21499132,alfaiz.qureshi@zomato.com,north indian,akshata.dhamdhere@zomato.com,42950,14039.614000000001,10662,2306.7698734652945
Sep-2026,Ahmedabad,21524421,alfaiz.qureshi@zomato.com,north indian,akshata.dhamdhere@zomato.com,54434,106981.336,9133,42966.35766238459
Sep-2026,Ahmedabad,21533613,alfaiz.qureshi@zomato.com,south indian,akshata.dhamdhere@zomato.com,77306,7287.144,37513,4429.902672231278
Sep-2026,Ahmedabad,21546034,alfaiz.qureshi@zomato.com,"wraps, rolls and sandwiches",akshata.dhamdhere@zomato.com,565,0.0,321,0.0
Sep-2026,Ahmedabad,21550095,alfaiz.qureshi@zomato.com,street food,akshata.dhamdhere@zomato.com,29323,30629.739999999998,6355,7519.987285159645
Sep-2026,Ahmedabad,21552838,alfaiz.qureshi@zomato.com,north indian,akshata.dhamdhere@zomato.com,22002,22708.909999999996,4225,3966.676820371994
Sep-2026,Ahmedabad,21562005,alfaiz.qureshi@zomato.com,street food,akshata.dhamdhere@zomato.com,19972,16592.53,5680,2840.5111436901907
Sep-2026,Ahmedabad,21572684,alfaiz.qureshi@zomato.com,north indian,akshata.dhamdhere@zomato.com,32195,0.0,5140,0.0
Sep-2026,Ahmedabad,21587606,alfaiz.qureshi@zomato.com,"wraps, rolls and sandwiches",akshata.dhamdhere@zomato.com,9224,16548.676,1823,3182.4006509089872
Sep-2026,Ahmedabad,21601292,alfaiz.qureshi@zomato.com,beverages,akshata.dhamdhere@zomato.com,65303,45799.460999999996,19117,15730.848848364252
Sep-2026,Ahmedabad,21613654,alfaiz.qureshi@zomato.com,north indian,akshata.dhamdhere@zomato.com,42352,37246.738,14337,12820.052185625615
Sep-2026,Ahmedabad,21657087,alfaiz.qureshi@zomato.com,street food,akshata.dhamdhere@zomato.com,12887,18965.98,4101,2522.5123390387917
Sep-2026,Ahmedabad,21659289,alfaiz.qureshi@zomato.com,na,akshata.dhamdhere@zomato.com,116,0.0,23,0.0
Sep-2026,Ahmedabad,21661777,alfaiz.qureshi@zomato.com,international,akshata.dhamdhere@zomato.com,50261,98262.41299999999,15480,45168.357403324124
Sep-2026,Ahmedabad,21668828,alfaiz.qureshi@zomato.com,north indian,akshata.dhamdhere@zomato.com,5998,12981.785999999998,907,2494.42342351302
Sep-2026,Ahmedabad,21686790,alfaiz.qureshi@zomato.com,na,akshata.dhamdhere@zomato.com,1889,0.0,610,0.0
Sep-2026,Ahmedabad,21699943,alfaiz.qureshi@zomato.com,chinese,akshata.dhamdhere@zomato.com,20973,46393.04,2971,10607.767091086758
Sep-2026,Ahmedabad,21705019,alfaiz.qureshi@zomato.com,mithai,akshata.dhamdhere@zomato.com,18200,41543.43600000001,5880,6792.517421537716
Sep-2026,Ahmedabad,21712408,alfaiz.qureshi@zomato.com,north indian,akshata.dhamdhere@zomato.com,188165,82764.33799999999,58012,20942.00236379919
Sep-2026,Ahmedabad,21731617,alfaiz.qureshi@zomato.com,street food,akshata.dhamdhere@zomato.com,3014,22784.572,452,7351.886439206996
Sep-2026,Ahmedabad,21736116,alfaiz.qureshi@zomato.com,north indian,akshata.dhamdhere@zomato.com,4207,3059.7719999999995,457,293.9409624949517
Sep-2026,Ahmedabad,21744798,alfaiz.qureshi@zomato.com,na,akshata.dhamdhere@zomato.com,34870,0.0,6756,0.0
Sep-2026,Ahmedabad,21807806,alfaiz.qureshi@zomato.com,pizza,akshata.dhamdhere@zomato.com,37931,38274.67,12300,10400.41107652357
Sep-2026,Ahmedabad,21807941,alfaiz.qureshi@zomato.com,street food,akshata.dhamdhere@zomato.com,14824,15353.858000000004,1755,2160.5306889327126
Sep-2026,Ahmedabad,21818650,alfaiz.qureshi@zomato.com,street food,akshata.dhamdhere@zomato.com,47293,19593.745,12906,5690.326164093858
Sep-2026,Ahmedabad,21821957,alfaiz.qureshi@zomato.com,desserts,akshata.dhamdhere@zomato.com,22432,18721.045,2049,888.6764695961483
Sep-2026,Ahmedabad,21833483,alfaiz.qureshi@zomato.com,street food,akshata.dhamdhere@zomato.com,29806,2374.035,576,1909.126359383542
Sep-2026,Ahmedabad,21853270,alfaiz.qureshi@zomato.com,na,akshata.dhamdhere@zomato.com,40302,0.0,15627,0.0
Sep-2026,Ahmedabad,21866772,alfaiz.qureshi@zomato.com,"wraps, rolls and sandwiches",akshata.dhamdhere@zomato.com,43698,7688.66,14127,516.3647962343188
Sep-2026,Ahmedabad,21870149,alfaiz.qureshi@zomato.com,desserts,akshata.dhamdhere@zomato.com,2778,7549.926,481,1384.177552149229
Sep-2026,Ahmedabad,21876296,alfaiz.qureshi@zomato.com,north indian,akshata.dhamdhere@zomato.com,18191,17087.068,4121,2585.150427397354
Sep-2026,Ahmedabad,21882474,alfaiz.qureshi@zomato.com,street food,akshata.dhamdhere@zomato.com,11960,26804.21,1215,3445.3635253133098
Sep-2026,Ahmedabad,21891073,alfaiz.qureshi@zomato.com,north indian,akshata.dhamdhere@zomato.com,84142,118564.92899999997,18619,25034.19916807981
Sep-2026,Ahmedabad,21915974,alfaiz.qureshi@zomato.com,north indian,akshata.dhamdhere@zomato.com,28188,19668.379999999997,11225,6954.946365602803
Sep-2026,Ahmedabad,21917875,alfaiz.qureshi@zomato.com,north indian,akshata.dhamdhere@zomato.com,11935,63093.272000000004,3288,19445.28952682893
Sep-2026,Ahmedabad,21923387,alfaiz.qureshi@zomato.com,biryani,akshata.dhamdhere@zomato.com,11939,17511.892,1860,1438.5817792750229
Sep-2026,Ahmedabad,21963092,alfaiz.qureshi@zomato.com,north indian,akshata.dhamdhere@zomato.com,73700,63237.046,18220,30969.89779058109
Sep-2026,Ahmedabad,21981504,alfaiz.qureshi@zomato.com,north indian,akshata.dhamdhere@zomato.com,1686,16274.28,140,5682.818813176168
Sep-2026,Ahmedabad,21996083,alfaiz.qureshi@zomato.com,north indian,akshata.dhamdhere@zomato.com,15534,13472.771999999999,3105,1682.4596278778567
Sep-2026,Ahmedabad,21997204,alfaiz.qureshi@zomato.com,na,akshata.dhamdhere@zomato.com,143,0.0,6,0.0
Sep-2026,Ahmedabad,22000493,alfaiz.qureshi@zomato.com,biryani,akshata.dhamdhere@zomato.com,8585,3951.764,3280,925.2930025433951
Sep-2026,Ahmedabad,22005116,alfaiz.qureshi@zomato.com,north indian,akshata.dhamdhere@zomato.com,11309,7119.325999999999,1902,2815.029803460693
Sep-2026,Ahmedabad,22017405,alfaiz.qureshi@zomato.com,north indian,akshata.dhamdhere@zomato.com,89509,101038.65000000001,22938,22335.168026372186
Sep-2026,Ahmedabad,22017938,alfaiz.qureshi@zomato.com,na,akshata.dhamdhere@zomato.com,22592,0.0,5574,0.0
Sep-2026,Ahmedabad,22082575,alfaiz.qureshi@zomato.com,north indian,akshata.dhamdhere@zomato.com,15168,147856.46300000002,428,26769.928390129204
Sep-2026,Ahmedabad,22098677,alfaiz.qureshi@zomato.com,cakes,akshata.dhamdhere@zomato.com,739,1684.31,138,185.85775800909516
Sep-2026,Ahmedabad,22100660,alfaiz.qureshi@zomato.com,north indian,akshata.dhamdhere@zomato.com,712,909.716,111,164.30642143750623
Sep-2026,Ahmedabad,22113612,alfaiz.qureshi@zomato.com,street food,akshata.dhamdhere@zomato.com,40286,520.7579999999999,15856,965.6984185961662
Sep-2026,Ahmedabad,22151849,alfaiz.qureshi@zomato.com,north indian,akshata.dhamdhere@zomato.com,63681,63156.020000000004,15509,19906.07556436905
Sep-2026,Ahmedabad,22151906,alfaiz.qureshi@zomato.com,beverages,akshata.dhamdhere@zomato.com,35608,48160.255999999994,10738,14662.682753180065
Sep-2026,Ahmedabad,22152656,alfaiz.qureshi@zomato.com,south indian,akshata.dhamdhere@zomato.com,45802,26649.990999999998,13485,8129.228531410326
Sep-2026,Ahmedabad,22197911,alfaiz.qureshi@zomato.com,north indian,akshata.dhamdhere@zomato.com,5263,1111.6200000000001,1398,222.37527747230837
Sep-2026,Ahmedabad,22241668,alfaiz.qureshi@zomato.com,north indian,akshata.dhamdhere@zomato.com,96460,94585.88200000001,21218,30435.37889691437
Sep-2026,Ahmedabad,22261259,alfaiz.qureshi@zomato.com,north indian,akshata.dhamdhere@zomato.com,2566,9075.710000000001,-344,2834.610702513496
Sep-2026,Ahmedabad,22284516,alfaiz.qureshi@zomato.com,north indian,akshata.dhamdhere@zomato.com,77086,8132.072,30807,1302.1055895323457
Sep-2026,Ahmedabad,22290774,alfaiz.qureshi@zomato.com,street food,akshata.dhamdhere@zomato.com,30926,26171.172,10656,7195.895864912935
Sep-2026,Ahmedabad,22295512,alfaiz.qureshi@zomato.com,beverages,akshata.dhamdhere@zomato.com,22698,8618.346000000001,8277,2756.661010015874
Sep-2026,Ahmedabad,22300295,alfaiz.qureshi@zomato.com,north indian,akshata.dhamdhere@zomato.com,2698,2428.0280000000002,1245,758.1937258677422
Sep-2026,Ahmedabad,22302948,alfaiz.qureshi@zomato.com,na,akshata.dhamdhere@zomato.com,16973,0.0,3500,0.0
Sep-2026,Ahmedabad,22319019,alfaiz.qureshi@zomato.com,na,akshata.dhamdhere@zomato.com,401,0.0,111,0.0
Sep-2026,Ahmedabad,22320655,alfaiz.qureshi@zomato.com,street food,akshata.dhamdhere@zomato.com,15651,3448.304,3115,1150.8824467447537
Sep-2026,Ahmedabad,22322137,alfaiz.qureshi@zomato.com,beverages,akshata.dhamdhere@zomato.com,43415,24375.885000000002,30145,15613.348099118572
Sep-2026,Ahmedabad,22326522,alfaiz.qureshi@zomato.com,north indian,akshata.dhamdhere@zomato.com,146184,137479.473,44724,28508.38681819348
Sep-2026,Ahmedabad,22341612,alfaiz.qureshi@zomato.com,international,akshata.dhamdhere@zomato.com,1106,23232.640000000003,243,10487.766260343786
Sep-2026,Ahmedabad,22350232,alfaiz.qureshi@zomato.com,pizza,akshata.dhamdhere@zomato.com,137720,60432.153999999995,42649,16907.748557346546
Sep-2026,Ahmedabad,22403721,alfaiz.qureshi@zomato.com,beverages,akshata.dhamdhere@zomato.com,24723,43495.764,5420,3939.380694677305
Sep-2026,Ahmedabad,22422785,alfaiz.qureshi@zomato.com,international,akshata.dhamdhere@zomato.com,16453,20424.602,4823,4678.84065790416
Sep-2026,Ahmedabad,22458293,alfaiz.qureshi@zomato.com,north indian,akshata.dhamdhere@zomato.com,23321,4100.248,8172,668.0005673401902
Sep-2026,Ahmedabad,22463621,alfaiz.qureshi@zomato.com,south indian,akshata.dhamdhere@zomato.com,50508,5793.132,17567,972.9039868352947
Sep-2026,Ahmedabad,22470722,alfaiz.qureshi@zomato.com,na,akshata.dhamdhere@zomato.com,14383,0.0,10420,0.0
Sep-2026,Ahmedabad,22496668,alfaiz.qureshi@zomato.com,street food,akshata.dhamdhere@zomato.com,36800,1697.8480000000002,10652,101.76588719072194
Sep-2026,Ahmedabad,22498487,alfaiz.qureshi@zomato.com,burger,akshata.dhamdhere@zomato.com,14808,45958.892,2786,14720.811796845344
Sep-2026,Ahmedabad,22502970,alfaiz.qureshi@zomato.com,street food,akshata.dhamdhere@zomato.com,2581,20072.480000000003,190,5700.9183465551705
Sep-2026,Ahmedabad,22513401,alfaiz.qureshi@zomato.com,street food,akshata.dhamdhere@zomato.com,28107,2237.818,8997,-196.0337514978175
Sep-2026,Ahmedabad,22541900,alfaiz.qureshi@zomato.com,pizza,akshata.dhamdhere@zomato.com,66912,2812.5360000000005,11236,727.9963171380675
Sep-2026,Ahmedabad,22566181,alfaiz.qureshi@zomato.com,north indian,akshata.dhamdhere@zomato.com,127336,87398.465,31218,21503.936075884514
Sep-2026,Ahmedabad,22599893,alfaiz.qureshi@zomato.com,street food,akshata.dhamdhere@zomato.com,12074,8012.616,2062,1434.9795262082205
Sep-2026,Ahmedabad,22625853,alfaiz.qureshi@zomato.com,burger,akshata.dhamdhere@zomato.com,38840,111251.37299999999,7045,35766.62202725883
Sep-2026,Ahmedabad,22643467,alfaiz.qureshi@zomato.com,north indian,akshata.dhamdhere@zomato.com,49068,61487.913,3907,11841.860870047136
Sep-2026,Ahmedabad,22645546,alfaiz.qureshi@zomato.com,desserts,akshata.dhamdhere@zomato.com,144,948.446,0,218.27718469469548
Sep-2026,Ahmedabad,22657060,alfaiz.qureshi@zomato.com,"wraps, rolls and sandwiches",akshata.dhamdhere@zomato.com,49081,53517.638,13344,17584.981298653845
Sep-2026,Ahmedabad,22659344,alfaiz.qureshi@zomato.com,north indian,akshata.dhamdhere@zomato.com,5012,6787.316000000001,-457,436.64076396084903
Sep-2026,Ahmedabad,22671445,alfaiz.qureshi@zomato.com,"wraps, rolls and sandwiches",akshata.dhamdhere@zomato.com,2791,0.0,97,0.0
Sep-2026,Ahmedabad,22671890,alfaiz.qureshi@zomato.com,street food,akshata.dhamdhere@zomato.com,13983,5148.014,73,1123.9710919470388
Sep-2026,Ahmedabad,22673808,alfaiz.qureshi@zomato.com,north indian,akshata.dhamdhere@zomato.com,1119,0.0,19,0.0
Sep-2026,Ahmedabad,22675423,alfaiz.qureshi@zomato.com,street food,akshata.dhamdhere@zomato.com,2018,278.572,-405,12.257290292595613
Sep-2026,Ahmedabad,22676048,alfaiz.qureshi@zomato.com,mithai,akshata.dhamdhere@zomato.com,8268,5804.576,-146,883.2888644538057
Sep-2026,Ahmedabad,22679348,alfaiz.qureshi@zomato.com,north indian,akshata.dhamdhere@zomato.com,8846,6621.882000000001,-1147,2232.736591315128
Sep-2026,Ahmedabad,22679755,alfaiz.qureshi@zomato.com,north indian,akshata.dhamdhere@zomato.com,8724,2512.96,-111,283.80665592734897
Sep-2026,Ahmedabad,22681282,alfaiz.qureshi@zomato.com,chinese,akshata.dhamdhere@zomato.com,4924,832.1220000000001,-422,39.528004822409166
Sep-2026,Ahmedabad,22683844,alfaiz.qureshi@zomato.com,na,akshata.dhamdhere@zomato.com,6046,0.0,1106,0.0
Sep-2026,Ahmedabad,22686251,alfaiz.qureshi@zomato.com,north indian,akshata.dhamdhere@zomato.com,41250,64188.85599999999,-1069,19258.40119392218
Sep-2026,Ahmedabad,22688001,alfaiz.qureshi@zomato.com,street food,akshata.dhamdhere@zomato.com,4283,799.624,-141,184.01638458044573
Sep-2026,Ahmedabad,22692453,alfaiz.qureshi@zomato.com,beverages,akshata.dhamdhere@zomato.com,1117,3187.322,-100,929.0237104046317
Sep-2026,Ahmedabad,22692574,alfaiz.qureshi@zomato.com,north indian,akshata.dhamdhere@zomato.com,9667,112358.38999999998,-1384,20801.66625591969
Sep-2026,Ahmedabad,22702976,alfaiz.qureshi@zomato.com,north indian,akshata.dhamdhere@zomato.com,5806,22720.344,-1273,8831.745296999406
Sep-2026,Ahmedabad,22707830,alfaiz.qureshi@zomato.com,street food,akshata.dhamdhere@zomato.com,4256,25761.269999999997,-77,7720.971342877808
Sep-2026,Ahmedabad,22708990,alfaiz.qureshi@zomato.com,na,akshata.dhamdhere@zomato.com,8006,0.0,-1118,0.0
Sep-2026,Ahmedabad,22718660,alfaiz.qureshi@zomato.com,street food,akshata.dhamdhere@zomato.com,961,0.0,154,0.0
Sep-2026,Ahmedabad,22757942,alfaiz.qureshi@zomato.com,street food,akshata.dhamdhere@zomato.com,0,2956.092,0,1901.4393485480575
Sep-2026,Ahmedabad,22766552,alfaiz.qureshi@zomato.com,north indian,akshata.dhamdhere@zomato.com,0,1837.4159999999997,0,529.9360042204173
Sep-2026,Ahmedabad,22771037,alfaiz.qureshi@zomato.com,pizza,akshata.dhamdhere@zomato.com,0,3386.476,0,376.7501961128766
Sep-2026,Ahmedabad,22777810,alfaiz.qureshi@zomato.com,street food,akshata.dhamdhere@zomato.com,0,8911.742,0,2186.5958716874725
Sep-2026,Ahmedabad,22812385,alfaiz.qureshi@zomato.com,chinese,akshata.dhamdhere@zomato.com,0,6816.012,0,2124.2816047067545
Sep-2026,Ahmedabad,22826687,alfaiz.qureshi@zomato.com,street food,akshata.dhamdhere@zomato.com,0,93656.32199999999,0,20692.2978518148
Sep-2026,Ahmedabad,22832722,alfaiz.qureshi@zomato.com,north indian,akshata.dhamdhere@zomato.com,0,54442.88,0,14259.50112279401
Sep-2026,Ahmedabad,22841981,alfaiz.qureshi@zomato.com,north indian,akshata.dhamdhere@zomato.com,0,174877.629,0,64487.05324238424
Sep-2026,Ahmedabad,22847588,alfaiz.qureshi@zomato.com,north indian,akshata.dhamdhere@zomato.com,0,3578.9840000000004,0,2268.62860258319
Sep-2026,Ahmedabad,110039,almash.kholiyawala@zomato.com,north indian,akshata.dhamdhere@zomato.com,515427,352530.357,101372,73846.7480191767
Sep-2026,Ahmedabad,110105,almash.kholiyawala@zomato.com,street food,akshata.dhamdhere@zomato.com,272833,229791.916,44788,40932.167171690744
Sep-2026,Ahmedabad,110130,almash.kholiyawala@zomato.com,chinese,akshata.dhamdhere@zomato.com,239772,170126.19899999996,59496,42811.80434917174
Sep-2026,Ahmedabad,110260,almash.kholiyawala@zomato.com,international,akshata.dhamdhere@zomato.com,348553,307609.054,50531,35628.39941186438
Sep-2026,Ahmedabad,110297,almash.kholiyawala@zomato.com,north indian,akshata.dhamdhere@zomato.com,0,104884.29700000002,0,42342.60606024879
Sep-2026,Ahmedabad,110407,almash.kholiyawala@zomato.com,burger,akshata.dhamdhere@zomato.com,56046,28261.917999999998,19863,7758.647953795589
Sep-2026,Ahmedabad,110456,almash.kholiyawala@zomato.com,north indian,akshata.dhamdhere@zomato.com,204772,96660.08899999999,45947,24791.330718049016
Sep-2026,Ahmedabad,110492,almash.kholiyawala@zomato.com,north indian,akshata.dhamdhere@zomato.com,615731,544885.561,136145,145736.94558359814
Sep-2026,Ahmedabad,110578,almash.kholiyawala@zomato.com,street food,akshata.dhamdhere@zomato.com,45854,37656.28600000001,8111,6302.496092183752
Sep-2026,Ahmedabad,110611,almash.kholiyawala@zomato.com,north indian,akshata.dhamdhere@zomato.com,38511,33337.353,19237,18421.477494983283
Sep-2026,Ahmedabad,110630,almash.kholiyawala@zomato.com,north indian,akshata.dhamdhere@zomato.com,162750,142754.471,31852,41553.37282563563
Sep-2026,Ahmedabad,110700,almash.kholiyawala@zomato.com,north indian,akshata.dhamdhere@zomato.com,221771,105263.86200000001,62301,33522.57478470385
Sep-2026,Ahmedabad,110701,almash.kholiyawala@zomato.com,north indian,akshata.dhamdhere@zomato.com,300293,236984.90700000004,94032,62044.477169505466
Sep-2026,Ahmedabad,110708,almash.kholiyawala@zomato.com,na,akshata.dhamdhere@zomato.com,461613,0.0,140790,0.0
Sep-2026,Ahmedabad,110718,almash.kholiyawala@zomato.com,ice cream,akshata.dhamdhere@zomato.com,246921,220887.861,57800,59418.59789066994
Sep-2026,Ahmedabad,110793,almash.kholiyawala@zomato.com,north indian,akshata.dhamdhere@zomato.com,220468,241877.42599999998,71568,87939.76195176384
Sep-2026,Ahmedabad,110812,almash.kholiyawala@zomato.com,street food,akshata.dhamdhere@zomato.com,78022,361932.14,18414,55643.04458696562
Sep-2026,Ahmedabad,110830,almash.kholiyawala@zomato.com,north indian,akshata.dhamdhere@zomato.com,379848,382123.2539999997,54454,51880.26121693998
Sep-2026,Ahmedabad,110851,almash.kholiyawala@zomato.com,pizza,akshata.dhamdhere@zomato.com,45879,66624.246,3873,6357.039328705396
Sep-2026,Ahmedabad,111207,almash.kholiyawala@zomato.com,street food,akshata.dhamdhere@zomato.com,311126,272015.95300000004,102091,86591.90422309162
Sep-2026,Ahmedabad,111210,almash.kholiyawala@zomato.com,north indian,akshata.dhamdhere@zomato.com,178518,73526.541,58851,18437.424813434216
Sep-2026,Ahmedabad,111240,almash.kholiyawala@zomato.com,north indian,akshata.dhamdhere@zomato.com,210791,246585.902,69364,83404.81349060699
Sep-2026,Ahmedabad,111373,almash.kholiyawala@zomato.com,north indian,akshata.dhamdhere@zomato.com,197597,160712.26200000002,35277,34242.63497331891
Sep-2026,Ahmedabad,111401,almash.kholiyawala@zomato.com,north indian,akshata.dhamdhere@zomato.com,231733,203972.881,75324,62553.709438212056
Sep-2026,Ahmedabad,111448,almash.kholiyawala@zomato.com,north indian,akshata.dhamdhere@zomato.com,316067,204479.16600000006,96633,69097.58696268807
Sep-2026,Ahmedabad,111502,almash.kholiyawala@zomato.com,north indian,akshata.dhamdhere@zomato.com,181547,87957.81300000001,41968,14933.585402224679
Sep-2026,Ahmedabad,111577,almash.kholiyawala@zomato.com,north indian,akshata.dhamdhere@zomato.com,388611,226969.361,86683,53575.77814485652
Sep-2026,Ahmedabad,111682,almash.kholiyawala@zomato.com,street food,akshata.dhamdhere@zomato.com,129404,124215.65900000001,21972,21709.875741940585
Sep-2026,Ahmedabad,111684,almash.kholiyawala@zomato.com,north indian,akshata.dhamdhere@zomato.com,167493,77971.961,65430,39572.94865409238
Sep-2026,Ahmedabad,111847,almash.kholiyawala@zomato.com,street food,akshata.dhamdhere@zomato.com,354718,264171.34500000003,90243,83153.3872718424
Sep-2026,Ahmedabad,111888,almash.kholiyawala@zomato.com,street food,akshata.dhamdhere@zomato.com,152659,115040.815,40713,30817.91200466146
Sep-2026,Ahmedabad,111893,almash.kholiyawala@zomato.com,street food,akshata.dhamdhere@zomato.com,711122,637958.8869999999,182323,183916.16407949844
Sep-2026,Ahmedabad,111899,almash.kholiyawala@zomato.com,north indian,akshata.dhamdhere@zomato.com,230724,207448.748,61222,63581.772068089864
Sep-2026,Ahmedabad,111957,almash.kholiyawala@zomato.com,north indian,akshata.dhamdhere@zomato.com,416825,410321.296,133760,136853.34758677374
Sep-2026,Ahmedabad,112089,almash.kholiyawala@zomato.com,north indian,akshata.dhamdhere@zomato.com,149588,197849.325,55474,61536.751393063765
Sep-2026,Ahmedabad,112211,almash.kholiyawala@zomato.com,street food,akshata.dhamdhere@zomato.com,68143,40462.584,10200,6208.097785994047
Sep-2026,Ahmedabad,112519,almash.kholiyawala@zomato.com,ice cream,akshata.dhamdhere@zomato.com,3794,0.0,728,0.0
Sep-2026,Ahmedabad,112740,almash.kholiyawala@zomato.com,ice cream,akshata.dhamdhere@zomato.com,11368,62252.174000000006,2252,19855.839796468103
Sep-2026,Ahmedabad,112838,almash.kholiyawala@zomato.com,burger,akshata.dhamdhere@zomato.com,87917,57139.580999999984,32446,25581.118295575092
Sep-2026,Ahmedabad,112839,almash.kholiyawala@zomato.com,burger,akshata.dhamdhere@zomato.com,41735,33367.217000000004,13034,12599.372574244866
Sep-2026,Ahmedabad,113044,almash.kholiyawala@zomato.com,north indian,akshata.dhamdhere@zomato.com,177477,89595.849,62013,31169.814954923415
Sep-2026,Ahmedabad,113099,almash.kholiyawala@zomato.com,street food,akshata.dhamdhere@zomato.com,173816,142174.16100000002,29930,25781.58659854006
Sep-2026,Ahmedabad,113489,almash.kholiyawala@zomato.com,chinese,akshata.dhamdhere@zomato.com,0,14173.982,0,7276.331964274378
Sep-2026,Ahmedabad,113749,almash.kholiyawala@zomato.com,north indian,akshata.dhamdhere@zomato.com,354482,305698.653,88168,79846.75810372426
Sep-2026,Ahmedabad,113750,almash.kholiyawala@zomato.com,chinese,akshata.dhamdhere@zomato.com,322880,253683.759,101182,62708.94637691941
Sep-2026,Ahmedabad,113923,almash.kholiyawala@zomato.com,ice cream,akshata.dhamdhere@zomato.com,166341,69773.857,40518,15872.170034314157
Sep-2026,Ahmedabad,18143126,almash.kholiyawala@zomato.com,north indian,akshata.dhamdhere@zomato.com,204985,151345.755,45533,39606.04755587086
Sep-2026,Ahmedabad,18231913,almash.kholiyawala@zomato.com,north indian,akshata.dhamdhere@zomato.com,121660,103227.82899999998,29020,25661.791550149508
Sep-2026,Ahmedabad,18350237,almash.kholiyawala@zomato.com,ice cream,akshata.dhamdhere@zomato.com,45947,36943.643000000004,10389,7778.020182470494
Sep-2026,Ahmedabad,18377628,almash.kholiyawala@zomato.com,north indian,akshata.dhamdhere@zomato.com,20242,12879.456,5164,4766.230377062419
Sep-2026,Ahmedabad,18438917,almash.kholiyawala@zomato.com,north indian,akshata.dhamdhere@zomato.com,192006,111913.845,64482,28998.347819240335
Sep-2026,Ahmedabad,18438930,almash.kholiyawala@zomato.com,burger,akshata.dhamdhere@zomato.com,72849,53564.777,22366,17097.77907532706
Sep-2026,Ahmedabad,18455967,almash.kholiyawala@zomato.com,north indian,akshata.dhamdhere@zomato.com,150049,130295.176,38239,32451.38256147138
Sep-2026,Ahmedabad,18480222,almash.kholiyawala@zomato.com,north indian,akshata.dhamdhere@zomato.com,166897,109562.84000000001,57920,29796.384343102945
Sep-2026,Ahmedabad,18480251,almash.kholiyawala@zomato.com,north indian,akshata.dhamdhere@zomato.com,69202,62748.77699999999,12021,11977.294236877025
Sep-2026,Ahmedabad,18544957,almash.kholiyawala@zomato.com,street food,akshata.dhamdhere@zomato.com,10348,21029.531000000006,1622,3434.8466363277503
Sep-2026,Ahmedabad,18561740,almash.kholiyawala@zomato.com,north indian,akshata.dhamdhere@zomato.com,630190,513543.14299999987,156547,154430.0124591589
Sep-2026,Ahmedabad,18562324,almash.kholiyawala@zomato.com,street food,akshata.dhamdhere@zomato.com,72981,63859.06,12343,10533.199297062885
Sep-2026,Ahmedabad,18571653,almash.kholiyawala@zomato.com,"wraps, rolls and sandwiches",akshata.dhamdhere@zomato.com,160626,269847.09,50375,92683.04550077805
Sep-2026,Ahmedabad,18590040,almash.kholiyawala@zomato.com,street food,akshata.dhamdhere@zomato.com,34821,30298.923,5364,4384.389621597038
Sep-2026,Ahmedabad,18600888,almash.kholiyawala@zomato.com,north indian,akshata.dhamdhere@zomato.com,747918,484630.0829999999,162828,97704.80782399942
Sep-2026,Ahmedabad,18605312,almash.kholiyawala@zomato.com,street food,akshata.dhamdhere@zomato.com,151492,102646.51099999998,26029,17051.417675347147
Sep-2026,Ahmedabad,18615800,almash.kholiyawala@zomato.com,cakes,akshata.dhamdhere@zomato.com,87815,14997.253999999999,35545,9977.941775789024
Sep-2026,Ahmedabad,18629541,almash.kholiyawala@zomato.com,street food,akshata.dhamdhere@zomato.com,57620,43298.791,13019,11825.648879308017
Sep-2026,Ahmedabad,18645830,almash.kholiyawala@zomato.com,street food,akshata.dhamdhere@zomato.com,279588,208620.45200000002,48638,35749.56187804768
Sep-2026,Ahmedabad,18690258,almash.kholiyawala@zomato.com,north indian,akshata.dhamdhere@zomato.com,122854,0.0,43264,0.0
Sep-2026,Ahmedabad,18709776,almash.kholiyawala@zomato.com,street food,akshata.dhamdhere@zomato.com,58697,50745.948,18064,14476.525330927643
Sep-2026,Ahmedabad,18716037,almash.kholiyawala@zomato.com,north indian,akshata.dhamdhere@zomato.com,37724,40813.794,4859,4130.851788325713
Sep-2026,Ahmedabad,18763544,almash.kholiyawala@zomato.com,north indian,akshata.dhamdhere@zomato.com,382750,212740.90900000004,81969,46999.07037620153
Sep-2026,Ahmedabad,18775832,almash.kholiyawala@zomato.com,street food,akshata.dhamdhere@zomato.com,131445,93235.078,19398,14651.680942888584
Sep-2026,Ahmedabad,18812175,almash.kholiyawala@zomato.com,north indian,akshata.dhamdhere@zomato.com,564882,646928.8769999997,120391,136083.45914454217
Sep-2026,Ahmedabad,18866538,almash.kholiyawala@zomato.com,ice cream,akshata.dhamdhere@zomato.com,17420,16399.682,2776,2570.6080323777082
Sep-2026,Ahmedabad,18866547,almash.kholiyawala@zomato.com,ice cream,akshata.dhamdhere@zomato.com,37092,21689.323999999997,15409,8018.909527560708
Sep-2026,Ahmedabad,18866553,almash.kholiyawala@zomato.com,ice cream,akshata.dhamdhere@zomato.com,83644,17622.787,22794,5487.988474619342
Sep-2026,Ahmedabad,18887366,almash.kholiyawala@zomato.com,"wraps, rolls and sandwiches",akshata.dhamdhere@zomato.com,139862,169322.96200000006,56235,67086.97484429742
Sep-2026,Ahmedabad,18954174,almash.kholiyawala@zomato.com,biryani,akshata.dhamdhere@zomato.com,59041,30930.665,24257,3525.0684693919093
Sep-2026,Ahmedabad,18996728,almash.kholiyawala@zomato.com,international,akshata.dhamdhere@zomato.com,566913,585243.7649999999,99671,112717.98219353305
Sep-2026,Ahmedabad,19007860,almash.kholiyawala@zomato.com,north indian,akshata.dhamdhere@zomato.com,202414,84883.39199999999,61162,17130.159688089807
Sep-2026,Ahmedabad,19035933,almash.kholiyawala@zomato.com,street food,akshata.dhamdhere@zomato.com,91680,64212.618,16070,11170.499637712557
Sep-2026,Ahmedabad,19045190,almash.kholiyawala@zomato.com,street food,akshata.dhamdhere@zomato.com,121767,122826.146,20474,20757.061795548863
Sep-2026,Ahmedabad,19045510,almash.kholiyawala@zomato.com,chinese,akshata.dhamdhere@zomato.com,75706,43255.768,17974,12339.527853665571
Sep-2026,Ahmedabad,19058360,almash.kholiyawala@zomato.com,north indian,akshata.dhamdhere@zomato.com,101316,98097.65100000001,42525,33329.64205270003
Sep-2026,Ahmedabad,19064564,almash.kholiyawala@zomato.com,north indian,akshata.dhamdhere@zomato.com,124890,116723.898,26707,26930.636472562448
Sep-2026,Ahmedabad,19065777,almash.kholiyawala@zomato.com,north indian,akshata.dhamdhere@zomato.com,459508,275535.59200000006,144488,116067.14042769074
Sep-2026,Ahmedabad,19077575,almash.kholiyawala@zomato.com,street food,akshata.dhamdhere@zomato.com,64712,140020.98,12032,40275.02594187294
Sep-2026,Ahmedabad,19088737,almash.kholiyawala@zomato.com,ice cream,akshata.dhamdhere@zomato.com,23495,61071.13200000001,4531,10862.216047803655
Sep-2026,Ahmedabad,19144248,almash.kholiyawala@zomato.com,north indian,akshata.dhamdhere@zomato.com,143631,83496.82600000002,43384,34218.264789485635
Sep-2026,Ahmedabad,19162584,almash.kholiyawala@zomato.com,street food,akshata.dhamdhere@zomato.com,103233,155267.29500000004,38100,45456.06864400088
Sep-2026,Ahmedabad,19187562,almash.kholiyawala@zomato.com,street food,akshata.dhamdhere@zomato.com,50927,45413.93,9670,9175.41455115209
Sep-2026,Ahmedabad,19187701,almash.kholiyawala@zomato.com,north indian,akshata.dhamdhere@zomato.com,507507,556022.2289999998,154655,126846.62460228085
Sep-2026,Ahmedabad,19239175,almash.kholiyawala@zomato.com,street food,akshata.dhamdhere@zomato.com,83106,70041.64699999998,25755,21221.0958040716
Sep-2026,Ahmedabad,19266985,almash.kholiyawala@zomato.com,burger,akshata.dhamdhere@zomato.com,0,343716.24600000004,0,45421.80042633672
Sep-2026,Ahmedabad,19268201,almash.kholiyawala@zomato.com,chinese,akshata.dhamdhere@zomato.com,15209,87952.61499999999,3680,9985.625941862729
Sep-2026,Ahmedabad,19305281,almash.kholiyawala@zomato.com,north indian,akshata.dhamdhere@zomato.com,317145,276880.667,91113,81403.0105258394
Sep-2026,Ahmedabad,19323445,almash.kholiyawala@zomato.com,biryani,akshata.dhamdhere@zomato.com,3869,603.376,501,139.90439030758955
Sep-2026,Ahmedabad,19353033,almash.kholiyawala@zomato.com,north indian,akshata.dhamdhere@zomato.com,182889,70447.452,48087,16312.510853690252
Sep-2026,Ahmedabad,19353122,almash.kholiyawala@zomato.com,biryani,akshata.dhamdhere@zomato.com,7648,5077.54,1236,673.7088179982985
Sep-2026,Ahmedabad,19403283,almash.kholiyawala@zomato.com,street food,akshata.dhamdhere@zomato.com,80728,54938.077000000005,7333,-3709.2477429047385
Sep-2026,Ahmedabad,19460807,almash.kholiyawala@zomato.com,street food,akshata.dhamdhere@zomato.com,150356,118780.16400000002,31356,34711.066018316815
Sep-2026,Ahmedabad,19460830,almash.kholiyawala@zomato.com,street food,akshata.dhamdhere@zomato.com,65000,55205.05,10599,8910.503083377575
Sep-2026,Ahmedabad,19497127,almash.kholiyawala@zomato.com,street food,akshata.dhamdhere@zomato.com,80477,56484.39099999999,14273,9557.668225613397
Sep-2026,Ahmedabad,19520177,almash.kholiyawala@zomato.com,ice cream,akshata.dhamdhere@zomato.com,24598,14984.366999999998,5093,3933.5813059268
Sep-2026,Ahmedabad,19531084,almash.kholiyawala@zomato.com,pizza,akshata.dhamdhere@zomato.com,101351,102493.26900000001,32646,20301.023962984124
Sep-2026,Ahmedabad,19580132,almash.kholiyawala@zomato.com,north indian,akshata.dhamdhere@zomato.com,70961,71358.01400000001,20850,24389.7509084784
Sep-2026,Ahmedabad,19580643,almash.kholiyawala@zomato.com,street food,akshata.dhamdhere@zomato.com,314859,166591.77899999998,99768,60025.93684966509
Sep-2026,Ahmedabad,19598388,almash.kholiyawala@zomato.com,international,akshata.dhamdhere@zomato.com,38268,24081.255999999998,8495,4143.8411071565415
Sep-2026,Ahmedabad,19603008,almash.kholiyawala@zomato.com,burger,akshata.dhamdhere@zomato.com,206537,217208.69300000003,37236,29337.630626502672
Sep-2026,Ahmedabad,19608349,almash.kholiyawala@zomato.com,street food,akshata.dhamdhere@zomato.com,32893,23468.736000000004,3693,1419.453886513305
Sep-2026,Ahmedabad,19637071,almash.kholiyawala@zomato.com,na,akshata.dhamdhere@zomato.com,46955,0.0,15307,0.0
Sep-2026,Ahmedabad,19671842,almash.kholiyawala@zomato.com,street food,akshata.dhamdhere@zomato.com,100014,68060.197,16477,10651.520143057707
Sep-2026,Ahmedabad,19675177,almash.kholiyawala@zomato.com,cakes,akshata.dhamdhere@zomato.com,53130,44612.866,24559,20761.92458944523
Sep-2026,Ahmedabad,19717987,almash.kholiyawala@zomato.com,street food,akshata.dhamdhere@zomato.com,20690,14073.992000000002,1674,-316.151957997723
Sep-2026,Ahmedabad,19727827,almash.kholiyawala@zomato.com,north indian,akshata.dhamdhere@zomato.com,91383,31833.215,17085,10641.959524231537
Sep-2026,Ahmedabad,19729844,almash.kholiyawala@zomato.com,north indian,akshata.dhamdhere@zomato.com,192849,95640.35200000001,50070,28740.250336782083
Sep-2026,Ahmedabad,19761971,almash.kholiyawala@zomato.com,street food,akshata.dhamdhere@zomato.com,151395,105156.61,26692,19051.432738197756
Sep-2026,Ahmedabad,19787953,almash.kholiyawala@zomato.com,na,akshata.dhamdhere@zomato.com,240,0.0,23,0.0
Sep-2026,Ahmedabad,19817024,almash.kholiyawala@zomato.com,international,akshata.dhamdhere@zomato.com,61409,32987.67,16602,9772.136213955891
Sep-2026,Ahmedabad,19847275,almash.kholiyawala@zomato.com,street food,akshata.dhamdhere@zomato.com,53366,13631.195999999996,8750,3072.956120740046
Sep-2026,Ahmedabad,19860281,almash.kholiyawala@zomato.com,biryani,akshata.dhamdhere@zomato.com,78288,53398.778000000006,25326,11394.266242426418
Sep-2026,Ahmedabad,19886552,almash.kholiyawala@zomato.com,street food,akshata.dhamdhere@zomato.com,108784,183552.92200000002,26464,38320.49117659132
Sep-2026,Ahmedabad,19891224,almash.kholiyawala@zomato.com,street food,akshata.dhamdhere@zomato.com,172660,155202.47999999998,31299,28433.209064237337
Sep-2026,Ahmedabad,19901705,almash.kholiyawala@zomato.com,north indian,akshata.dhamdhere@zomato.com,1021656,1131935.2369999997,195764,222257.29394679223
Sep-2026,Ahmedabad,19912347,almash.kholiyawala@zomato.com,cakes,akshata.dhamdhere@zomato.com,14605,48441.117999999995,6020,17498.555546370244
Sep-2026,Ahmedabad,19918047,almash.kholiyawala@zomato.com,street food,akshata.dhamdhere@zomato.com,18660,41637.981999999996,5002,11686.680548661127
Sep-2026,Ahmedabad,19969985,almash.kholiyawala@zomato.com,north indian,akshata.dhamdhere@zomato.com,182971,73646.171,60784,24710.622145590343
Sep-2026,Ahmedabad,19976888,almash.kholiyawala@zomato.com,international,akshata.dhamdhere@zomato.com,102422,86922.552,24518,21286.09866429227
Sep-2026,Ahmedabad,20121193,almash.kholiyawala@zomato.com,north indian,akshata.dhamdhere@zomato.com,369424,411764.18799999997,101026,114124.56281584551
Sep-2026,Ahmedabad,20152471,almash.kholiyawala@zomato.com,north indian,akshata.dhamdhere@zomato.com,49556,48038.059,17157,13749.394542765354
Sep-2026,Ahmedabad,20153099,almash.kholiyawala@zomato.com,street food,akshata.dhamdhere@zomato.com,54304,99055.57299999999,13044,23492.135710764756
Sep-2026,Ahmedabad,20173776,almash.kholiyawala@zomato.com,street food,akshata.dhamdhere@zomato.com,29710,15292.990000000002,6800,3873.2813992206784
Sep-2026,Ahmedabad,20186116,almash.kholiyawala@zomato.com,pizza,akshata.dhamdhere@zomato.com,132832,51535.738,23598,21014.396421392306
Sep-2026,Ahmedabad,20186371,almash.kholiyawala@zomato.com,north indian,akshata.dhamdhere@zomato.com,199079,189747.32999999996,56636,47672.24514750992
Sep-2026,Ahmedabad,20188312,almash.kholiyawala@zomato.com,pizza,akshata.dhamdhere@zomato.com,104066,164780.68499999997,26178,37549.30534497062
Sep-2026,Ahmedabad,20191918,almash.kholiyawala@zomato.com,street food,akshata.dhamdhere@zomato.com,182331,163603.64000000004,48418,38573.70517221269
Sep-2026,Ahmedabad,20228603,almash.kholiyawala@zomato.com,biryani,akshata.dhamdhere@zomato.com,68650,44271.13799999999,12311,12246.57712140182
Sep-2026,Ahmedabad,20262399,almash.kholiyawala@zomato.com,north indian,akshata.dhamdhere@zomato.com,438058,380644.609,107100,91646.95524495521
Sep-2026,Ahmedabad,20297246,almash.kholiyawala@zomato.com,street food,akshata.dhamdhere@zomato.com,138708,65757.642,19767,10872.044452812206
Sep-2026,Ahmedabad,20302670,almash.kholiyawala@zomato.com,pizza,akshata.dhamdhere@zomato.com,262891,72324.506,80457,25911.857795606942
Sep-2026,Ahmedabad,20304063,almash.kholiyawala@zomato.com,na,akshata.dhamdhere@zomato.com,173793,0.0,53734,0.0
Sep-2026,Ahmedabad,20318917,almash.kholiyawala@zomato.com,street food,akshata.dhamdhere@zomato.com,199847,210029.768,65304,59906.1604180749
Sep-2026,Ahmedabad,20352102,almash.kholiyawala@zomato.com,north indian,akshata.dhamdhere@zomato.com,174932,183803.96,30041,30038.599414412907
Sep-2026,Ahmedabad,20394504,almash.kholiyawala@zomato.com,north indian,akshata.dhamdhere@zomato.com,49837,30109.244000000002,16566,9788.02287776969
Sep-2026,Ahmedabad,20422255,almash.kholiyawala@zomato.com,north indian,akshata.dhamdhere@zomato.com,185975,164196.23200000002,46060,40004.81415802214
Sep-2026,Ahmedabad,20489199,almash.kholiyawala@zomato.com,"wraps, rolls and sandwiches",akshata.dhamdhere@zomato.com,42152,47532.231,13120,11017.681945572136
Sep-2026,Ahmedabad,20500070,almash.kholiyawala@zomato.com,street food,akshata.dhamdhere@zomato.com,133888,92680.372,31428,21162.594797598067
Sep-2026,Ahmedabad,20501867,almash.kholiyawala@zomato.com,international,akshata.dhamdhere@zomato.com,214040,206267.241,36022,32643.751775777935
Sep-2026,Ahmedabad,20509845,almash.kholiyawala@zomato.com,street food,akshata.dhamdhere@zomato.com,219649,153991.31299999997,70162,46301.59996711374
Sep-2026,Ahmedabad,20512203,almash.kholiyawala@zomato.com,street food,akshata.dhamdhere@zomato.com,62624,55436.384,17100,12449.03833062404
Sep-2026,Ahmedabad,20524170,almash.kholiyawala@zomato.com,north indian,akshata.dhamdhere@zomato.com,160173,219294.588,42851,61803.80379701623
Sep-2026,Ahmedabad,20533943,almash.kholiyawala@zomato.com,north indian,akshata.dhamdhere@zomato.com,208761,217530.859,59263,71127.44048193148
Sep-2026,Ahmedabad,20602949,almash.kholiyawala@zomato.com,north indian,akshata.dhamdhere@zomato.com,17638,311.582,2917,61.516222498190054
Sep-2026,Ahmedabad,20623851,almash.kholiyawala@zomato.com,north indian,akshata.dhamdhere@zomato.com,28958,91117.79000000002,4421,30592.30584448931
Sep-2026,Ahmedabad,20627511,almash.kholiyawala@zomato.com,chinese,akshata.dhamdhere@zomato.com,268691,254932.96600000004,81120,58270.037128563556
Sep-2026,Ahmedabad,20640935,almash.kholiyawala@zomato.com,street food,akshata.dhamdhere@zomato.com,125246,85749.39800000002,43299,24939.822318513754
Sep-2026,Ahmedabad,20643313,almash.kholiyawala@zomato.com,north indian,akshata.dhamdhere@zomato.com,43643,23099.816,4356,4185.146259787447
Sep-2026,Ahmedabad,20745826,almash.kholiyawala@zomato.com,street food,akshata.dhamdhere@zomato.com,167508,104946.54499999998,36312,26342.25827743182
Sep-2026,Ahmedabad,20765595,almash.kholiyawala@zomato.com,burger,akshata.dhamdhere@zomato.com,43071,32580.75,5848,2256.77063899058
Sep-2026,Ahmedabad,20784133,almash.kholiyawala@zomato.com,north indian,akshata.dhamdhere@zomato.com,94585,81979.799,30210,25701.723129797465
Sep-2026,Ahmedabad,20796287,almash.kholiyawala@zomato.com,street food,akshata.dhamdhere@zomato.com,241953,269836.39900000003,57137,45630.953182983976
Sep-2026,Ahmedabad,20799676,almash.kholiyawala@zomato.com,street food,akshata.dhamdhere@zomato.com,51029,48253.85799999999,8254,6830.082112729607
Sep-2026,Ahmedabad,20802740,almash.kholiyawala@zomato.com,north indian,akshata.dhamdhere@zomato.com,599783,663080.5729999997,173176,206122.02022735158
Sep-2026,Ahmedabad,20808219,almash.kholiyawala@zomato.com,north indian,akshata.dhamdhere@zomato.com,68724,26490.070999999996,15353,6236.358459586532
Sep-2026,Ahmedabad,20812228,almash.kholiyawala@zomato.com,street food,akshata.dhamdhere@zomato.com,142767,138116.375,25844,25487.868040187175
Sep-2026,Ahmedabad,20822995,almash.kholiyawala@zomato.com,biryani,akshata.dhamdhere@zomato.com,7267,11173.579999999998,960,1725.6596847776405
Sep-2026,Ahmedabad,20832213,almash.kholiyawala@zomato.com,ice cream,akshata.dhamdhere@zomato.com,89362,68914.31400000001,25340,16968.195076223143
Sep-2026,Ahmedabad,20845222,almash.kholiyawala@zomato.com,north indian,akshata.dhamdhere@zomato.com,33469,33399.378,7175,6474.801126722779
Sep-2026,Ahmedabad,20854111,almash.kholiyawala@zomato.com,street food,akshata.dhamdhere@zomato.com,71754,65493.23599999999,17445,15418.958507075431
Sep-2026,Ahmedabad,20858023,almash.kholiyawala@zomato.com,burger,akshata.dhamdhere@zomato.com,65633,42241.069,13431,9471.904288195243
Sep-2026,Ahmedabad,20861393,almash.kholiyawala@zomato.com,international,akshata.dhamdhere@zomato.com,272101,277343.58999999997,47532,44807.099812529144
Sep-2026,Ahmedabad,20874264,almash.kholiyawala@zomato.com,street food,akshata.dhamdhere@zomato.com,299804,249246.842,53027,44574.70835156177
Sep-2026,Ahmedabad,20897947,almash.kholiyawala@zomato.com,ice cream,akshata.dhamdhere@zomato.com,4775,11440.737,972,2645.722224269936
Sep-2026,Ahmedabad,20921579,almash.kholiyawala@zomato.com,biryani,akshata.dhamdhere@zomato.com,1398,1946.468,118,268.83193643090794
Sep-2026,Ahmedabad,20954567,almash.kholiyawala@zomato.com,street food,akshata.dhamdhere@zomato.com,40897,43464.955,6750,8122.60789247701
Sep-2026,Ahmedabad,20965230,almash.kholiyawala@zomato.com,north indian,akshata.dhamdhere@zomato.com,271156,267181.716,61152,46470.31709889828
Sep-2026,Ahmedabad,20987986,almash.kholiyawala@zomato.com,north indian,akshata.dhamdhere@zomato.com,200572,136365.626,66781,44222.225007800385
Sep-2026,Ahmedabad,21009665,almash.kholiyawala@zomato.com,south indian,akshata.dhamdhere@zomato.com,196910,75413.706,45909,21261.303275505357
Sep-2026,Ahmedabad,21028980,almash.kholiyawala@zomato.com,street food,akshata.dhamdhere@zomato.com,24552,15507.241,6434,4745.581343334844
Sep-2026,Ahmedabad,21031543,almash.kholiyawala@zomato.com,street food,akshata.dhamdhere@zomato.com,177066,113559.54000000002,55750,34016.9856016228
Sep-2026,Ahmedabad,21050510,almash.kholiyawala@zomato.com,north indian,akshata.dhamdhere@zomato.com,110460,98385.103,43806,35965.24701615062
Sep-2026,Ahmedabad,21062226,almash.kholiyawala@zomato.com,north indian,akshata.dhamdhere@zomato.com,77775,48715.228,20011,9726.442575931695
Sep-2026,Ahmedabad,21074210,almash.kholiyawala@zomato.com,pizza,akshata.dhamdhere@zomato.com,91839,41800.124,19317,17253.28579715539
Sep-2026,Ahmedabad,21083837,almash.kholiyawala@zomato.com,street food,akshata.dhamdhere@zomato.com,18103,18561.758,2497,1189.2414152071478
Sep-2026,Ahmedabad,21111886,almash.kholiyawala@zomato.com,burger,akshata.dhamdhere@zomato.com,41144,28253.168,9501,3938.172308407182
Sep-2026,Ahmedabad,21123676,almash.kholiyawala@zomato.com,burger,akshata.dhamdhere@zomato.com,57405,41007.06,12261,7211.423358128614
Sep-2026,Ahmedabad,21133693,almash.kholiyawala@zomato.com,north indian,akshata.dhamdhere@zomato.com,1169,0.0,238,0.0
Sep-2026,Ahmedabad,21145966,almash.kholiyawala@zomato.com,pizza,akshata.dhamdhere@zomato.com,4824,3584.014,656,658.4148637945203
Sep-2026,Ahmedabad,21170022,almash.kholiyawala@zomato.com,north indian,akshata.dhamdhere@zomato.com,197040,190011.743,54667,38633.531592009276
Sep-2026,Ahmedabad,21172682,almash.kholiyawala@zomato.com,biryani,akshata.dhamdhere@zomato.com,21274,11712.456000000002,8360,672.2171178293739
Sep-2026,Ahmedabad,21176294,almash.kholiyawala@zomato.com,north indian,akshata.dhamdhere@zomato.com,175683,203760.946,37762,48677.95251063991
Sep-2026,Ahmedabad,21205419,almash.kholiyawala@zomato.com,north indian,akshata.dhamdhere@zomato.com,15405,8513.383999999998,2892,1122.4552745995934
Sep-2026,Ahmedabad,21221891,almash.kholiyawala@zomato.com,north indian,akshata.dhamdhere@zomato.com,76311,42430.29000000001,34465,23545.13788323306
Sep-2026,Ahmedabad,21229709,almash.kholiyawala@zomato.com,south indian,akshata.dhamdhere@zomato.com,253991,236574.897,55937,58483.57643116084
Sep-2026,Ahmedabad,21232782,almash.kholiyawala@zomato.com,burger,akshata.dhamdhere@zomato.com,74849,35812.05100000001,18244,13478.304268729373
Sep-2026,Ahmedabad,21233608,almash.kholiyawala@zomato.com,street food,akshata.dhamdhere@zomato.com,94192,42706.8,13384,5404.737261966729
Sep-2026,Ahmedabad,21243793,almash.kholiyawala@zomato.com,north indian,akshata.dhamdhere@zomato.com,135081,55774.191000000006,53347,10613.038878398485
Sep-2026,Ahmedabad,21252232,almash.kholiyawala@zomato.com,ice cream,akshata.dhamdhere@zomato.com,26211,20597.670000000002,5531,8046.722247482456
Sep-2026,Ahmedabad,21269954,almash.kholiyawala@zomato.com,biryani,akshata.dhamdhere@zomato.com,89753,107795.58299999998,21700,31205.65996940835
Sep-2026,Ahmedabad,21272355,almash.kholiyawala@zomato.com,beverages,akshata.dhamdhere@zomato.com,58267,45653.528000000006,9621,7552.299781979939
Sep-2026,Ahmedabad,21298133,almash.kholiyawala@zomato.com,north indian,akshata.dhamdhere@zomato.com,225584,115726.187,62244,40652.27049599633
Sep-2026,Ahmedabad,21309216,almash.kholiyawala@zomato.com,street food,akshata.dhamdhere@zomato.com,27399,29397.992000000002,3675,2038.1796903520183
Sep-2026,Ahmedabad,21324559,almash.kholiyawala@zomato.com,burger,akshata.dhamdhere@zomato.com,102637,108290.54400000001,20608,16031.598318808092
Sep-2026,Ahmedabad,21329004,almash.kholiyawala@zomato.com,street food,akshata.dhamdhere@zomato.com,28888,34366.077999999994,4607,7441.176951302707
Sep-2026,Ahmedabad,21340661,almash.kholiyawala@zomato.com,north indian,akshata.dhamdhere@zomato.com,293771,259680.135,88602,90377.11050910676
Sep-2026,Ahmedabad,21353438,almash.kholiyawala@zomato.com,north indian,akshata.dhamdhere@zomato.com,192135,116956.79699999999,62994,38295.662936554596
Sep-2026,Ahmedabad,21355119,almash.kholiyawala@zomato.com,street food,akshata.dhamdhere@zomato.com,0,30194.488999999998,0,5174.874651689327
Sep-2026,Ahmedabad,21363652,almash.kholiyawala@zomato.com,north indian,akshata.dhamdhere@zomato.com,311219,252086.39299999998,73871,69622.3682485075
Sep-2026,Ahmedabad,21395832,almash.kholiyawala@zomato.com,biryani,akshata.dhamdhere@zomato.com,6581,2113.2079999999996,1269,133.50992231415935
Sep-2026,Ahmedabad,21435628,almash.kholiyawala@zomato.com,na,akshata.dhamdhere@zomato.com,129136,0.0,45044,0.0
Sep-2026,Ahmedabad,21446535,almash.kholiyawala@zomato.com,ice cream,akshata.dhamdhere@zomato.com,8318,20429.23,1650,5821.351761072752
Sep-2026,Ahmedabad,21451610,almash.kholiyawala@zomato.com,ice cream,akshata.dhamdhere@zomato.com,52288,39510.63500000001,11387,14535.942477508293
Sep-2026,Ahmedabad,21451739,almash.kholiyawala@zomato.com,ice cream,akshata.dhamdhere@zomato.com,12440,17547.326,2381,10044.036492853193
Sep-2026,Ahmedabad,21487082,almash.kholiyawala@zomato.com,ice cream,akshata.dhamdhere@zomato.com,1848,1306.688,339,341.50197169675954
Sep-2026,Ahmedabad,21487171,almash.kholiyawala@zomato.com,pizza,akshata.dhamdhere@zomato.com,108690,61602.068,26856,15751.996700312511
Sep-2026,Ahmedabad,21516747,almash.kholiyawala@zomato.com,north indian,akshata.dhamdhere@zomato.com,108045,77526.72200000001,34308,27485.84596406199
Sep-2026,Ahmedabad,21531544,almash.kholiyawala@zomato.com,north indian,akshata.dhamdhere@zomato.com,169290,143279.23200000002,46540,52273.90362740053
Sep-2026,Ahmedabad,21580571,almash.kholiyawala@zomato.com,chinese,akshata.dhamdhere@zomato.com,21191,60423.946,4979,11827.889653626105
Sep-2026,Ahmedabad,21658865,almash.kholiyawala@zomato.com,north indian,akshata.dhamdhere@zomato.com,112813,77170.197,28928,20091.552548437357
Sep-2026,Ahmedabad,21669238,almash.kholiyawala@zomato.com,north indian,akshata.dhamdhere@zomato.com,157959,159299.96300000002,32671,49757.21308757597
Sep-2026,Ahmedabad,21683365,almash.kholiyawala@zomato.com,north indian,akshata.dhamdhere@zomato.com,115888,86143.046,22963,16622.737650078376
Sep-2026,Ahmedabad,21719188,almash.kholiyawala@zomato.com,north indian,akshata.dhamdhere@zomato.com,10292,93205.725,3396,33631.85303444091
Sep-2026,Ahmedabad,21762955,almash.kholiyawala@zomato.com,street food,akshata.dhamdhere@zomato.com,239526,112085.83800000002,66632,45438.64002386564
Sep-2026,Ahmedabad,21800302,almash.kholiyawala@zomato.com,north indian,akshata.dhamdhere@zomato.com,69659,53689.024000000005,15485,20626.042592630252
Sep-2026,Ahmedabad,21824853,almash.kholiyawala@zomato.com,biryani,akshata.dhamdhere@zomato.com,91397,60378.83000000001,25276,18921.610271640697
Sep-2026,Ahmedabad,21833471,almash.kholiyawala@zomato.com,north indian,akshata.dhamdhere@zomato.com,443226,246830.68199999997,150359,90613.39908884457
Sep-2026,Ahmedabad,21962911,almash.kholiyawala@zomato.com,street food,akshata.dhamdhere@zomato.com,202082,199816.90699999998,62351,64923.953317191794
Sep-2026,Ahmedabad,22020530,almash.kholiyawala@zomato.com,north indian,akshata.dhamdhere@zomato.com,139778,124366.45999999999,51834,49469.74674685431
Sep-2026,Ahmedabad,22036456,almash.kholiyawala@zomato.com,street food,akshata.dhamdhere@zomato.com,162166,67736.052,57993,31105.74724273138
Sep-2026,Ahmedabad,22099101,almash.kholiyawala@zomato.com,na,akshata.dhamdhere@zomato.com,322,0.0,55,0.0
Sep-2026,Ahmedabad,22153651,almash.kholiyawala@zomato.com,biryani,akshata.dhamdhere@zomato.com,247827,43827.06999999999,50385,12285.436279807473
Sep-2026,Ahmedabad,22184365,almash.kholiyawala@zomato.com,north indian,akshata.dhamdhere@zomato.com,618430,218212.187,185940,39787.17600630918
Sep-2026,Ahmedabad,22209182,almash.kholiyawala@zomato.com,street food,akshata.dhamdhere@zomato.com,9774,63242.403,1469,18950.567418646708
Sep-2026,Ahmedabad,22219741,almash.kholiyawala@zomato.com,street food,akshata.dhamdhere@zomato.com,2041074,845633.914,532995,243520.5891807144
Sep-2026,Ahmedabad,22259414,almash.kholiyawala@zomato.com,south indian,akshata.dhamdhere@zomato.com,400637,178721.88700000002,123335,51344.77540097194
Sep-2026,Ahmedabad,22323387,almash.kholiyawala@zomato.com,street food,akshata.dhamdhere@zomato.com,294651,134088.01699999996,88985,42997.505203925866
Sep-2026,Ahmedabad,22336516,almash.kholiyawala@zomato.com,north indian,akshata.dhamdhere@zomato.com,164684,21794.517999999996,54067,12260.572170801795
Sep-2026,Ahmedabad,22518568,almash.kholiyawala@zomato.com,north indian,akshata.dhamdhere@zomato.com,264122,8717.72,85568,2166.529300379594
Sep-2026,Ahmedabad,22624435,almash.kholiyawala@zomato.com,street food,akshata.dhamdhere@zomato.com,277208,125745.33200000001,78612,39802.366882252136
Sep-2026,Ahmedabad,22652885,almash.kholiyawala@zomato.com,street food,akshata.dhamdhere@zomato.com,62186,142650.342,2446,29749.902297204775
Sep-2026,Ahmedabad,22665618,almash.kholiyawala@zomato.com,street food,akshata.dhamdhere@zomato.com,31761,81651.23,329,22292.103958730695
Sep-2026,Ahmedabad,22689887,almash.kholiyawala@zomato.com,street food,akshata.dhamdhere@zomato.com,62168,145208.58199999997,-790,44349.983470242376
Sep-2026,Ahmedabad,22718306,almash.kholiyawala@zomato.com,chinese,akshata.dhamdhere@zomato.com,0,1041.332,0,0.041600780167325366
Sep-2026,Ahmedabad,22773487,almash.kholiyawala@zomato.com,burger,akshata.dhamdhere@zomato.com,0,35758.10800000001,0,8334.734977705957
Sep-2026,Ahmedabad,110597,devam.bhagat@zomato.com,mithai,akshata.dhamdhere@zomato.com,107146,52585.9,27381,7393.998775318939
Sep-2026,Ahmedabad,110601,devam.bhagat@zomato.com,street food,akshata.dhamdhere@zomato.com,38329,47021.53399999999,6043,10280.502219034655
Sep-2026,Ahmedabad,110641,devam.bhagat@zomato.com,north indian,akshata.dhamdhere@zomato.com,17814,19615.746,2541,9342.08918138169
Sep-2026,Ahmedabad,110672,devam.bhagat@zomato.com,north indian,akshata.dhamdhere@zomato.com,64591,115152.6,12706,36013.70551428751
Sep-2026,Ahmedabad,110777,devam.bhagat@zomato.com,north indian,akshata.dhamdhere@zomato.com,14402,128919.97399999999,2299,25947.221079094845
Sep-2026,Ahmedabad,111318,devam.bhagat@zomato.com,north indian,akshata.dhamdhere@zomato.com,116041,5204.006000000001,35158,1158.8844927656878
Sep-2026,Ahmedabad,111345,devam.bhagat@zomato.com,street food,akshata.dhamdhere@zomato.com,165258,159310.70700000002,50571,40752.95086682982
Sep-2026,Ahmedabad,111571,devam.bhagat@zomato.com,mithai,akshata.dhamdhere@zomato.com,56256,45654.594999999994,10514,20860.785581367487
Sep-2026,Ahmedabad,111712,devam.bhagat@zomato.com,north indian,akshata.dhamdhere@zomato.com,42439,40528.592,6962,13142.93976528449
Sep-2026,Ahmedabad,113002,devam.bhagat@zomato.com,"wraps, rolls and sandwiches",akshata.dhamdhere@zomato.com,131204,109198.39600000002,45649,34037.57140024759
Sep-2026,Ahmedabad,113249,devam.bhagat@zomato.com,north indian,akshata.dhamdhere@zomato.com,19995,6416.392,12433,1203.0986152531839
Sep-2026,Ahmedabad,113763,devam.bhagat@zomato.com,north indian,akshata.dhamdhere@zomato.com,26134,24272.753,3824,3309.27967547963
Sep-2026,Ahmedabad,18299254,devam.bhagat@zomato.com,pizza,akshata.dhamdhere@zomato.com,6821,1350.0569999999998,470,-67.38571438273925
Sep-2026,Ahmedabad,18462651,devam.bhagat@zomato.com,"wraps, rolls and sandwiches",akshata.dhamdhere@zomato.com,115179,105028.73800000001,29788,22729.01938318562
Sep-2026,Ahmedabad,18571462,devam.bhagat@zomato.com,street food,akshata.dhamdhere@zomato.com,68235,51531.83800000001,10226,3622.9744359900337
Sep-2026,Ahmedabad,18640009,devam.bhagat@zomato.com,pizza,akshata.dhamdhere@zomato.com,8886,11134.566,1618,1847.9427175114824
Sep-2026,Ahmedabad,18752798,devam.bhagat@zomato.com,north indian,akshata.dhamdhere@zomato.com,57070,39574.608,10231,6856.9640587187905
Sep-2026,Ahmedabad,18755826,devam.bhagat@zomato.com,"wraps, rolls and sandwiches",akshata.dhamdhere@zomato.com,20067,15914.838,2681,2156.4324102525566
Sep-2026,Ahmedabad,18931673,devam.bhagat@zomato.com,north indian,akshata.dhamdhere@zomato.com,4178,19415.760000000002,1605,5772.733283082516
Sep-2026,Ahmedabad,18964064,devam.bhagat@zomato.com,burger,akshata.dhamdhere@zomato.com,32143,41700.226,6598,11714.707326124091
Sep-2026,Ahmedabad,19139586,devam.bhagat@zomato.com,biryani,akshata.dhamdhere@zomato.com,21287,24660.411000000004,4678,6227.962394808855
Sep-2026,Ahmedabad,19146531,devam.bhagat@zomato.com,"wraps, rolls and sandwiches",akshata.dhamdhere@zomato.com,18952,21573.836000000003,3334,3584.9488921036555
Sep-2026,Ahmedabad,19150474,devam.bhagat@zomato.com,mithai,akshata.dhamdhere@zomato.com,17219,35304.314999999995,3550,4415.995307913835
Sep-2026,Ahmedabad,19166381,devam.bhagat@zomato.com,"wraps, rolls and sandwiches",akshata.dhamdhere@zomato.com,41978,10520.802,12374,405.4495051230664
Sep-2026,Ahmedabad,19181079,devam.bhagat@zomato.com,biryani,akshata.dhamdhere@zomato.com,30061,43682.933999999994,7213,10513.956361394617
Sep-2026,Ahmedabad,19201455,devam.bhagat@zomato.com,street food,akshata.dhamdhere@zomato.com,11738,10902.108000000002,2596,2405.8703097913635
Sep-2026,Ahmedabad,19239756,devam.bhagat@zomato.com,biryani,akshata.dhamdhere@zomato.com,6974,11691.33,1702,2589.7886607710843
Sep-2026,Ahmedabad,19261111,devam.bhagat@zomato.com,south indian,akshata.dhamdhere@zomato.com,21286,51993.215000000004,3597,35.828243519985335
Sep-2026,Ahmedabad,19261491,devam.bhagat@zomato.com,street food,akshata.dhamdhere@zomato.com,8365,28893.546000000002,1112,8026.454374581753
Sep-2026,Ahmedabad,19305878,devam.bhagat@zomato.com,biryani,akshata.dhamdhere@zomato.com,57808,31006.138,16830,7025.206695974853
Sep-2026,Ahmedabad,19339459,devam.bhagat@zomato.com,north indian,akshata.dhamdhere@zomato.com,0,114314.63999999998,0,30094.54127739811
Sep-2026,Ahmedabad,19344127,devam.bhagat@zomato.com,biryani,akshata.dhamdhere@zomato.com,24340,58964.846,5355,18515.944830303928
Sep-2026,Ahmedabad,19349120,devam.bhagat@zomato.com,north indian,akshata.dhamdhere@zomato.com,3605,1768.734,676,292.2663616253203
Sep-2026,Ahmedabad,19465661,devam.bhagat@zomato.com,pizza,akshata.dhamdhere@zomato.com,5663,1719.902,2644,1280.340446234145
Sep-2026,Ahmedabad,19488416,devam.bhagat@zomato.com,north indian,akshata.dhamdhere@zomato.com,96312,92499.72,35617,27369.83325191104
Sep-2026,Ahmedabad,19492098,devam.bhagat@zomato.com,north indian,akshata.dhamdhere@zomato.com,60807,47838.876000000004,11522,10408.26882885402
Sep-2026,Ahmedabad,19584851,devam.bhagat@zomato.com,biryani,akshata.dhamdhere@zomato.com,53331,24439.983999999997,13610,5306.673259218561
Sep-2026,Ahmedabad,19632532,devam.bhagat@zomato.com,north indian,akshata.dhamdhere@zomato.com,28378,79494.17,5416,20679.97728100085
Sep-2026,Ahmedabad,19661918,devam.bhagat@zomato.com,street food,akshata.dhamdhere@zomato.com,77248,113710.23199999999,14544,24890.031285255205
Sep-2026,Ahmedabad,19734552,devam.bhagat@zomato.com,street food,akshata.dhamdhere@zomato.com,11992,0.0,7653,0.0
Sep-2026,Ahmedabad,19757102,devam.bhagat@zomato.com,north indian,akshata.dhamdhere@zomato.com,2626,11028.732000000002,604,118.49513735908101
Sep-2026,Ahmedabad,19775457,devam.bhagat@zomato.com,na,akshata.dhamdhere@zomato.com,36502,0.0,13308,0.0
Sep-2026,Ahmedabad,19786726,devam.bhagat@zomato.com,street food,akshata.dhamdhere@zomato.com,7873,5274.724,1599,870.8870036455828
Sep-2026,Ahmedabad,19834180,devam.bhagat@zomato.com,street food,akshata.dhamdhere@zomato.com,29965,12366.964,6451,2265.129358796077
Sep-2026,Ahmedabad,19834877,devam.bhagat@zomato.com,biryani,akshata.dhamdhere@zomato.com,15527,40252.518,4978,13515.907982105327
Sep-2026,Ahmedabad,19852897,devam.bhagat@zomato.com,street food,akshata.dhamdhere@zomato.com,81342,0.0,22457,0.0
Sep-2026,Ahmedabad,19907841,devam.bhagat@zomato.com,biryani,akshata.dhamdhere@zomato.com,50969,27026.229999999996,15737,7965.9077477256105
Sep-2026,Ahmedabad,19940876,devam.bhagat@zomato.com,north indian,akshata.dhamdhere@zomato.com,57332,44060.801999999996,18448,18399.91835986091
Sep-2026,Ahmedabad,19942259,devam.bhagat@zomato.com,na,akshata.dhamdhere@zomato.com,2332,0.0,180,0.0
Sep-2026,Ahmedabad,19991070,devam.bhagat@zomato.com,biryani,akshata.dhamdhere@zomato.com,25371,1675.9699999999998,8655,735.0702008945941
Sep-2026,Ahmedabad,20023039,devam.bhagat@zomato.com,street food,akshata.dhamdhere@zomato.com,17097,11239.007999999998,5591,2460.4988436818157
Sep-2026,Ahmedabad,20024386,devam.bhagat@zomato.com,north indian,akshata.dhamdhere@zomato.com,30578,51700.33600000001,6114,3205.8312051652024
Sep-2026,Ahmedabad,20076924,devam.bhagat@zomato.com,international,akshata.dhamdhere@zomato.com,22691,32759.489999999998,4096,1297.6790346360463
Sep-2026,Ahmedabad,20093694,devam.bhagat@zomato.com,na,akshata.dhamdhere@zomato.com,7644,0.0,2605,0.0
Sep-2026,Ahmedabad,20123093,devam.bhagat@zomato.com,street food,akshata.dhamdhere@zomato.com,8988,6755.52,3204,1396.1403021448423
Sep-2026,Ahmedabad,20142046,devam.bhagat@zomato.com,na,akshata.dhamdhere@zomato.com,982,0.0,99,0.0
Sep-2026,Ahmedabad,20147912,devam.bhagat@zomato.com,street food,akshata.dhamdhere@zomato.com,18549,15219.32,2287,668.3180359140181
Sep-2026,Ahmedabad,20173160,devam.bhagat@zomato.com,chinese,akshata.dhamdhere@zomato.com,34707,22165.134000000002,10363,3885.9783530985455
Sep-2026,Ahmedabad,20177134,devam.bhagat@zomato.com,street food,akshata.dhamdhere@zomato.com,23454,1091.364,9836,465.74029155309483
Sep-2026,Ahmedabad,20186666,devam.bhagat@zomato.com,north indian,akshata.dhamdhere@zomato.com,90435,26624.036000000004,15650,-1432.7294426048534
Sep-2026,Ahmedabad,20216342,devam.bhagat@zomato.com,chinese,akshata.dhamdhere@zomato.com,131393,128122.293,36155,35501.63746955062
Sep-2026,Ahmedabad,20229843,devam.bhagat@zomato.com,north indian,akshata.dhamdhere@zomato.com,0,64202.96200000001,0,20000.764150908602
Sep-2026,Ahmedabad,20233331,devam.bhagat@zomato.com,chinese,akshata.dhamdhere@zomato.com,3685,999.7299999999999,-60,238.59353511116788
Sep-2026,Ahmedabad,20240523,devam.bhagat@zomato.com,north indian,akshata.dhamdhere@zomato.com,40859,71347.091,9821,16851.51551465095
Sep-2026,Ahmedabad,20275762,devam.bhagat@zomato.com,north indian,akshata.dhamdhere@zomato.com,6255,17128.216,876,0.49112002695932233
Sep-2026,Ahmedabad,20286132,devam.bhagat@zomato.com,north indian,akshata.dhamdhere@zomato.com,4327,23393.946999999996,2016,4808.092436598817
Sep-2026,Ahmedabad,20288938,devam.bhagat@zomato.com,north indian,akshata.dhamdhere@zomato.com,91713,88107.17500000002,20946,19552.351711531013
Sep-2026,Ahmedabad,20404169,devam.bhagat@zomato.com,north indian,akshata.dhamdhere@zomato.com,86961,151518.609,26646,49462.42359852378
Sep-2026,Ahmedabad,20414774,devam.bhagat@zomato.com,street food,akshata.dhamdhere@zomato.com,69246,68979.04000000001,17745,15902.879872900488
Sep-2026,Ahmedabad,20419728,devam.bhagat@zomato.com,north indian,akshata.dhamdhere@zomato.com,103231,82893.41600000001,27380,20762.871706175636
Sep-2026,Ahmedabad,20450434,devam.bhagat@zomato.com,cakes,akshata.dhamdhere@zomato.com,26107,23884.813000000002,6240,5528.443592020906
Sep-2026,Ahmedabad,20462372,devam.bhagat@zomato.com,na,akshata.dhamdhere@zomato.com,15386,0.0,6970,0.0
Sep-2026,Ahmedabad,20525816,devam.bhagat@zomato.com,street food,akshata.dhamdhere@zomato.com,44800,32393.932000000004,10156,6806.138835025738
Sep-2026,Ahmedabad,20563579,devam.bhagat@zomato.com,burger,akshata.dhamdhere@zomato.com,21754,6152.627,3334,1209.8382086219608
Sep-2026,Ahmedabad,20565806,devam.bhagat@zomato.com,north indian,akshata.dhamdhere@zomato.com,36249,30310.052,6209,7713.77991625336
Sep-2026,Ahmedabad,20573288,devam.bhagat@zomato.com,street food,akshata.dhamdhere@zomato.com,18022,13370.592,6958,2772.0612750819796
Sep-2026,Ahmedabad,20601204,devam.bhagat@zomato.com,chinese,akshata.dhamdhere@zomato.com,20386,24194.618000000002,-1241,4268.512363004047
Sep-2026,Ahmedabad,20609629,devam.bhagat@zomato.com,na,akshata.dhamdhere@zomato.com,985,0.0,149,0.0
Sep-2026,Ahmedabad,20612340,devam.bhagat@zomato.com,street food,akshata.dhamdhere@zomato.com,50793,40773.532,21452,14934.66314349094
Sep-2026,Ahmedabad,20621029,devam.bhagat@zomato.com,international,akshata.dhamdhere@zomato.com,0,20966.801999999996,0,8018.05096180777
Sep-2026,Ahmedabad,20669513,devam.bhagat@zomato.com,north indian,akshata.dhamdhere@zomato.com,6511,4397.634,625,166.2436894395855
Sep-2026,Ahmedabad,20674035,devam.bhagat@zomato.com,pizza,akshata.dhamdhere@zomato.com,44008,29442.208,16448,13724.06737831216
Sep-2026,Ahmedabad,20707717,devam.bhagat@zomato.com,pizza,akshata.dhamdhere@zomato.com,93226,167464.763,25880,62868.941040120466
Sep-2026,Ahmedabad,20719945,devam.bhagat@zomato.com,south indian,akshata.dhamdhere@zomato.com,20981,30688.914000000004,6660,6827.986305409692
Sep-2026,Ahmedabad,20726063,devam.bhagat@zomato.com,north indian,akshata.dhamdhere@zomato.com,81519,41030.657999999996,24830,13757.941373739764
Sep-2026,Ahmedabad,20726977,devam.bhagat@zomato.com,street food,akshata.dhamdhere@zomato.com,14735,25226.574999999997,1436,5460.882241146073
Sep-2026,Ahmedabad,20753583,devam.bhagat@zomato.com,"wraps, rolls and sandwiches",akshata.dhamdhere@zomato.com,123304,97641.246,47557,32676.914384367938
Sep-2026,Ahmedabad,20771980,devam.bhagat@zomato.com,north indian,akshata.dhamdhere@zomato.com,13827,27962.277,3692,8260.809249420345
Sep-2026,Ahmedabad,20778258,devam.bhagat@zomato.com,north indian,akshata.dhamdhere@zomato.com,19165,19584.941,2827,4462.139729270668
Sep-2026,Ahmedabad,20801730,devam.bhagat@zomato.com,international,akshata.dhamdhere@zomato.com,78,1135.03,23,74.05238731202977
Sep-2026,Ahmedabad,20817439,devam.bhagat@zomato.com,north indian,akshata.dhamdhere@zomato.com,17001,22334.848000000005,2758,6340.044570203615
Sep-2026,Ahmedabad,20820038,devam.bhagat@zomato.com,north indian,akshata.dhamdhere@zomato.com,29641,51921.988,5935,8851.742087373663
Sep-2026,Ahmedabad,20824324,devam.bhagat@zomato.com,na,akshata.dhamdhere@zomato.com,34898,0.0,9906,0.0
Sep-2026,Ahmedabad,20843862,devam.bhagat@zomato.com,cakes,akshata.dhamdhere@zomato.com,36688,30531.228000000003,2574,3805.053596687794
Sep-2026,Ahmedabad,20856507,devam.bhagat@zomato.com,street food,akshata.dhamdhere@zomato.com,63205,47574.712,20615,16219.585404372412
Sep-2026,Ahmedabad,20865883,devam.bhagat@zomato.com,street food,akshata.dhamdhere@zomato.com,9435,48277.29200000001,1373,10870.661171202913
Sep-2026,Ahmedabad,20898318,devam.bhagat@zomato.com,biryani,akshata.dhamdhere@zomato.com,31954,32824.806,11251,14320.340689285591
Sep-2026,Ahmedabad,20903650,devam.bhagat@zomato.com,north indian,akshata.dhamdhere@zomato.com,32863,145417.813,5386,50551.555290822376
Sep-2026,Ahmedabad,20906143,devam.bhagat@zomato.com,north indian,akshata.dhamdhere@zomato.com,42711,55184.904,10192,12450.038356245163
Sep-2026,Ahmedabad,20918682,devam.bhagat@zomato.com,north indian,akshata.dhamdhere@zomato.com,2943,10059.606000000002,379,1450.490184297
Sep-2026,Ahmedabad,20926670,devam.bhagat@zomato.com,north indian,akshata.dhamdhere@zomato.com,42749,44205.086,7927,7680.4206963688475
Sep-2026,Ahmedabad,20945171,devam.bhagat@zomato.com,north indian,akshata.dhamdhere@zomato.com,11213,484.58,2655,0.10051996609440123
Sep-2026,Ahmedabad,20970354,devam.bhagat@zomato.com,biryani,akshata.dhamdhere@zomato.com,26957,48943.90400000001,8596,13747.801976852455
Sep-2026,Ahmedabad,20973283,devam.bhagat@zomato.com,biryani,akshata.dhamdhere@zomato.com,17964,5623.11,5240,3401.762471846746
Sep-2026,Ahmedabad,20979732,devam.bhagat@zomato.com,north indian,akshata.dhamdhere@zomato.com,43810,10636.238000000001,9787,-88.81015661636593
Sep-2026,Ahmedabad,20985962,devam.bhagat@zomato.com,north indian,akshata.dhamdhere@zomato.com,32415,12827.296,9903,1907.6737562683545
Sep-2026,Ahmedabad,20991494,devam.bhagat@zomato.com,north indian,akshata.dhamdhere@zomato.com,35476,26354.074999999997,10235,7608.21090692353
Sep-2026,Ahmedabad,21016944,devam.bhagat@zomato.com,north indian,akshata.dhamdhere@zomato.com,26229,21719.456,5825,5096.628697233083
Sep-2026,Ahmedabad,21020580,devam.bhagat@zomato.com,cakes,akshata.dhamdhere@zomato.com,15364,3170.094,4265,857.0485211716104
Sep-2026,Ahmedabad,21034565,devam.bhagat@zomato.com,biryani,akshata.dhamdhere@zomato.com,77175,33731.589,24969,8819.981881138205
Sep-2026,Ahmedabad,21057559,devam.bhagat@zomato.com,north indian,akshata.dhamdhere@zomato.com,178726,198202.52300000002,75504,76635.29542181856
Sep-2026,Ahmedabad,21090597,devam.bhagat@zomato.com,pizza,akshata.dhamdhere@zomato.com,177543,23100.295000000002,64239,6851.5075956621995
Sep-2026,Ahmedabad,21093485,devam.bhagat@zomato.com,north indian,akshata.dhamdhere@zomato.com,106308,103564.73599999998,34400,24077.689954832447
Sep-2026,Ahmedabad,21094867,devam.bhagat@zomato.com,"wraps, rolls and sandwiches",akshata.dhamdhere@zomato.com,0,13287.709999999997,0,2766.220565952361
Sep-2026,Ahmedabad,21119081,devam.bhagat@zomato.com,street food,akshata.dhamdhere@zomato.com,18532,13752.028000000002,2890,1609.0396374849522
Sep-2026,Ahmedabad,21134509,devam.bhagat@zomato.com,chinese,akshata.dhamdhere@zomato.com,35716,81043.162,7532,17122.511476483385
Sep-2026,Ahmedabad,21147353,devam.bhagat@zomato.com,na,akshata.dhamdhere@zomato.com,11673,0.0,5280,0.0
Sep-2026,Ahmedabad,21181476,devam.bhagat@zomato.com,burger,akshata.dhamdhere@zomato.com,57019,52623.83200000001,12416,9827.474087433273
Sep-2026,Ahmedabad,21238934,devam.bhagat@zomato.com,burger,akshata.dhamdhere@zomato.com,4872,0.0,1184,0.0
Sep-2026,Ahmedabad,21245557,devam.bhagat@zomato.com,north indian,akshata.dhamdhere@zomato.com,9287,14521.297999999999,329,7411.2517541711695
Sep-2026,Ahmedabad,21271616,devam.bhagat@zomato.com,chinese,akshata.dhamdhere@zomato.com,12457,18046.767000000003,5081,4069.7986048168004
Sep-2026,Ahmedabad,21273757,devam.bhagat@zomato.com,na,akshata.dhamdhere@zomato.com,143079,0.0,50536,0.0
Sep-2026,Ahmedabad,21317880,devam.bhagat@zomato.com,desserts,akshata.dhamdhere@zomato.com,52340,74863.94200000001,17159,18965.695767384266
Sep-2026,Ahmedabad,21319078,devam.bhagat@zomato.com,north indian,akshata.dhamdhere@zomato.com,6866,54245.707,948,8006.65796871161
Sep-2026,Ahmedabad,21343489,devam.bhagat@zomato.com,street food,akshata.dhamdhere@zomato.com,33075,43500.45999999999,9766,12865.743902479544
Sep-2026,Ahmedabad,21354202,devam.bhagat@zomato.com,street food,akshata.dhamdhere@zomato.com,80,1045.8780000000002,21,-10.64526226684336
Sep-2026,Ahmedabad,21356910,devam.bhagat@zomato.com,na,akshata.dhamdhere@zomato.com,78709,0.0,24374,0.0
Sep-2026,Ahmedabad,21376460,devam.bhagat@zomato.com,pizza,akshata.dhamdhere@zomato.com,60631,54445.96000000001,15539,12324.50522498989
Sep-2026,Ahmedabad,21389912,devam.bhagat@zomato.com,na,akshata.dhamdhere@zomato.com,15163,0.0,8604,0.0
Sep-2026,Ahmedabad,21398142,devam.bhagat@zomato.com,burger,akshata.dhamdhere@zomato.com,143863,103261.77799999999,40640,25455.953532210948
Sep-2026,Ahmedabad,21401144,devam.bhagat@zomato.com,north indian,akshata.dhamdhere@zomato.com,37630,26165.646000000004,7744,3555.368433245589
Sep-2026,Ahmedabad,21419504,devam.bhagat@zomato.com,north indian,akshata.dhamdhere@zomato.com,39341,34198.742000000006,10724,6875.761703980286
Sep-2026,Ahmedabad,21428188,devam.bhagat@zomato.com,street food,akshata.dhamdhere@zomato.com,48576,31203.714,14334,10066.646801959236
Sep-2026,Ahmedabad,21430798,devam.bhagat@zomato.com,street food,akshata.dhamdhere@zomato.com,57824,38299.26,13104,13708.387466077116
Sep-2026,Ahmedabad,21463542,devam.bhagat@zomato.com,north indian,akshata.dhamdhere@zomato.com,169,1308.9720000000002,23,223.47892324991943
Sep-2026,Ahmedabad,21481735,devam.bhagat@zomato.com,north indian,akshata.dhamdhere@zomato.com,169474,71461.788,39218,24817.124889045474
Sep-2026,Ahmedabad,21494579,devam.bhagat@zomato.com,pizza,akshata.dhamdhere@zomato.com,1512,3843.4779999999996,363,1467.6461750852764
Sep-2026,Ahmedabad,21502781,devam.bhagat@zomato.com,pizza,akshata.dhamdhere@zomato.com,12680,27508.024000000005,3652,5376.295250508955
Sep-2026,Ahmedabad,21514035,devam.bhagat@zomato.com,"wraps, rolls and sandwiches",akshata.dhamdhere@zomato.com,2522,5972.354,762,1612.469742228525
Sep-2026,Ahmedabad,21517849,devam.bhagat@zomato.com,"wraps, rolls and sandwiches",akshata.dhamdhere@zomato.com,1200,370.88400000000007,682,-65.54744716955473
Sep-2026,Ahmedabad,21533561,devam.bhagat@zomato.com,north indian,akshata.dhamdhere@zomato.com,6223,8199.844000000001,1049,1030.5643875136734
Sep-2026,Ahmedabad,21533725,devam.bhagat@zomato.com,north indian,akshata.dhamdhere@zomato.com,80653,60452.732,20264,32522.44197595926
Sep-2026,Ahmedabad,21541823,devam.bhagat@zomato.com,pizza,akshata.dhamdhere@zomato.com,74168,82462.926,28726,30805.76469577149
Sep-2026,Ahmedabad,21544848,devam.bhagat@zomato.com,"wraps, rolls and sandwiches",akshata.dhamdhere@zomato.com,13071,7882.264,2440,1272.3524002469242
Sep-2026,Ahmedabad,21587876,devam.bhagat@zomato.com,north indian,akshata.dhamdhere@zomato.com,19966,19035.13,7075,6314.698468036409
Sep-2026,Ahmedabad,21589928,devam.bhagat@zomato.com,chinese,akshata.dhamdhere@zomato.com,95457,101874.452,25010,12080.017282047831
Sep-2026,Ahmedabad,21592333,devam.bhagat@zomato.com,north indian,akshata.dhamdhere@zomato.com,28571,2268.14,7346,360.24079521520855
Sep-2026,Ahmedabad,21593121,devam.bhagat@zomato.com,street food,akshata.dhamdhere@zomato.com,27767,0.0,8863,0.0
Sep-2026,Ahmedabad,21594589,devam.bhagat@zomato.com,south indian,akshata.dhamdhere@zomato.com,116430,136244.988,21486,39802.167456398616
Sep-2026,Ahmedabad,21596946,devam.bhagat@zomato.com,na,akshata.dhamdhere@zomato.com,6688,0.0,1206,0.0
Sep-2026,Ahmedabad,21598271,devam.bhagat@zomato.com,na,akshata.dhamdhere@zomato.com,1872,0.0,1017,0.0
Sep-2026,Ahmedabad,21600501,devam.bhagat@zomato.com,biryani,akshata.dhamdhere@zomato.com,13807,8428.592,1846,-179.084465647179
Sep-2026,Ahmedabad,21622363,devam.bhagat@zomato.com,pizza,akshata.dhamdhere@zomato.com,32164,9864.332000000002,10395,3550.377853806731
Sep-2026,Ahmedabad,21627959,devam.bhagat@zomato.com,street food,akshata.dhamdhere@zomato.com,4223,3324.7219999999998,376,63.31164456235031
Sep-2026,Ahmedabad,21645554,devam.bhagat@zomato.com,north indian,akshata.dhamdhere@zomato.com,88607,59553.604999999996,24393,18131.5371003087
Sep-2026,Ahmedabad,21648111,devam.bhagat@zomato.com,na,akshata.dhamdhere@zomato.com,21930,0.0,7318,0.0
Sep-2026,Ahmedabad,21657788,devam.bhagat@zomato.com,mithai,akshata.dhamdhere@zomato.com,15906,10685.495,1304,-75.78240405687583
Sep-2026,Ahmedabad,21659151,devam.bhagat@zomato.com,north indian,akshata.dhamdhere@zomato.com,29157,31195.405999999995,3990,7652.5103564849005
Sep-2026,Ahmedabad,21664770,devam.bhagat@zomato.com,"wraps, rolls and sandwiches",akshata.dhamdhere@zomato.com,65749,59668.781,28534,20650.21238528122
Sep-2026,Ahmedabad,21683634,devam.bhagat@zomato.com,desserts,akshata.dhamdhere@zomato.com,25870,30065.754,4473,4485.364624207795
Sep-2026,Ahmedabad,21693825,devam.bhagat@zomato.com,international,akshata.dhamdhere@zomato.com,9793,5003.443999999999,2124,516.8247479574405
Sep-2026,Ahmedabad,21709295,devam.bhagat@zomato.com,street food,akshata.dhamdhere@zomato.com,58463,74135.564,11541,23886.2303556754
Sep-2026,Ahmedabad,21731813,devam.bhagat@zomato.com,street food,akshata.dhamdhere@zomato.com,43592,21541.176,5657,3975.0600339871667
Sep-2026,Ahmedabad,21748265,devam.bhagat@zomato.com,north indian,akshata.dhamdhere@zomato.com,40981,76771.78199999999,10623,23687.31709896057
Sep-2026,Ahmedabad,21749805,devam.bhagat@zomato.com,north indian,akshata.dhamdhere@zomato.com,116836,48143.754,38725,8229.269884752677
Sep-2026,Ahmedabad,21751874,devam.bhagat@zomato.com,street food,akshata.dhamdhere@zomato.com,63632,57168.293,-8588,12415.97516804326
Sep-2026,Ahmedabad,21751902,devam.bhagat@zomato.com,street food,akshata.dhamdhere@zomato.com,48326,55250.74900000001,2000,12053.914308330179
Sep-2026,Ahmedabad,21751940,devam.bhagat@zomato.com,street food,akshata.dhamdhere@zomato.com,89199,87685.824,11251,24053.77557547678
Sep-2026,Ahmedabad,21751969,devam.bhagat@zomato.com,street food,akshata.dhamdhere@zomato.com,23554,20748.610999999997,-2871,4373.2316521542125
Sep-2026,Ahmedabad,21752056,devam.bhagat@zomato.com,street food,akshata.dhamdhere@zomato.com,0,38832.79,0,6261.166500031818
Sep-2026,Ahmedabad,21752080,devam.bhagat@zomato.com,street food,akshata.dhamdhere@zomato.com,49855,46522.971,-1261,10035.967806925099
Sep-2026,Ahmedabad,21752106,devam.bhagat@zomato.com,street food,akshata.dhamdhere@zomato.com,59365,36983.96200000001,-4827,7545.683993306298
Sep-2026,Ahmedabad,21768631,devam.bhagat@zomato.com,na,akshata.dhamdhere@zomato.com,41856,0.0,16309,0.0
Sep-2026,Ahmedabad,21775570,devam.bhagat@zomato.com,pizza,akshata.dhamdhere@zomato.com,8934,9409.482,5256,1987.9793251160565
Sep-2026,Ahmedabad,21794260,devam.bhagat@zomato.com,street food,akshata.dhamdhere@zomato.com,6532,32828.458,-574,-2521.758026777836
Sep-2026,Ahmedabad,21803300,devam.bhagat@zomato.com,north indian,akshata.dhamdhere@zomato.com,1974,6721.668000000001,239,4034.196271500625
Sep-2026,Ahmedabad,21813914,devam.bhagat@zomato.com,street food,akshata.dhamdhere@zomato.com,75008,75877.03700000001,26634,22488.00775835058
Sep-2026,Ahmedabad,21824955,devam.bhagat@zomato.com,north indian,akshata.dhamdhere@zomato.com,1986,1430.506,388,201.66550644129137
Sep-2026,Ahmedabad,21838350,devam.bhagat@zomato.com,north indian,akshata.dhamdhere@zomato.com,92198,63317.98,23979,10734.35007020776
Sep-2026,Ahmedabad,21868338,devam.bhagat@zomato.com,north indian,akshata.dhamdhere@zomato.com,20317,15066.138,2625,2823.0568634496967
Sep-2026,Ahmedabad,21877195,devam.bhagat@zomato.com,north indian,akshata.dhamdhere@zomato.com,144259,162106.91000000003,31542,41728.95584012441
Sep-2026,Ahmedabad,21885116,devam.bhagat@zomato.com,north indian,akshata.dhamdhere@zomato.com,24660,5184.308000000001,4652,862.2478277879924
Sep-2026,Ahmedabad,21909278,devam.bhagat@zomato.com,north indian,akshata.dhamdhere@zomato.com,86702,80150.62399999998,13866,11266.564458408491
Sep-2026,Ahmedabad,21924232,devam.bhagat@zomato.com,na,akshata.dhamdhere@zomato.com,19777,0.0,5922,0.0
Sep-2026,Ahmedabad,21924955,devam.bhagat@zomato.com,international,akshata.dhamdhere@zomato.com,52838,46642.238,14598,12849.98625827518
Sep-2026,Ahmedabad,21942557,devam.bhagat@zomato.com,south indian,akshata.dhamdhere@zomato.com,79467,112432.028,25285,31803.12543245799
Sep-2026,Ahmedabad,21992451,devam.bhagat@zomato.com,desserts,akshata.dhamdhere@zomato.com,11518,1675.5899999999997,7271,388.13106417695514
Sep-2026,Ahmedabad,22009049,devam.bhagat@zomato.com,burger,akshata.dhamdhere@zomato.com,239807,90367.49100000002,68851,26400.427528420965
Sep-2026,Ahmedabad,22027286,devam.bhagat@zomato.com,na,akshata.dhamdhere@zomato.com,431,0.0,48,0.0
Sep-2026,Ahmedabad,22087579,devam.bhagat@zomato.com,north indian,akshata.dhamdhere@zomato.com,122547,45392.937000000005,40639,10368.477534516376
Sep-2026,Ahmedabad,22112625,devam.bhagat@zomato.com,north indian,akshata.dhamdhere@zomato.com,69485,59664.969999999994,13078,12217.37454129011
Sep-2026,Ahmedabad,22125639,devam.bhagat@zomato.com,mithai,akshata.dhamdhere@zomato.com,91583,71033.618,32537,21449.97440942929
Sep-2026,Ahmedabad,22143555,devam.bhagat@zomato.com,biryani,akshata.dhamdhere@zomato.com,65810,84673.794,9842,20738.969780720086
Sep-2026,Ahmedabad,22162015,devam.bhagat@zomato.com,chinese,akshata.dhamdhere@zomato.com,3150,8379.384,1449,1876.9493874109985
Sep-2026,Ahmedabad,22169492,devam.bhagat@zomato.com,beverages,akshata.dhamdhere@zomato.com,0,853.8620000000001,0,283.846669121563
Sep-2026,Ahmedabad,22179644,devam.bhagat@zomato.com,biryani,akshata.dhamdhere@zomato.com,1619,351.366,327,60.411703976916556
Sep-2026,Ahmedabad,22189586,devam.bhagat@zomato.com,north indian,akshata.dhamdhere@zomato.com,11161,89.0,3069,-43.13717386618254
Sep-2026,Ahmedabad,22199427,devam.bhagat@zomato.com,north indian,akshata.dhamdhere@zomato.com,123253,4476.766,30755,614.9318943136703
Sep-2026,Ahmedabad,22204979,devam.bhagat@zomato.com,street food,akshata.dhamdhere@zomato.com,47484,44369.426,11637,10615.037207617965
Sep-2026,Ahmedabad,22211035,devam.bhagat@zomato.com,na,akshata.dhamdhere@zomato.com,4396,0.0,875,0.0
Sep-2026,Ahmedabad,22211158,devam.bhagat@zomato.com,"wraps, rolls and sandwiches",akshata.dhamdhere@zomato.com,77393,76756.77,16516,10149.113386882136
Sep-2026,Ahmedabad,22212733,devam.bhagat@zomato.com,street food,akshata.dhamdhere@zomato.com,78798,61896.88300000002,30146,17479.242462288315
Sep-2026,Ahmedabad,22248835,devam.bhagat@zomato.com,street food,akshata.dhamdhere@zomato.com,315353,161983.147,83101,48902.05442733352
Sep-2026,Ahmedabad,22401397,devam.bhagat@zomato.com,burger,akshata.dhamdhere@zomato.com,67205,40123.666,12993,8169.622378972641
Sep-2026,Ahmedabad,22433202,devam.bhagat@zomato.com,pizza,akshata.dhamdhere@zomato.com,1571,213.47,1186,29.21334022610344
Sep-2026,Ahmedabad,22436345,devam.bhagat@zomato.com,pizza,akshata.dhamdhere@zomato.com,987,114.99999999999999,82,16.792122498190054
Sep-2026,Ahmedabad,22459828,devam.bhagat@zomato.com,cakes,akshata.dhamdhere@zomato.com,1869,1456.1019999999999,547,493.34789244703177
Sep-2026,Ahmedabad,22480877,devam.bhagat@zomato.com,north indian,akshata.dhamdhere@zomato.com,30857,5891.248,9351,1348.853589099134
Sep-2026,Ahmedabad,22551673,devam.bhagat@zomato.com,na,akshata.dhamdhere@zomato.com,38650,0.0,10034,0.0
Sep-2026,Ahmedabad,22581001,devam.bhagat@zomato.com,north indian,akshata.dhamdhere@zomato.com,9804,0.0,1399,0.0
Sep-2026,Ahmedabad,22585984,devam.bhagat@zomato.com,cakes,akshata.dhamdhere@zomato.com,1313,2231.7960000000003,866,527.0426502669677
Sep-2026,Ahmedabad,22590671,devam.bhagat@zomato.com,na,akshata.dhamdhere@zomato.com,18204,0.0,3669,0.0
Sep-2026,Ahmedabad,22606086,devam.bhagat@zomato.com,pizza,akshata.dhamdhere@zomato.com,13721,25444.346,2732,6217.492947866059
Sep-2026,Ahmedabad,22616207,devam.bhagat@zomato.com,north indian,akshata.dhamdhere@zomato.com,3137,1522.7820000000002,-262,311.1331515419156
Sep-2026,Ahmedabad,22624003,devam.bhagat@zomato.com,na,akshata.dhamdhere@zomato.com,132,0.0,0,0.0
Sep-2026,Ahmedabad,22625993,devam.bhagat@zomato.com,na,akshata.dhamdhere@zomato.com,3176,0.0,70,0.0
Sep-2026,Ahmedabad,22630671,devam.bhagat@zomato.com,"wraps, rolls and sandwiches",akshata.dhamdhere@zomato.com,61869,63112.621,14756,19414.11621343874
Sep-2026,Ahmedabad,22635457,devam.bhagat@zomato.com,street food,akshata.dhamdhere@zomato.com,5042,0.0,749,0.0
Sep-2026,Ahmedabad,22644469,devam.bhagat@zomato.com,north indian,akshata.dhamdhere@zomato.com,14836,24834.694000000003,1384,3080.6191517597176
Sep-2026,Ahmedabad,22649114,devam.bhagat@zomato.com,mithai,akshata.dhamdhere@zomato.com,7825,3173.3999999999996,1005,610.3761918369449
Sep-2026,Ahmedabad,22650391,devam.bhagat@zomato.com,north indian,akshata.dhamdhere@zomato.com,2880,0.0,-154,0.0
Sep-2026,Ahmedabad,22651873,devam.bhagat@zomato.com,street food,akshata.dhamdhere@zomato.com,5399,8652.552,293,1612.4471003328954
Sep-2026,Ahmedabad,22655596,devam.bhagat@zomato.com,north indian,akshata.dhamdhere@zomato.com,38106,0.0,4200,0.0
Sep-2026,Ahmedabad,22655699,devam.bhagat@zomato.com,beverages,akshata.dhamdhere@zomato.com,5232,7276.494,151,1512.7249240181
Sep-2026,Ahmedabad,22656820,devam.bhagat@zomato.com,"wraps, rolls and sandwiches",akshata.dhamdhere@zomato.com,27637,11174.109999999999,9752,2122.792117353625
Sep-2026,Ahmedabad,22666362,devam.bhagat@zomato.com,pizza,akshata.dhamdhere@zomato.com,711,950.216,-79,208.71769762231216
Sep-2026,Ahmedabad,22666982,devam.bhagat@zomato.com,pizza,akshata.dhamdhere@zomato.com,120,4871.726,0,1524.3622384421715
Sep-2026,Ahmedabad,22668522,devam.bhagat@zomato.com,north indian,akshata.dhamdhere@zomato.com,3304,0.0,-212,0.0
Sep-2026,Ahmedabad,22671952,devam.bhagat@zomato.com,international,akshata.dhamdhere@zomato.com,13083,60390.02700000001,498,11022.479138593162
Sep-2026,Ahmedabad,22677207,devam.bhagat@zomato.com,north indian,akshata.dhamdhere@zomato.com,10917,23150.007999999998,-683,6791.739172536925
Sep-2026,Ahmedabad,22678524,devam.bhagat@zomato.com,north indian,akshata.dhamdhere@zomato.com,4790,15319.154,-774,3843.6343337122807
Sep-2026,Ahmedabad,22679759,devam.bhagat@zomato.com,"wraps, rolls and sandwiches",akshata.dhamdhere@zomato.com,950,0.0,-333,0.0
Sep-2026,Ahmedabad,22681468,devam.bhagat@zomato.com,beverages,akshata.dhamdhere@zomato.com,66948,138897.62300000002,11570,26301.91517561507
Sep-2026,Ahmedabad,22702171,devam.bhagat@zomato.com,burger,akshata.dhamdhere@zomato.com,1603,9061.226,-270,1914.2039973138853
Sep-2026,Ahmedabad,22706589,devam.bhagat@zomato.com,street food,akshata.dhamdhere@zomato.com,2335,22447.636,-229,4507.8696514346475
Sep-2026,Ahmedabad,22709688,devam.bhagat@zomato.com,na,akshata.dhamdhere@zomato.com,194,0.0,0,0.0
Sep-2026,Ahmedabad,22710834,devam.bhagat@zomato.com,na,akshata.dhamdhere@zomato.com,15208,0.0,1758,0.0
Sep-2026,Ahmedabad,22717840,devam.bhagat@zomato.com,na,akshata.dhamdhere@zomato.com,1666,22418.42,-187,4514.820860389012
Sep-2026,Ahmedabad,22719071,devam.bhagat@zomato.com,north indian,akshata.dhamdhere@zomato.com,1797,35643.76,-282,7978.465277262731
Sep-2026,Ahmedabad,22726563,devam.bhagat@zomato.com,north indian,akshata.dhamdhere@zomato.com,495,19279.667999999998,-133,3861.631073741538
Sep-2026,Ahmedabad,22726598,devam.bhagat@zomato.com,na,akshata.dhamdhere@zomato.com,8628,0.0,-746,0.0
Sep-2026,Ahmedabad,22727896,devam.bhagat@zomato.com,street food,akshata.dhamdhere@zomato.com,553,7877.732,0,1628.6670835407517
Sep-2026,Ahmedabad,22735190,devam.bhagat@zomato.com,burger,akshata.dhamdhere@zomato.com,2680,54167.405,-370,11745.596696360784
Sep-2026,Ahmedabad,22735769,devam.bhagat@zomato.com,north indian,akshata.dhamdhere@zomato.com,354,499.998,0,0.14354935971271765
Sep-2026,Ahmedabad,22736129,devam.bhagat@zomato.com,ice cream,akshata.dhamdhere@zomato.com,0,2454.7920000000004,0,-111.41117275751884
Sep-2026,Ahmedabad,22751837,devam.bhagat@zomato.com,north indian,akshata.dhamdhere@zomato.com,89,14124.060000000001,0,2302.3908970641696
Sep-2026,Ahmedabad,22756652,devam.bhagat@zomato.com,north indian,akshata.dhamdhere@zomato.com,0,329.79600000000005,0,101.11216457260709
Sep-2026,Ahmedabad,22757865,devam.bhagat@zomato.com,north indian,akshata.dhamdhere@zomato.com,0,31148.643999999997,0,8849.03369434751
Sep-2026,Ahmedabad,22803376,devam.bhagat@zomato.com,street food,akshata.dhamdhere@zomato.com,0,2692.2760000000003,0,591.4053876170955
Sep-2026,Ahmedabad,22824935,devam.bhagat@zomato.com,pizza,akshata.dhamdhere@zomato.com,0,63626.965,0,23986.341269518787
Sep-2026,Ahmedabad,22842018,devam.bhagat@zomato.com,street food,akshata.dhamdhere@zomato.com,0,48431.907999999996,0,11572.109855919105
Sep-2026,Ahmedabad,22848127,devam.bhagat@zomato.com,north indian,akshata.dhamdhere@zomato.com,0,14839.491999999998,0,4054.479420633208
Sep-2026,Ahmedabad,22898150,devam.bhagat@zomato.com,international,akshata.dhamdhere@zomato.com,0,1004.7359999999999,0,564.6724309948427
Sep-2026,Ahmedabad,110339,harsh.patel@zomato.com,north indian,akshata.dhamdhere@zomato.com,20353,23080.337,4012,9539.985351020743
Sep-2026,Ahmedabad,110340,harsh.patel@zomato.com,north indian,akshata.dhamdhere@zomato.com,12112,23829.39,2595,8523.51269982587
Sep-2026,Ahmedabad,110347,harsh.patel@zomato.com,south indian,akshata.dhamdhere@zomato.com,53594,49240.84799999999,16291,19226.162313889938
Sep-2026,Ahmedabad,110348,harsh.patel@zomato.com,south indian,akshata.dhamdhere@zomato.com,52617,47713.70199999999,10376,9214.774118256752
Sep-2026,Ahmedabad,110349,harsh.patel@zomato.com,south indian,akshata.dhamdhere@zomato.com,63109,39592.392,18905,14636.287373033967
Sep-2026,Ahmedabad,110350,harsh.patel@zomato.com,south indian,akshata.dhamdhere@zomato.com,56413,53702.506,18134,18890.81658867982
Sep-2026,Ahmedabad,110351,harsh.patel@zomato.com,south indian,akshata.dhamdhere@zomato.com,141500,110938.894,32518,24780.669471299545
Sep-2026,Ahmedabad,110353,harsh.patel@zomato.com,south indian,akshata.dhamdhere@zomato.com,100870,97956.546,33431,37540.816055030315
Sep-2026,Ahmedabad,110410,harsh.patel@zomato.com,pizza,akshata.dhamdhere@zomato.com,32688,21850.316000000003,6816,2928.916334626003
Sep-2026,Ahmedabad,110508,harsh.patel@zomato.com,pizza,akshata.dhamdhere@zomato.com,11541,15596.65,2384,2810.555187325858
Sep-2026,Ahmedabad,110551,harsh.patel@zomato.com,desserts,akshata.dhamdhere@zomato.com,24841,15739.45,5154,3021.1631058056796
Sep-2026,Ahmedabad,110567,harsh.patel@zomato.com,south indian,akshata.dhamdhere@zomato.com,36819,46835.346000000005,8223,8971.193779658988
Sep-2026,Ahmedabad,110750,harsh.patel@zomato.com,north indian,akshata.dhamdhere@zomato.com,101506,125251.875,19696,21945.294743652637
Sep-2026,Ahmedabad,110856,harsh.patel@zomato.com,north indian,akshata.dhamdhere@zomato.com,63632,72781.631,12819,14761.341368670151
Sep-2026,Ahmedabad,110933,harsh.patel@zomato.com,north indian,akshata.dhamdhere@zomato.com,9095,9104.082,1191,1284.2018271903303
Sep-2026,Ahmedabad,110941,harsh.patel@zomato.com,international,akshata.dhamdhere@zomato.com,23308,20726.736,4670,4682.511776924436
Sep-2026,Ahmedabad,111019,harsh.patel@zomato.com,mithai,akshata.dhamdhere@zomato.com,745098,195541.55,163346,52758.49126472093
Sep-2026,Ahmedabad,111228,harsh.patel@zomato.com,north indian,akshata.dhamdhere@zomato.com,183910,0.0,42050,0.0
Sep-2026,Ahmedabad,111359,harsh.patel@zomato.com,north indian,akshata.dhamdhere@zomato.com,0,618.486,0,153.82810107923763
Sep-2026,Ahmedabad,111404,harsh.patel@zomato.com,chinese,akshata.dhamdhere@zomato.com,270167,265008.922,97663,85369.85664003852
Sep-2026,Ahmedabad,111671,harsh.patel@zomato.com,street food,akshata.dhamdhere@zomato.com,215447,178409.547,60403,49064.139639288376
Sep-2026,Ahmedabad,111866,harsh.patel@zomato.com,mithai,akshata.dhamdhere@zomato.com,164040,176233.103,39167,50534.58010131894
Sep-2026,Ahmedabad,111983,harsh.patel@zomato.com,north indian,akshata.dhamdhere@zomato.com,136983,131063.793,45425,38284.041744941875
Sep-2026,Ahmedabad,111991,harsh.patel@zomato.com,north indian,akshata.dhamdhere@zomato.com,354252,255877.24500000002,85720,60906.078189608175
Sep-2026,Ahmedabad,112036,harsh.patel@zomato.com,north indian,akshata.dhamdhere@zomato.com,202368,136702.798,39329,18487.26920362064
Sep-2026,Ahmedabad,112066,harsh.patel@zomato.com,north indian,akshata.dhamdhere@zomato.com,366864,306051.154,107321,86593.69030651097
Sep-2026,Ahmedabad,112088,harsh.patel@zomato.com,north indian,akshata.dhamdhere@zomato.com,404292,214190.95299999998,140770,96776.67071072041
Sep-2026,Ahmedabad,112141,harsh.patel@zomato.com,mithai,akshata.dhamdhere@zomato.com,142785,159612.558,29323,38358.250367722394
Sep-2026,Ahmedabad,112259,harsh.patel@zomato.com,mithai,akshata.dhamdhere@zomato.com,120064,79854.44600000003,25248,23322.374505853408
Sep-2026,Ahmedabad,112573,harsh.patel@zomato.com,mithai,akshata.dhamdhere@zomato.com,93509,103768.706,19710,21238.2067957013
Sep-2026,Ahmedabad,112783,harsh.patel@zomato.com,cakes,akshata.dhamdhere@zomato.com,31946,44418.153999999995,6703,10361.865134375767
Sep-2026,Ahmedabad,112813,harsh.patel@zomato.com,north indian,akshata.dhamdhere@zomato.com,118918,78531.27600000001,36468,29277.244489974906
Sep-2026,Ahmedabad,112844,harsh.patel@zomato.com,south indian,akshata.dhamdhere@zomato.com,34848,15789.346999999998,7124,3624.430338794316
Sep-2026,Ahmedabad,113352,harsh.patel@zomato.com,street food,akshata.dhamdhere@zomato.com,139661,118765.34099999999,30598,27969.842711707028
Sep-2026,Ahmedabad,113384,harsh.patel@zomato.com,south indian,akshata.dhamdhere@zomato.com,83711,65651.059,31278,23132.165116934484
Sep-2026,Ahmedabad,113391,harsh.patel@zomato.com,north indian,akshata.dhamdhere@zomato.com,133973,90170.982,33548,22058.6372401043
Sep-2026,Ahmedabad,113449,harsh.patel@zomato.com,north indian,akshata.dhamdhere@zomato.com,60686,43218.268,16243,12071.084026451652
Sep-2026,Ahmedabad,113485,harsh.patel@zomato.com,mithai,akshata.dhamdhere@zomato.com,106696,95512.989,25312,21886.072785658747
Sep-2026,Ahmedabad,113486,harsh.patel@zomato.com,south indian,akshata.dhamdhere@zomato.com,58101,46411.074,12296,9729.076148639351
Sep-2026,Ahmedabad,113541,harsh.patel@zomato.com,north indian,akshata.dhamdhere@zomato.com,189332,208120.696,60706,72204.14590270458
Sep-2026,Ahmedabad,18173164,harsh.patel@zomato.com,south indian,akshata.dhamdhere@zomato.com,106336,92371.50700000001,23879,21206.57851412829
Sep-2026,Ahmedabad,18241330,harsh.patel@zomato.com,south indian,akshata.dhamdhere@zomato.com,50964,28405.008000000005,10978,5512.207123920023
Sep-2026,Ahmedabad,18261036,harsh.patel@zomato.com,mithai,akshata.dhamdhere@zomato.com,209422,188105.22900000002,45395,54746.45152468769
Sep-2026,Ahmedabad,18338796,harsh.patel@zomato.com,mithai,akshata.dhamdhere@zomato.com,23746,14787.17,3625,2077.716949748831
Sep-2026,Ahmedabad,18338838,harsh.patel@zomato.com,north indian,akshata.dhamdhere@zomato.com,132103,92387.18599999999,27790,32641.231011688746
Sep-2026,Ahmedabad,18385187,harsh.patel@zomato.com,north indian,akshata.dhamdhere@zomato.com,242351,264759.94,63428,71140.53193821105
Sep-2026,Ahmedabad,18456110,harsh.patel@zomato.com,beverages,akshata.dhamdhere@zomato.com,23523,31251.366,2388,4437.316877004456
Sep-2026,Ahmedabad,18480127,harsh.patel@zomato.com,mithai,akshata.dhamdhere@zomato.com,24015,61958.94,4975,13335.108389950496
Sep-2026,Ahmedabad,18513943,harsh.patel@zomato.com,pizza,akshata.dhamdhere@zomato.com,40617,49279.07199999999,9315,9713.895219631557
Sep-2026,Ahmedabad,18550152,harsh.patel@zomato.com,north indian,akshata.dhamdhere@zomato.com,844683,1068467.107,260078,312778.3936420016
Sep-2026,Ahmedabad,18557653,harsh.patel@zomato.com,pizza,akshata.dhamdhere@zomato.com,311546,251729.442,102182,84868.42632327946
Sep-2026,Ahmedabad,18575118,harsh.patel@zomato.com,street food,akshata.dhamdhere@zomato.com,152096,175324.28600000002,36486,30115.75404641538
Sep-2026,Ahmedabad,18577101,harsh.patel@zomato.com,"wraps, rolls and sandwiches",akshata.dhamdhere@zomato.com,337273,334052.9719999999,144148,120280.74880115298
Sep-2026,Ahmedabad,18595098,harsh.patel@zomato.com,north indian,akshata.dhamdhere@zomato.com,184490,174969.309,49653,48233.634433174804
Sep-2026,Ahmedabad,18604073,harsh.patel@zomato.com,north indian,akshata.dhamdhere@zomato.com,73377,62587.954999999994,32506,14524.188857985582
Sep-2026,Ahmedabad,18635803,harsh.patel@zomato.com,street food,akshata.dhamdhere@zomato.com,105077,58773.44200000001,30001,18374.478860683426
Sep-2026,Ahmedabad,18644146,harsh.patel@zomato.com,south indian,akshata.dhamdhere@zomato.com,143901,146922.357,22488,21505.98254135566
Sep-2026,Ahmedabad,18645973,harsh.patel@zomato.com,north indian,akshata.dhamdhere@zomato.com,87973,117427.044,20673,38350.309148647495
Sep-2026,Ahmedabad,18664762,harsh.patel@zomato.com,north indian,akshata.dhamdhere@zomato.com,127170,54170.136000000006,42882,20257.651195848484
Sep-2026,Ahmedabad,18667137,harsh.patel@zomato.com,north indian,akshata.dhamdhere@zomato.com,127,0.0,29,0.0
Sep-2026,Ahmedabad,18667436,harsh.patel@zomato.com,pizza,akshata.dhamdhere@zomato.com,153177,177216.47500000003,53650,65198.391398481916
Sep-2026,Ahmedabad,18728005,harsh.patel@zomato.com,burger,akshata.dhamdhere@zomato.com,437351,434243.14800000004,102370,123160.13125011788
Sep-2026,Ahmedabad,18757478,harsh.patel@zomato.com,street food,akshata.dhamdhere@zomato.com,300846,151188.506,85301,31491.40765175133
Sep-2026,Ahmedabad,18758531,harsh.patel@zomato.com,pizza,akshata.dhamdhere@zomato.com,260916,168314.622,85942,58047.516491806426
Sep-2026,Ahmedabad,18785194,harsh.patel@zomato.com,north indian,akshata.dhamdhere@zomato.com,424100,394112.31299999997,135091,119462.2929007777
Sep-2026,Ahmedabad,18801649,harsh.patel@zomato.com,south indian,akshata.dhamdhere@zomato.com,38617,36414.021,8218,7974.352757796945
Sep-2026,Ahmedabad,18902836,harsh.patel@zomato.com,street food,akshata.dhamdhere@zomato.com,121111,106164.96100000001,25930,22528.369307035126
Sep-2026,Ahmedabad,18954084,harsh.patel@zomato.com,street food,akshata.dhamdhere@zomato.com,100680,89314.47600000001,19364,18777.3802827786
Sep-2026,Ahmedabad,18965389,harsh.patel@zomato.com,north indian,akshata.dhamdhere@zomato.com,140124,107519.207,58657,32433.326466041115
Sep-2026,Ahmedabad,18978985,harsh.patel@zomato.com,north indian,akshata.dhamdhere@zomato.com,127957,152148.543,55007,49040.23110843387
Sep-2026,Ahmedabad,18980741,harsh.patel@zomato.com,north indian,akshata.dhamdhere@zomato.com,183628,232839.78100000002,78444,71351.17651506224
Sep-2026,Ahmedabad,18980761,harsh.patel@zomato.com,north indian,akshata.dhamdhere@zomato.com,119348,112003.745,38792,29975.24750647725
Sep-2026,Ahmedabad,19040743,harsh.patel@zomato.com,north indian,akshata.dhamdhere@zomato.com,76939,104323.353,19788,17821.85062564343
Sep-2026,Ahmedabad,19078091,harsh.patel@zomato.com,pizza,akshata.dhamdhere@zomato.com,29349,30780.74,6027,5430.919755047962
Sep-2026,Ahmedabad,19108324,harsh.patel@zomato.com,north indian,akshata.dhamdhere@zomato.com,205229,240435.512,59529,73742.29554371371
Sep-2026,Ahmedabad,19121474,harsh.patel@zomato.com,north indian,akshata.dhamdhere@zomato.com,297359,323389.402,106368,118806.1020114004
Sep-2026,Ahmedabad,19127447,harsh.patel@zomato.com,north indian,akshata.dhamdhere@zomato.com,86532,36776.952000000005,11196,8005.179781101295
Sep-2026,Ahmedabad,19170326,harsh.patel@zomato.com,north indian,akshata.dhamdhere@zomato.com,159770,115778.441,41527,32643.202488720097
Sep-2026,Ahmedabad,19176465,harsh.patel@zomato.com,north indian,akshata.dhamdhere@zomato.com,196931,87785.359,94974,37997.8225842001
Sep-2026,Ahmedabad,19179339,harsh.patel@zomato.com,pizza,akshata.dhamdhere@zomato.com,299501,236941.37599999996,107603,84425.10674127407
Sep-2026,Ahmedabad,19192605,harsh.patel@zomato.com,cakes,akshata.dhamdhere@zomato.com,30048,36840.294,6461,6950.002891261047
Sep-2026,Ahmedabad,19207135,harsh.patel@zomato.com,street food,akshata.dhamdhere@zomato.com,111580,69335.99800000002,17395,9872.477829248437
Sep-2026,Ahmedabad,19218911,harsh.patel@zomato.com,street food,akshata.dhamdhere@zomato.com,151373,119501.09900000002,50805,37898.50396818094
Sep-2026,Ahmedabad,19219814,harsh.patel@zomato.com,north indian,akshata.dhamdhere@zomato.com,26611,18308.428,3730,2134.0383917340046
Sep-2026,Ahmedabad,19219887,harsh.patel@zomato.com,street food,akshata.dhamdhere@zomato.com,27266,24281.305000000004,3671,2927.9383059308625
Sep-2026,Ahmedabad,19231976,harsh.patel@zomato.com,north indian,akshata.dhamdhere@zomato.com,79776,40025.191999999995,22894,15205.89099694898
Sep-2026,Ahmedabad,19234722,harsh.patel@zomato.com,north indian,akshata.dhamdhere@zomato.com,513985,486583.5859999999,123463,123250.13341818866
Sep-2026,Ahmedabad,19241841,harsh.patel@zomato.com,"wraps, rolls and sandwiches",akshata.dhamdhere@zomato.com,212119,62931.77400000001,76815,9989.513846767995
Sep-2026,Ahmedabad,19244588,harsh.patel@zomato.com,desserts,akshata.dhamdhere@zomato.com,72550,71059.0,27556,25679.341340378956
Sep-2026,Ahmedabad,19293274,harsh.patel@zomato.com,south indian,akshata.dhamdhere@zomato.com,32118,22012.228,6140,4274.124038225711
Sep-2026,Ahmedabad,19321011,harsh.patel@zomato.com,biryani,akshata.dhamdhere@zomato.com,95501,100010.55400000002,27764,32673.944854128935
Sep-2026,Ahmedabad,19412306,harsh.patel@zomato.com,north indian,akshata.dhamdhere@zomato.com,54959,68361.724,14120,17882.027317229906
Sep-2026,Ahmedabad,19435626,harsh.patel@zomato.com,biryani,akshata.dhamdhere@zomato.com,224633,145005.346,80656,50694.245218011245
Sep-2026,Ahmedabad,19497163,harsh.patel@zomato.com,north indian,akshata.dhamdhere@zomato.com,21172,8162.964,6182,2906.14695621789
Sep-2026,Ahmedabad,19507159,harsh.patel@zomato.com,desserts,akshata.dhamdhere@zomato.com,182357,75926.554,38335,15452.973005289361
Sep-2026,Ahmedabad,19523772,harsh.patel@zomato.com,"wraps, rolls and sandwiches",akshata.dhamdhere@zomato.com,213180,168528.932,67079,65090.85020802023
Sep-2026,Ahmedabad,19564805,harsh.patel@zomato.com,desserts,akshata.dhamdhere@zomato.com,13460,60063.37400000001,2770,20065.31349826703
Sep-2026,Ahmedabad,19582944,harsh.patel@zomato.com,burger,akshata.dhamdhere@zomato.com,404623,271725.593,100135,81532.41715502906
Sep-2026,Ahmedabad,19598251,harsh.patel@zomato.com,south indian,akshata.dhamdhere@zomato.com,85095,134684.31699999998,24565,32880.61467288349
Sep-2026,Ahmedabad,19621882,harsh.patel@zomato.com,beverages,akshata.dhamdhere@zomato.com,305950,298711.20900000003,73671,69628.60689408238
Sep-2026,Ahmedabad,19629622,harsh.patel@zomato.com,chinese,akshata.dhamdhere@zomato.com,58034,88358.169,9684,20821.72291837072
Sep-2026,Ahmedabad,19639758,harsh.patel@zomato.com,chinese,akshata.dhamdhere@zomato.com,29262,11149.094000000001,10677,4434.4179513404015
Sep-2026,Ahmedabad,19691497,harsh.patel@zomato.com,ice cream,akshata.dhamdhere@zomato.com,112218,94020.69200000001,33780,32394.38963424685
Sep-2026,Ahmedabad,19772218,harsh.patel@zomato.com,pizza,akshata.dhamdhere@zomato.com,27305,23301.242,5240,5081.713050866217
Sep-2026,Ahmedabad,19773509,harsh.patel@zomato.com,street food,akshata.dhamdhere@zomato.com,33486,37074.281,8260,8804.780685408756
Sep-2026,Ahmedabad,19783907,harsh.patel@zomato.com,south indian,akshata.dhamdhere@zomato.com,34243,39814.724,7319,9031.910154740124
Sep-2026,Ahmedabad,19821622,harsh.patel@zomato.com,north indian,akshata.dhamdhere@zomato.com,38905,16422.592,4637,3737.3178232535292
Sep-2026,Ahmedabad,19847630,harsh.patel@zomato.com,international,akshata.dhamdhere@zomato.com,271030,168319.408,79377,52032.152816859096
Sep-2026,Ahmedabad,19852714,harsh.patel@zomato.com,street food,akshata.dhamdhere@zomato.com,77132,31598.817,18577,9986.733020033304
Sep-2026,Ahmedabad,19856339,harsh.patel@zomato.com,north indian,akshata.dhamdhere@zomato.com,148355,5908.84,55316,1425.0118936692295
Sep-2026,Ahmedabad,19868080,harsh.patel@zomato.com,south indian,akshata.dhamdhere@zomato.com,125698,103310.72499999999,28124,23566.554863374862
Sep-2026,Ahmedabad,19871947,harsh.patel@zomato.com,mithai,akshata.dhamdhere@zomato.com,22504,58182.9,4421,12105.113373934344
Sep-2026,Ahmedabad,19872173,harsh.patel@zomato.com,street food,akshata.dhamdhere@zomato.com,242242,350905.697,51058,70869.18062342367
Sep-2026,Ahmedabad,19889713,harsh.patel@zomato.com,north indian,akshata.dhamdhere@zomato.com,278910,453491.93899999995,100487,143403.45590417788
Sep-2026,Ahmedabad,19913807,harsh.patel@zomato.com,mithai,akshata.dhamdhere@zomato.com,6220,60298.702,848,8312.481645172427
Sep-2026,Ahmedabad,19930440,harsh.patel@zomato.com,mithai,akshata.dhamdhere@zomato.com,31776,55074.34999999999,5998,9051.803330951163
Sep-2026,Ahmedabad,19934289,harsh.patel@zomato.com,desserts,akshata.dhamdhere@zomato.com,124416,65041.63599999999,24039,10083.267555083537
Sep-2026,Ahmedabad,19937464,harsh.patel@zomato.com,north indian,akshata.dhamdhere@zomato.com,294083,353866.85900000005,151940,153144.78088654508
Sep-2026,Ahmedabad,19941467,harsh.patel@zomato.com,mithai,akshata.dhamdhere@zomato.com,66112,77638.095,15189,17685.505323431636
Sep-2026,Ahmedabad,20009241,harsh.patel@zomato.com,south indian,akshata.dhamdhere@zomato.com,49559,39260.648,11671,11657.60274710504
Sep-2026,Ahmedabad,20029473,harsh.patel@zomato.com,street food,akshata.dhamdhere@zomato.com,81516,38640.441,28574,11495.70374779548
Sep-2026,Ahmedabad,20034460,harsh.patel@zomato.com,north indian,akshata.dhamdhere@zomato.com,201496,168611.412,72846,44911.85195930506
Sep-2026,Ahmedabad,20052843,harsh.patel@zomato.com,north indian,akshata.dhamdhere@zomato.com,209667,177571.63899999997,72180,64601.41828243832
Sep-2026,Ahmedabad,20081666,harsh.patel@zomato.com,desserts,akshata.dhamdhere@zomato.com,186364,88609.853,38341,20883.161065972876
Sep-2026,Ahmedabad,20117665,harsh.patel@zomato.com,"wraps, rolls and sandwiches",akshata.dhamdhere@zomato.com,263166,103126.76000000001,57825,20767.457886263895
Sep-2026,Ahmedabad,20144336,harsh.patel@zomato.com,north indian,akshata.dhamdhere@zomato.com,76061,118018.186,14493,22602.83105850296
Sep-2026,Ahmedabad,20246060,harsh.patel@zomato.com,desserts,akshata.dhamdhere@zomato.com,27761,19730.44,5620,4145.870297091356
Sep-2026,Ahmedabad,20246171,harsh.patel@zomato.com,north indian,akshata.dhamdhere@zomato.com,273622,397404.9099999999,86741,87740.78007726009
Sep-2026,Ahmedabad,20282358,harsh.patel@zomato.com,north indian,akshata.dhamdhere@zomato.com,257866,192004.356,59687,45339.46067337293
Sep-2026,Ahmedabad,20321908,harsh.patel@zomato.com,north indian,akshata.dhamdhere@zomato.com,108298,57541.046,32412,18685.165283495135
Sep-2026,Ahmedabad,20333679,harsh.patel@zomato.com,south indian,akshata.dhamdhere@zomato.com,144268,104173.323,36864,23444.878656769903
Sep-2026,Ahmedabad,20344073,harsh.patel@zomato.com,north indian,akshata.dhamdhere@zomato.com,150505,30543.079,66702,7319.86382669085
Sep-2026,Ahmedabad,20347110,harsh.patel@zomato.com,north indian,akshata.dhamdhere@zomato.com,46323,102730.76699999999,7769,33062.12153973709
Sep-2026,Ahmedabad,20354658,harsh.patel@zomato.com,mithai,akshata.dhamdhere@zomato.com,140946,215207.888,38661,62821.64154907634
Sep-2026,Ahmedabad,20404937,harsh.patel@zomato.com,north indian,akshata.dhamdhere@zomato.com,338194,395251.05,70446,82218.79751144016
Sep-2026,Ahmedabad,20408560,harsh.patel@zomato.com,north indian,akshata.dhamdhere@zomato.com,41207,43210.206999999995,13862,11960.419477796251
Sep-2026,Ahmedabad,20417243,harsh.patel@zomato.com,south indian,akshata.dhamdhere@zomato.com,47399,41815.422999999995,12088,8566.815194331391
Sep-2026,Ahmedabad,20441125,harsh.patel@zomato.com,south indian,akshata.dhamdhere@zomato.com,247522,172012.14400000003,91534,62417.91207676471
Sep-2026,Ahmedabad,20446134,harsh.patel@zomato.com,ice cream,akshata.dhamdhere@zomato.com,70404,55713.435999999994,26543,19201.983770574592
Sep-2026,Ahmedabad,20464811,harsh.patel@zomato.com,biryani,akshata.dhamdhere@zomato.com,135198,136225.412,18877,25757.258672896645
Sep-2026,Ahmedabad,20471409,harsh.patel@zomato.com,south indian,akshata.dhamdhere@zomato.com,36154,28827.386,10404,9966.409591967018
Sep-2026,Ahmedabad,20498951,harsh.patel@zomato.com,north indian,akshata.dhamdhere@zomato.com,13742,8631.431999999999,3293,1428.2319988673994
Sep-2026,Ahmedabad,20501070,harsh.patel@zomato.com,north indian,akshata.dhamdhere@zomato.com,123720,318221.435,36448,83608.90316324896
Sep-2026,Ahmedabad,20533036,harsh.patel@zomato.com,north indian,akshata.dhamdhere@zomato.com,546963,507257.4759999999,153970,117133.32538805726
Sep-2026,Ahmedabad,20541749,harsh.patel@zomato.com,north indian,akshata.dhamdhere@zomato.com,510942,468328.98199999996,165544,130961.60306392622
Sep-2026,Ahmedabad,20551646,harsh.patel@zomato.com,north indian,akshata.dhamdhere@zomato.com,22370,120466.24,2684,19829.088453960703
Sep-2026,Ahmedabad,20597854,harsh.patel@zomato.com,north indian,akshata.dhamdhere@zomato.com,121458,137935.062,50906,39603.81208768232
Sep-2026,Ahmedabad,20599194,harsh.patel@zomato.com,burger,akshata.dhamdhere@zomato.com,139951,88368.782,34345,26367.087592703847
Sep-2026,Ahmedabad,20635285,harsh.patel@zomato.com,mithai,akshata.dhamdhere@zomato.com,110687,152114.869,22899,31785.594798685892
Sep-2026,Ahmedabad,20646921,harsh.patel@zomato.com,desserts,akshata.dhamdhere@zomato.com,205712,174972.38600000003,59373,48211.36283940643
Sep-2026,Ahmedabad,20665865,harsh.patel@zomato.com,south indian,akshata.dhamdhere@zomato.com,229520,99809.803,94458,38553.14120561178
Sep-2026,Ahmedabad,20711759,harsh.patel@zomato.com,mithai,akshata.dhamdhere@zomato.com,18404,0.0,4531,0.0
Sep-2026,Ahmedabad,20712077,harsh.patel@zomato.com,mithai,akshata.dhamdhere@zomato.com,55045,57375.757999999994,13682,13755.800973750602
Sep-2026,Ahmedabad,20730452,harsh.patel@zomato.com,mithai,akshata.dhamdhere@zomato.com,58664,47242.485,13011,10736.827256107345
Sep-2026,Ahmedabad,20745958,harsh.patel@zomato.com,international,akshata.dhamdhere@zomato.com,78460,71542.406,16437,17434.32352467853
Sep-2026,Ahmedabad,20748392,harsh.patel@zomato.com,north indian,akshata.dhamdhere@zomato.com,106480,107200.474,37915,34224.438110561336
Sep-2026,Ahmedabad,20758603,harsh.patel@zomato.com,north indian,akshata.dhamdhere@zomato.com,366725,235123.81499999994,67107,52271.29739470213
Sep-2026,Ahmedabad,20765253,harsh.patel@zomato.com,biryani,akshata.dhamdhere@zomato.com,255687,275934.014,56511,59542.36015025315
Sep-2026,Ahmedabad,20771389,harsh.patel@zomato.com,north indian,akshata.dhamdhere@zomato.com,92254,105350.87700000001,23771,23997.475515223003
Sep-2026,Ahmedabad,20771407,harsh.patel@zomato.com,north indian,akshata.dhamdhere@zomato.com,57009,74011.969,13865,18592.97266210704
Sep-2026,Ahmedabad,20784595,harsh.patel@zomato.com,"wraps, rolls and sandwiches",akshata.dhamdhere@zomato.com,99173,44804.882,35938,17706.92078012178
Sep-2026,Ahmedabad,20813573,harsh.patel@zomato.com,pizza,akshata.dhamdhere@zomato.com,129607,62361.899999999994,41522,7756.155653585873
Sep-2026,Ahmedabad,20816001,harsh.patel@zomato.com,pizza,akshata.dhamdhere@zomato.com,82777,29029.396,33306,12515.35673363485
Sep-2026,Ahmedabad,20820399,harsh.patel@zomato.com,north indian,akshata.dhamdhere@zomato.com,82403,63575.636000000006,19009,17899.191636991876
Sep-2026,Ahmedabad,20826104,harsh.patel@zomato.com,burger,akshata.dhamdhere@zomato.com,625,2887.8959999999997,149,1685.0040626594684
Sep-2026,Ahmedabad,20826470,harsh.patel@zomato.com,burger,akshata.dhamdhere@zomato.com,606,3216.3999999999996,163,2594.417020280021
Sep-2026,Ahmedabad,20841448,harsh.patel@zomato.com,south indian,akshata.dhamdhere@zomato.com,112595,68004.44499999999,26321,14144.031908846015
Sep-2026,Ahmedabad,20891502,harsh.patel@zomato.com,international,akshata.dhamdhere@zomato.com,73225,52115.028,50109,39194.35366085375
Sep-2026,Ahmedabad,20897194,harsh.patel@zomato.com,pizza,akshata.dhamdhere@zomato.com,115100,338500.88300000003,43053,118619.55927473176
Sep-2026,Ahmedabad,20906590,harsh.patel@zomato.com,north indian,akshata.dhamdhere@zomato.com,264654,325161.423,62821,84211.32451611848
Sep-2026,Ahmedabad,20916384,harsh.patel@zomato.com,north indian,akshata.dhamdhere@zomato.com,50344,47414.667,16699,15993.395834652598
Sep-2026,Ahmedabad,20918749,harsh.patel@zomato.com,chinese,akshata.dhamdhere@zomato.com,0,431.688,0,109.98292709282059
Sep-2026,Ahmedabad,20932940,harsh.patel@zomato.com,street food,akshata.dhamdhere@zomato.com,96633,54440.346,27060,17025.03540806212
Sep-2026,Ahmedabad,20937473,harsh.patel@zomato.com,cakes,akshata.dhamdhere@zomato.com,0,747.164,0,453.6400578954158
Sep-2026,Ahmedabad,20952770,harsh.patel@zomato.com,mithai,akshata.dhamdhere@zomato.com,47136,73383.62400000001,10112,16157.335206070968
Sep-2026,Ahmedabad,20956099,harsh.patel@zomato.com,mithai,akshata.dhamdhere@zomato.com,394846,339536.712,113292,102014.84877383543
Sep-2026,Ahmedabad,20980437,harsh.patel@zomato.com,street food,akshata.dhamdhere@zomato.com,123821,55089.55900000001,26993,21395.181731388257
Sep-2026,Ahmedabad,20984653,harsh.patel@zomato.com,north indian,akshata.dhamdhere@zomato.com,50884,43047.52,7409,7337.637929079264
Sep-2026,Ahmedabad,20986790,harsh.patel@zomato.com,biryani,akshata.dhamdhere@zomato.com,14449,28020.403999999995,3580,7100.127617397172
Sep-2026,Ahmedabad,20986792,harsh.patel@zomato.com,north indian,akshata.dhamdhere@zomato.com,27276,28530.541999999994,12342,6534.224088249377
Sep-2026,Ahmedabad,20986793,harsh.patel@zomato.com,chinese,akshata.dhamdhere@zomato.com,22298,8751.961,9227,1887.3556702303076
Sep-2026,Ahmedabad,20987157,harsh.patel@zomato.com,chinese,akshata.dhamdhere@zomato.com,41256,35300.31,9570,13348.224030428955
Sep-2026,Ahmedabad,20989674,harsh.patel@zomato.com,north indian,akshata.dhamdhere@zomato.com,318917,189659.945,94840,43660.64805919737
Sep-2026,Ahmedabad,20992490,harsh.patel@zomato.com,cakes,akshata.dhamdhere@zomato.com,27183,24103.196000000004,5232,4325.885212294485
Sep-2026,Ahmedabad,21000174,harsh.patel@zomato.com,burger,akshata.dhamdhere@zomato.com,98248,0.0,22352,0.0
Sep-2026,Ahmedabad,21009183,harsh.patel@zomato.com,north indian,akshata.dhamdhere@zomato.com,26357,26334.928,3423,3590.7243760947313
Sep-2026,Ahmedabad,21009213,harsh.patel@zomato.com,biryani,akshata.dhamdhere@zomato.com,165588,130906.91500000001,43308,33546.778993158485
Sep-2026,Ahmedabad,21011023,harsh.patel@zomato.com,north indian,akshata.dhamdhere@zomato.com,749009,489494.04899999994,228403,121219.05997527395
Sep-2026,Ahmedabad,21013602,harsh.patel@zomato.com,chinese,akshata.dhamdhere@zomato.com,13871,66349.257,4030,20440.252485111214
Sep-2026,Ahmedabad,21013608,harsh.patel@zomato.com,north indian,akshata.dhamdhere@zomato.com,21506,33822.195999999996,6434,12268.148724844023
Sep-2026,Ahmedabad,21013610,harsh.patel@zomato.com,biryani,akshata.dhamdhere@zomato.com,11540,15929.369999999999,2639,3449.915000324763
Sep-2026,Ahmedabad,21067591,harsh.patel@zomato.com,north indian,akshata.dhamdhere@zomato.com,88829,24541.776000000005,13469,3210.3467713098603
Sep-2026,Ahmedabad,21074038,harsh.patel@zomato.com,street food,akshata.dhamdhere@zomato.com,34165,11277.219000000001,6461,2114.175393020151
Sep-2026,Ahmedabad,21077622,harsh.patel@zomato.com,north indian,akshata.dhamdhere@zomato.com,172985,184910.19499999998,44357,38004.140177376255
Sep-2026,Ahmedabad,21087738,harsh.patel@zomato.com,street food,akshata.dhamdhere@zomato.com,118106,86765.37899999999,31914,21767.13716474011
Sep-2026,Ahmedabad,21088462,harsh.patel@zomato.com,north indian,akshata.dhamdhere@zomato.com,62746,0.0,18625,0.0
Sep-2026,Ahmedabad,21128364,harsh.patel@zomato.com,street food,akshata.dhamdhere@zomato.com,85878,62421.049000000006,23495,17241.227025096625
Sep-2026,Ahmedabad,21136308,harsh.patel@zomato.com,beverages,akshata.dhamdhere@zomato.com,158913,93441.10399999999,51654,29903.717455211066
Sep-2026,Ahmedabad,21138222,harsh.patel@zomato.com,burger,akshata.dhamdhere@zomato.com,90197,48757.481999999996,9069,5941.237921604678
Sep-2026,Ahmedabad,21144912,harsh.patel@zomato.com,north indian,akshata.dhamdhere@zomato.com,141683,99810.132,44950,25107.09770003706
Sep-2026,Ahmedabad,21162093,harsh.patel@zomato.com,street food,akshata.dhamdhere@zomato.com,46290,46817.933999999994,8711,11829.250991398172
Sep-2026,Ahmedabad,21184959,harsh.patel@zomato.com,south indian,akshata.dhamdhere@zomato.com,56136,0.0,15296,0.0
Sep-2026,Ahmedabad,21204139,harsh.patel@zomato.com,beverages,akshata.dhamdhere@zomato.com,122575,55739.446,36778,15365.814046894788
Sep-2026,Ahmedabad,21210991,harsh.patel@zomato.com,north indian,akshata.dhamdhere@zomato.com,344003,150483.794,87597,39619.35320024984
Sep-2026,Ahmedabad,21215215,harsh.patel@zomato.com,beverages,akshata.dhamdhere@zomato.com,0,410.1379999999999,0,91.70314974074671
Sep-2026,Ahmedabad,21240197,harsh.patel@zomato.com,mithai,akshata.dhamdhere@zomato.com,30060,41482.867999999995,11111,11335.08999469223
Sep-2026,Ahmedabad,21268523,harsh.patel@zomato.com,street food,akshata.dhamdhere@zomato.com,84567,97422.004,18621,18729.349162791652
Sep-2026,Ahmedabad,21287109,harsh.patel@zomato.com,desserts,akshata.dhamdhere@zomato.com,10630,27023.705,2700,8203.802257976899
Sep-2026,Ahmedabad,21289749,harsh.patel@zomato.com,south indian,akshata.dhamdhere@zomato.com,254865,221787.33099999998,77640,66559.49073704421
Sep-2026,Ahmedabad,21295643,harsh.patel@zomato.com,desserts,akshata.dhamdhere@zomato.com,18508,6287.936,6496,3852.059456233477
Sep-2026,Ahmedabad,21306114,harsh.patel@zomato.com,"wraps, rolls and sandwiches",akshata.dhamdhere@zomato.com,321906,397792.899,76980,89398.34047891786
Sep-2026,Ahmedabad,21321854,harsh.patel@zomato.com,north indian,akshata.dhamdhere@zomato.com,672984,545325.9599999997,238889,162795.6568860923
Sep-2026,Ahmedabad,21359250,harsh.patel@zomato.com,south indian,akshata.dhamdhere@zomato.com,72460,11875.548,15162,1587.338004889936
Sep-2026,Ahmedabad,21371691,harsh.patel@zomato.com,cakes,akshata.dhamdhere@zomato.com,17274,26424.221999999994,1945,3413.792459088448
Sep-2026,Ahmedabad,21400179,harsh.patel@zomato.com,na,akshata.dhamdhere@zomato.com,1815,0.0,443,0.0
Sep-2026,Ahmedabad,21415118,harsh.patel@zomato.com,north indian,akshata.dhamdhere@zomato.com,326994,170244.79700000005,94040,40429.41710682578
Sep-2026,Ahmedabad,21426690,harsh.patel@zomato.com,north indian,akshata.dhamdhere@zomato.com,87930,106775.698,25503,31794.23269404377
Sep-2026,Ahmedabad,21426742,harsh.patel@zomato.com,street food,akshata.dhamdhere@zomato.com,92655,78750.31000000001,23948,15811.598481624585
Sep-2026,Ahmedabad,21438964,harsh.patel@zomato.com,north indian,akshata.dhamdhere@zomato.com,232047,177283.865,79440,69397.15851526616
Sep-2026,Ahmedabad,21447464,harsh.patel@zomato.com,"wraps, rolls and sandwiches",akshata.dhamdhere@zomato.com,78247,126444.90400000001,27637,52046.74671936898
Sep-2026,Ahmedabad,21457739,harsh.patel@zomato.com,north indian,akshata.dhamdhere@zomato.com,82132,81397.83800000002,25023,26190.579862019407
Sep-2026,Ahmedabad,21459018,harsh.patel@zomato.com,pizza,akshata.dhamdhere@zomato.com,51425,38806.578,15934,14243.798134150538
Sep-2026,Ahmedabad,21464291,harsh.patel@zomato.com,north indian,akshata.dhamdhere@zomato.com,56735,57421.652,14490,12719.08946378826
Sep-2026,Ahmedabad,21476726,harsh.patel@zomato.com,chinese,akshata.dhamdhere@zomato.com,2122,4149.25,1808,1107.7026955932447
Sep-2026,Ahmedabad,21476841,harsh.patel@zomato.com,north indian,akshata.dhamdhere@zomato.com,60031,14440.235000000002,17026,3367.46314419746
Sep-2026,Ahmedabad,21476867,harsh.patel@zomato.com,"wraps, rolls and sandwiches",akshata.dhamdhere@zomato.com,0,457.688,0,34.16232709282059
Sep-2026,Ahmedabad,21485689,harsh.patel@zomato.com,north indian,akshata.dhamdhere@zomato.com,61778,42107.356,25149,13352.906986264095
Sep-2026,Ahmedabad,21487411,harsh.patel@zomato.com,north indian,akshata.dhamdhere@zomato.com,70271,89511.23000000003,14390,28985.693016706915
Sep-2026,Ahmedabad,21508354,harsh.patel@zomato.com,international,akshata.dhamdhere@zomato.com,130546,51055.90600000001,39186,21131.155301763167
Sep-2026,Ahmedabad,21516176,harsh.patel@zomato.com,north indian,akshata.dhamdhere@zomato.com,34889,44634.60400000001,8743,14871.01199816468
Sep-2026,Ahmedabad,21522181,harsh.patel@zomato.com,north indian,akshata.dhamdhere@zomato.com,276285,148975.01399999997,77248,49573.492222843386
Sep-2026,Ahmedabad,21546834,harsh.patel@zomato.com,street food,akshata.dhamdhere@zomato.com,57540,25929.358,14815,7376.8596395857485
Sep-2026,Ahmedabad,21554168,harsh.patel@zomato.com,north indian,akshata.dhamdhere@zomato.com,103639,103392.22299999997,23577,26088.892418484455
Sep-2026,Ahmedabad,21555665,harsh.patel@zomato.com,street food,akshata.dhamdhere@zomato.com,149277,118957.708,48196,37331.440187711334
Sep-2026,Ahmedabad,21562773,harsh.patel@zomato.com,beverages,akshata.dhamdhere@zomato.com,49279,40728.705,19079,14928.521102404407
Sep-2026,Ahmedabad,21565819,harsh.patel@zomato.com,street food,akshata.dhamdhere@zomato.com,21758,16593.262000000002,9172,4928.380660423389
Sep-2026,Ahmedabad,21567794,harsh.patel@zomato.com,street food,akshata.dhamdhere@zomato.com,23415,22590.483999999997,8513,9451.081214708616
Sep-2026,Ahmedabad,21575060,harsh.patel@zomato.com,na,akshata.dhamdhere@zomato.com,44963,0.0,21049,0.0
Sep-2026,Ahmedabad,21590242,harsh.patel@zomato.com,north indian,akshata.dhamdhere@zomato.com,71983,37295.95,18049,7402.276756863511
Sep-2026,Ahmedabad,21594642,harsh.patel@zomato.com,street food,akshata.dhamdhere@zomato.com,135250,149190.573,28163,34099.43812037977
Sep-2026,Ahmedabad,21598001,harsh.patel@zomato.com,"wraps, rolls and sandwiches",akshata.dhamdhere@zomato.com,288,2693.076,78,990.8848687892682
Sep-2026,Ahmedabad,21601608,harsh.patel@zomato.com,burger,akshata.dhamdhere@zomato.com,9125,7623.038,4662,3125.610976290543
Sep-2026,Ahmedabad,21614760,harsh.patel@zomato.com,south indian,akshata.dhamdhere@zomato.com,110730,42445.24600000001,17813,6375.799338860137
Sep-2026,Ahmedabad,21627256,harsh.patel@zomato.com,biryani,akshata.dhamdhere@zomato.com,81765,54965.259,27691,20394.218757416347
Sep-2026,Ahmedabad,21649429,harsh.patel@zomato.com,pizza,akshata.dhamdhere@zomato.com,68059,63861.11400000001,19317,19368.70431821581
Sep-2026,Ahmedabad,21679068,harsh.patel@zomato.com,north indian,akshata.dhamdhere@zomato.com,46798,46323.3,7935,4620.392199045875
Sep-2026,Ahmedabad,21685441,harsh.patel@zomato.com,biryani,akshata.dhamdhere@zomato.com,97488,64907.59200000001,26830,16526.06654401087
Sep-2026,Ahmedabad,21688155,harsh.patel@zomato.com,street food,akshata.dhamdhere@zomato.com,126123,85892.03300000002,32971,17462.16901888857
Sep-2026,Ahmedabad,21690785,harsh.patel@zomato.com,north indian,akshata.dhamdhere@zomato.com,105491,131085.90899999999,28715,31003.36810483818
Sep-2026,Ahmedabad,21765973,harsh.patel@zomato.com,north indian,akshata.dhamdhere@zomato.com,165561,291802.45,39741,79582.57027677195
Sep-2026,Ahmedabad,21770088,harsh.patel@zomato.com,north indian,akshata.dhamdhere@zomato.com,31349,28616.916000000005,13869,12404.671709197144
Sep-2026,Ahmedabad,21787098,harsh.patel@zomato.com,desserts,akshata.dhamdhere@zomato.com,2796,4556.878,169,808.0725347135802
Sep-2026,Ahmedabad,21787168,harsh.patel@zomato.com,biryani,akshata.dhamdhere@zomato.com,41951,62510.38300000001,7725,12604.879445593591
Sep-2026,Ahmedabad,21791100,harsh.patel@zomato.com,street food,akshata.dhamdhere@zomato.com,42676,44140.070999999996,7741,6707.470554437395
Sep-2026,Ahmedabad,21794424,harsh.patel@zomato.com,desserts,akshata.dhamdhere@zomato.com,6753,6821.8240000000005,1111,1302.8543455464028
Sep-2026,Ahmedabad,21796854,harsh.patel@zomato.com,desserts,akshata.dhamdhere@zomato.com,7628,9674.128,1267,1652.9454209472901
Sep-2026,Ahmedabad,21804856,harsh.patel@zomato.com,street food,akshata.dhamdhere@zomato.com,85954,201884.66299999994,19429,18305.178389621782
Sep-2026,Ahmedabad,21820058,harsh.patel@zomato.com,south indian,akshata.dhamdhere@zomato.com,105714,104401.95299999998,18806,19662.8425990974
Sep-2026,Ahmedabad,21855578,harsh.patel@zomato.com,north indian,akshata.dhamdhere@zomato.com,505382,535200.0459999999,143859,155677.31100521272
Sep-2026,Ahmedabad,21867819,harsh.patel@zomato.com,mithai,akshata.dhamdhere@zomato.com,46601,40798.32399999999,6773,5559.76458091409
Sep-2026,Ahmedabad,21896189,harsh.patel@zomato.com,north indian,akshata.dhamdhere@zomato.com,121500,133342.41499999998,32428,41463.637492412636
Sep-2026,Ahmedabad,21898438,harsh.patel@zomato.com,south indian,akshata.dhamdhere@zomato.com,61135,69557.814,19281,20300.256314476086
Sep-2026,Ahmedabad,21915155,harsh.patel@zomato.com,north indian,akshata.dhamdhere@zomato.com,138358,66078.11600000001,34760,16506.108813049592
Sep-2026,Ahmedabad,21933063,harsh.patel@zomato.com,"wraps, rolls and sandwiches",akshata.dhamdhere@zomato.com,1269,11520.197,319,2870.812091619738
Sep-2026,Ahmedabad,21976186,harsh.patel@zomato.com,north indian,akshata.dhamdhere@zomato.com,100090,70624.153,35968,24378.15777437955
Sep-2026,Ahmedabad,21998272,harsh.patel@zomato.com,international,akshata.dhamdhere@zomato.com,18477,20366.275999999998,3881,5793.936653557476
Sep-2026,Ahmedabad,21998273,harsh.patel@zomato.com,biryani,akshata.dhamdhere@zomato.com,4585,15028.030999999999,925,4794.618879849024
Sep-2026,Ahmedabad,22007281,harsh.patel@zomato.com,north indian,akshata.dhamdhere@zomato.com,442398,207146.86800000002,113872,64568.72360338729
Sep-2026,Ahmedabad,22009173,harsh.patel@zomato.com,chinese,akshata.dhamdhere@zomato.com,200186,176370.387,61833,30310.329830084684
Sep-2026,Ahmedabad,22069024,harsh.patel@zomato.com,"wraps, rolls and sandwiches",akshata.dhamdhere@zomato.com,82228,90933.31599999999,25834,28777.194487920737
Sep-2026,Ahmedabad,22098790,harsh.patel@zomato.com,burger,akshata.dhamdhere@zomato.com,132656,133484.25100000002,45836,39074.321999361564
Sep-2026,Ahmedabad,22132102,harsh.patel@zomato.com,north indian,akshata.dhamdhere@zomato.com,81671,237139.26700000008,28929,30911.375486687128
Sep-2026,Ahmedabad,22145616,harsh.patel@zomato.com,international,akshata.dhamdhere@zomato.com,302504,127179.148,92449,41023.05938811309
Sep-2026,Ahmedabad,22149339,harsh.patel@zomato.com,north indian,akshata.dhamdhere@zomato.com,35339,30364.58,10244,9270.488228861905
Sep-2026,Ahmedabad,22193332,harsh.patel@zomato.com,"wraps, rolls and sandwiches",akshata.dhamdhere@zomato.com,30997,6182.598,15594,1301.7066367778916
Sep-2026,Ahmedabad,22197296,harsh.patel@zomato.com,pizza,akshata.dhamdhere@zomato.com,12022,0.0,5752,0.0
Sep-2026,Ahmedabad,22208190,harsh.patel@zomato.com,south indian,akshata.dhamdhere@zomato.com,167255,82447.524,46844,21679.999941278613
Sep-2026,Ahmedabad,22215209,harsh.patel@zomato.com,north indian,akshata.dhamdhere@zomato.com,13976,280.27799999999996,3231,48.22377169675954
Sep-2026,Ahmedabad,22259182,harsh.patel@zomato.com,street food,akshata.dhamdhere@zomato.com,0,570.5360000000001,0,13.311963833032692
Sep-2026,Ahmedabad,22298272,harsh.patel@zomato.com,chinese,akshata.dhamdhere@zomato.com,65722,50777.84200000001,8005,4191.970942770358
Sep-2026,Ahmedabad,22300279,harsh.patel@zomato.com,mithai,akshata.dhamdhere@zomato.com,22182,50847.628,4131,11427.211179631988
Sep-2026,Ahmedabad,22320492,harsh.patel@zomato.com,mithai,akshata.dhamdhere@zomato.com,209087,248602.033,53458,64415.29550596925
Sep-2026,Ahmedabad,22338727,harsh.patel@zomato.com,burger,akshata.dhamdhere@zomato.com,53860,28833.626,11837,8506.79596907931
Sep-2026,Ahmedabad,22351573,harsh.patel@zomato.com,north indian,akshata.dhamdhere@zomato.com,0,12583.262,0,5943.442860348155
Sep-2026,Ahmedabad,22363728,harsh.patel@zomato.com,international,akshata.dhamdhere@zomato.com,2217,54523.03600000001,437,24618.639991188393
Sep-2026,Ahmedabad,22388985,harsh.patel@zomato.com,north indian,akshata.dhamdhere@zomato.com,4446,126684.16999999998,750,37128.95448538486
Sep-2026,Ahmedabad,22455959,harsh.patel@zomato.com,north indian,akshata.dhamdhere@zomato.com,225987,227886.06499999994,62248,73166.84728781892
Sep-2026,Ahmedabad,22462742,harsh.patel@zomato.com,south indian,akshata.dhamdhere@zomato.com,211611,12536.308,72536,-4979.496109559753
Sep-2026,Ahmedabad,22475485,harsh.patel@zomato.com,pizza,akshata.dhamdhere@zomato.com,18116,49994.14600000001,9294,21345.276800904187
Sep-2026,Ahmedabad,22486994,harsh.patel@zomato.com,north indian,akshata.dhamdhere@zomato.com,0,17022.701999999997,0,3729.223192253691
Sep-2026,Ahmedabad,22525847,harsh.patel@zomato.com,north indian,akshata.dhamdhere@zomato.com,0,29972.904,0,18108.878601891753
Sep-2026,Ahmedabad,22526067,harsh.patel@zomato.com,pizza,akshata.dhamdhere@zomato.com,1382,2362.488,224,-444.57397550123665
Sep-2026,Ahmedabad,22539902,harsh.patel@zomato.com,north indian,akshata.dhamdhere@zomato.com,29397,12216.335,19428,3124.217973529799
Sep-2026,Ahmedabad,22541378,harsh.patel@zomato.com,street food,akshata.dhamdhere@zomato.com,46181,30902.635000000006,12826,10122.557212267833
Sep-2026,Ahmedabad,22567733,harsh.patel@zomato.com,chinese,akshata.dhamdhere@zomato.com,1010,99419.898,29,29372.27531268718
Sep-2026,Ahmedabad,22568653,harsh.patel@zomato.com,street food,akshata.dhamdhere@zomato.com,18390,46121.488,3581,15342.8940890872
Sep-2026,Ahmedabad,22593546,harsh.patel@zomato.com,beverages,akshata.dhamdhere@zomato.com,6792,0.0,3870,0.0
Sep-2026,Ahmedabad,22663229,harsh.patel@zomato.com,north indian,akshata.dhamdhere@zomato.com,109894,170789.69800000003,18350,40524.710147543316
Sep-2026,Ahmedabad,22667569,harsh.patel@zomato.com,burger,akshata.dhamdhere@zomato.com,13530,46111.79,3276,15317.821741925902
Sep-2026,Ahmedabad,22671982,harsh.patel@zomato.com,mithai,akshata.dhamdhere@zomato.com,22832,54183.102999999996,2717,21225.711993758727
Sep-2026,Ahmedabad,22675183,harsh.patel@zomato.com,street food,akshata.dhamdhere@zomato.com,22367,10471.122,-888,1691.7636919248166
Sep-2026,Ahmedabad,22732267,harsh.patel@zomato.com,mithai,akshata.dhamdhere@zomato.com,1018,101505.02200000001,-217,24553.890022950425
Sep-2026,Ahmedabad,22746754,harsh.patel@zomato.com,beverages,akshata.dhamdhere@zomato.com,58,10530.248,0,1012.1825720003075
Sep-2026,Ahmedabad,22749115,harsh.patel@zomato.com,na,akshata.dhamdhere@zomato.com,529,0.0,0,0.0
Sep-2026,Ahmedabad,22769954,harsh.patel@zomato.com,north indian,akshata.dhamdhere@zomato.com,0,50367.608000000015,0,13965.32000664708
Sep-2026,Ahmedabad,22771928,harsh.patel@zomato.com,pizza,akshata.dhamdhere@zomato.com,0,7790.866,0,2375.853469936549
Sep-2026,Ahmedabad,22793482,harsh.patel@zomato.com,north indian,akshata.dhamdhere@zomato.com,0,249275.62900000002,0,51959.573780177874
Sep-2026,Ahmedabad,22794372,harsh.patel@zomato.com,pizza,akshata.dhamdhere@zomato.com,0,1392.506,0,1498.926003545354
Sep-2026,Ahmedabad,22843151,harsh.patel@zomato.com,street food,akshata.dhamdhere@zomato.com,0,19665.76,0,5164.6656190881195
Sep-2026,Ahmedabad,110428,iyengar.krishna@zomato.com,north indian,akshata.dhamdhere@zomato.com,414306,370884.625,132175,79934.85968094313
Sep-2026,Ahmedabad,110484,iyengar.krishna@zomato.com,north indian,akshata.dhamdhere@zomato.com,2003260,1872179.8990000004,348989,333620.8795183633
Sep-2026,Ahmedabad,110572,iyengar.krishna@zomato.com,north indian,akshata.dhamdhere@zomato.com,583011,614098.4119999998,122938,150261.34980861397
Sep-2026,Ahmedabad,110604,iyengar.krishna@zomato.com,north indian,akshata.dhamdhere@zomato.com,101305,84046.118,33436,27346.790123679853
Sep-2026,Ahmedabad,111560,iyengar.krishna@zomato.com,north indian,akshata.dhamdhere@zomato.com,1000828,1302120.904,326243,436485.4284259465
Sep-2026,Ahmedabad,112114,iyengar.krishna@zomato.com,north indian,akshata.dhamdhere@zomato.com,356577,443258.206,113410,142432.71648246172
Sep-2026,Ahmedabad,112347,iyengar.krishna@zomato.com,north indian,akshata.dhamdhere@zomato.com,423194,240117.98500000002,109916,65930.82302120219
Sep-2026,Ahmedabad,112884,iyengar.krishna@zomato.com,north indian,akshata.dhamdhere@zomato.com,71231,197841.05899999995,23354,43745.78575894996
Sep-2026,Ahmedabad,113234,iyengar.krishna@zomato.com,north indian,akshata.dhamdhere@zomato.com,630054,804436.4389999999,223795,282475.16406326223
Sep-2026,Ahmedabad,18143155,iyengar.krishna@zomato.com,north indian,akshata.dhamdhere@zomato.com,198006,163865.312,63737,50417.80467308319
Sep-2026,Ahmedabad,18173173,iyengar.krishna@zomato.com,north indian,akshata.dhamdhere@zomato.com,433399,267799.774,62185,42441.79945988039
Sep-2026,Ahmedabad,18261022,iyengar.krishna@zomato.com,north indian,akshata.dhamdhere@zomato.com,669639,315430.224,159738,89792.08666281353
Sep-2026,Ahmedabad,18275455,iyengar.krishna@zomato.com,north indian,akshata.dhamdhere@zomato.com,446020,123113.38099999998,143845,36365.695306253634
Sep-2026,Ahmedabad,18286113,iyengar.krishna@zomato.com,cakes,akshata.dhamdhere@zomato.com,21003,73857.14200000002,4177,3973.6621050952313
Sep-2026,Ahmedabad,18338802,iyengar.krishna@zomato.com,north indian,akshata.dhamdhere@zomato.com,250496,51908.17800000001,89561,13889.953815091969
Sep-2026,Ahmedabad,18354055,iyengar.krishna@zomato.com,north indian,akshata.dhamdhere@zomato.com,157085,120814.37000000001,50409,34702.48229307274
Sep-2026,Ahmedabad,18396255,iyengar.krishna@zomato.com,north indian,akshata.dhamdhere@zomato.com,297036,298659.576,94952,73837.39347255863
Sep-2026,Ahmedabad,18418142,iyengar.krishna@zomato.com,ice cream,akshata.dhamdhere@zomato.com,56235,69094.563,7249,5526.254883521887
Sep-2026,Ahmedabad,18427405,iyengar.krishna@zomato.com,ice cream,akshata.dhamdhere@zomato.com,20337,27864.173,4620,816.116001949511
Sep-2026,Ahmedabad,18438906,iyengar.krishna@zomato.com,north indian,akshata.dhamdhere@zomato.com,289884,314605.477,89881,102724.12358550086
Sep-2026,Ahmedabad,18438932,iyengar.krishna@zomato.com,na,akshata.dhamdhere@zomato.com,65852,0.0,33927,0.0
Sep-2026,Ahmedabad,18448765,iyengar.krishna@zomato.com,north indian,akshata.dhamdhere@zomato.com,212591,43810.19299999999,54665,8950.026583482384
Sep-2026,Ahmedabad,18456102,iyengar.krishna@zomato.com,north indian,akshata.dhamdhere@zomato.com,108390,0.0,46331,0.0
Sep-2026,Ahmedabad,18480233,iyengar.krishna@zomato.com,cakes,akshata.dhamdhere@zomato.com,47702,125414.51200000002,1351,-1297.9339333482917
Sep-2026,Ahmedabad,18582477,iyengar.krishna@zomato.com,north indian,akshata.dhamdhere@zomato.com,604247,204984.703,182953,61509.43146463385
Sep-2026,Ahmedabad,18602297,iyengar.krishna@zomato.com,north indian,akshata.dhamdhere@zomato.com,113949,114443.54799999998,38271,38566.24674451642
Sep-2026,Ahmedabad,18630106,iyengar.krishna@zomato.com,north indian,akshata.dhamdhere@zomato.com,278150,364906.68000000005,86755,123263.67326294654
Sep-2026,Ahmedabad,18631731,iyengar.krishna@zomato.com,north indian,akshata.dhamdhere@zomato.com,393743,243289.46500000003,123530,58061.995186427914
Sep-2026,Ahmedabad,18636449,iyengar.krishna@zomato.com,ice cream,akshata.dhamdhere@zomato.com,31750,52964.66399999999,5814,3289.466983736973
Sep-2026,Ahmedabad,18648307,iyengar.krishna@zomato.com,ice cream,akshata.dhamdhere@zomato.com,44349,97343.14899999999,4194,-1824.6356052500962
Sep-2026,Ahmedabad,18808035,iyengar.krishna@zomato.com,north indian,akshata.dhamdhere@zomato.com,305150,145936.31399999998,49937,16057.214722071942
Sep-2026,Ahmedabad,18857351,iyengar.krishna@zomato.com,cakes,akshata.dhamdhere@zomato.com,2184,2558.936,884,91.56141068989092
Sep-2026,Ahmedabad,18999796,iyengar.krishna@zomato.com,north indian,akshata.dhamdhere@zomato.com,191474,125386.11000000002,66230,35205.35845371963
Sep-2026,Ahmedabad,19086226,iyengar.krishna@zomato.com,"wraps, rolls and sandwiches",akshata.dhamdhere@zomato.com,686608,387826.86899999995,234338,181143.96443268575
Sep-2026,Ahmedabad,19135019,iyengar.krishna@zomato.com,north indian,akshata.dhamdhere@zomato.com,267924,243064.75800000003,98199,69707.03599557244
Sep-2026,Ahmedabad,19137631,iyengar.krishna@zomato.com,north indian,akshata.dhamdhere@zomato.com,1776971,1530128.2030000007,309094,273628.5598060359
Sep-2026,Ahmedabad,19268081,iyengar.krishna@zomato.com,north indian,akshata.dhamdhere@zomato.com,407698,273263.20000000007,112316,77048.50514835404
Sep-2026,Ahmedabad,19288460,iyengar.krishna@zomato.com,north indian,akshata.dhamdhere@zomato.com,20525,17571.736,3919,3164.570745109477
Sep-2026,Ahmedabad,19288530,iyengar.krishna@zomato.com,north indian,akshata.dhamdhere@zomato.com,23286,14368.768,4596,2591.5321097220603
Sep-2026,Ahmedabad,19339239,iyengar.krishna@zomato.com,ice cream,akshata.dhamdhere@zomato.com,17952,23473.341999999997,2627,-3319.542513259753
Sep-2026,Ahmedabad,19353019,iyengar.krishna@zomato.com,chinese,akshata.dhamdhere@zomato.com,6967,1461.178,1436,-199.5968983436006
Sep-2026,Ahmedabad,19360655,iyengar.krishna@zomato.com,north indian,akshata.dhamdhere@zomato.com,44784,34454.152,20222,8055.550001133095
Sep-2026,Ahmedabad,19428980,iyengar.krishna@zomato.com,cakes,akshata.dhamdhere@zomato.com,102929,81728.322,39045,29611.41279137736
Sep-2026,Ahmedabad,19448943,iyengar.krishna@zomato.com,street food,akshata.dhamdhere@zomato.com,12136,6261.945999999999,2897,1451.947118994526
Sep-2026,Ahmedabad,19519989,iyengar.krishna@zomato.com,ice cream,akshata.dhamdhere@zomato.com,69437,34955.44899999999,6488,7717.438842472971
Sep-2026,Ahmedabad,19531058,iyengar.krishna@zomato.com,ice cream,akshata.dhamdhere@zomato.com,68625,59698.064000000006,4574,9261.208635568242
Sep-2026,Ahmedabad,19570630,iyengar.krishna@zomato.com,beverages,akshata.dhamdhere@zomato.com,0,3344.138,0,392.00938213853175
Sep-2026,Ahmedabad,19611097,iyengar.krishna@zomato.com,cakes,akshata.dhamdhere@zomato.com,12479,50495.109000000004,2893,4801.17069549507
Sep-2026,Ahmedabad,19639627,iyengar.krishna@zomato.com,"wraps, rolls and sandwiches",akshata.dhamdhere@zomato.com,229466,116526.83099999999,54521,24016.894414637783
Sep-2026,Ahmedabad,19713567,iyengar.krishna@zomato.com,north indian,akshata.dhamdhere@zomato.com,1027,983.4540000000001,176,159.3639541061069
Sep-2026,Ahmedabad,19806298,iyengar.krishna@zomato.com,street food,akshata.dhamdhere@zomato.com,123272,160750.671,22556,49626.38145473182
Sep-2026,Ahmedabad,19904223,iyengar.krishna@zomato.com,pizza,akshata.dhamdhere@zomato.com,217946,317639.456,82890,94150.28991335425
Sep-2026,Ahmedabad,19926862,iyengar.krishna@zomato.com,north indian,akshata.dhamdhere@zomato.com,300015,232642.29000000004,113687,59737.616860958784
Sep-2026,Ahmedabad,19952203,iyengar.krishna@zomato.com,north indian,akshata.dhamdhere@zomato.com,1478868,1435577.9830000005,241011,251746.5169685264
Sep-2026,Ahmedabad,19972959,iyengar.krishna@zomato.com,cakes,akshata.dhamdhere@zomato.com,18070,38334.367,4235,-253.32904532661698
Sep-2026,Ahmedabad,20016648,iyengar.krishna@zomato.com,street food,akshata.dhamdhere@zomato.com,49756,46189.295999999995,9228,10855.809849497542
Sep-2026,Ahmedabad,20016706,iyengar.krishna@zomato.com,street food,akshata.dhamdhere@zomato.com,56627,59896.145000000004,9022,18347.007170650155
Sep-2026,Ahmedabad,20016730,iyengar.krishna@zomato.com,street food,akshata.dhamdhere@zomato.com,67492,23989.035999999996,11698,5604.383168968961
Sep-2026,Ahmedabad,20111060,iyengar.krishna@zomato.com,"wraps, rolls and sandwiches",akshata.dhamdhere@zomato.com,97199,40782.346000000005,22274,5260.23804247352
Sep-2026,Ahmedabad,20151529,iyengar.krishna@zomato.com,street food,akshata.dhamdhere@zomato.com,48318,20818.015999999996,8467,4553.649444646953
Sep-2026,Ahmedabad,20159657,iyengar.krishna@zomato.com,cakes,akshata.dhamdhere@zomato.com,14217,33156.884,3821,4058.4374079254585
Sep-2026,Ahmedabad,20210047,iyengar.krishna@zomato.com,street food,akshata.dhamdhere@zomato.com,55599,19893.643999999997,9600,4501.847222248572
Sep-2026,Ahmedabad,20212741,iyengar.krishna@zomato.com,"wraps, rolls and sandwiches",akshata.dhamdhere@zomato.com,381309,172965.41199999998,90050,38173.10087551666
Sep-2026,Ahmedabad,20240061,iyengar.krishna@zomato.com,street food,akshata.dhamdhere@zomato.com,61866,39231.845,10978,9036.343300669143
Sep-2026,Ahmedabad,20255905,iyengar.krishna@zomato.com,street food,akshata.dhamdhere@zomato.com,0,62354.74599999999,0,13429.984874762496
Sep-2026,Ahmedabad,20262554,iyengar.krishna@zomato.com,cakes,akshata.dhamdhere@zomato.com,207,0.0,26,0.0
Sep-2026,Ahmedabad,20266238,iyengar.krishna@zomato.com,ice cream,akshata.dhamdhere@zomato.com,119440,29679.000000000004,15485,7035.355577318362
Sep-2026,Ahmedabad,20278056,iyengar.krishna@zomato.com,pizza,akshata.dhamdhere@zomato.com,191694,195492.66900000002,71141,68247.02597914633
Sep-2026,Ahmedabad,20299033,iyengar.krishna@zomato.com,street food,akshata.dhamdhere@zomato.com,46799,33472.596,8525,8007.742351573409
Sep-2026,Ahmedabad,20323601,iyengar.krishna@zomato.com,ice cream,akshata.dhamdhere@zomato.com,28068,38668.621999999996,2396,-2838.3940316861676
Sep-2026,Ahmedabad,20328479,iyengar.krishna@zomato.com,ice cream,akshata.dhamdhere@zomato.com,50549,68756.706,5391,2490.962343301452
Sep-2026,Ahmedabad,20364973,iyengar.krishna@zomato.com,"wraps, rolls and sandwiches",akshata.dhamdhere@zomato.com,657991,281214.12,140749,58771.763242276225
Sep-2026,Ahmedabad,20365759,iyengar.krishna@zomato.com,pizza,akshata.dhamdhere@zomato.com,293123,0.0,98037,0.0
Sep-2026,Ahmedabad,20366433,iyengar.krishna@zomato.com,"wraps, rolls and sandwiches",akshata.dhamdhere@zomato.com,53110,51489.49999999999,23409,21997.607438350777
Sep-2026,Ahmedabad,20366528,iyengar.krishna@zomato.com,"wraps, rolls and sandwiches",akshata.dhamdhere@zomato.com,493524,342939.4419999999,112662,78521.15606582133
Sep-2026,Ahmedabad,20367088,iyengar.krishna@zomato.com,street food,akshata.dhamdhere@zomato.com,78819,46578.871,15490,10901.145179662795
Sep-2026,Ahmedabad,20367168,iyengar.krishna@zomato.com,street food,akshata.dhamdhere@zomato.com,90176,45115.234000000004,15362,10358.953544176142
Sep-2026,Ahmedabad,20369945,iyengar.krishna@zomato.com,street food,akshata.dhamdhere@zomato.com,131471,84430.928,24759,19877.43083798348
Sep-2026,Ahmedabad,20396095,iyengar.krishna@zomato.com,north indian,akshata.dhamdhere@zomato.com,275704,111.95799999999997,51112,209.79186797252686
Sep-2026,Ahmedabad,20399858,iyengar.krishna@zomato.com,pizza,akshata.dhamdhere@zomato.com,190685,202778.085,49716,54640.837190977814
Sep-2026,Ahmedabad,20405543,iyengar.krishna@zomato.com,street food,akshata.dhamdhere@zomato.com,80024,56305.657999999996,15725,13153.054506048456
Sep-2026,Ahmedabad,20409468,iyengar.krishna@zomato.com,street food,akshata.dhamdhere@zomato.com,113840,63933.831000000006,20169,14177.25117708278
Sep-2026,Ahmedabad,20416845,iyengar.krishna@zomato.com,north indian,akshata.dhamdhere@zomato.com,18222,0.0,3501,0.0
Sep-2026,Ahmedabad,20419951,iyengar.krishna@zomato.com,street food,akshata.dhamdhere@zomato.com,68308,28366.433999999997,12589,6474.207095803329
Sep-2026,Ahmedabad,20420579,iyengar.krishna@zomato.com,street food,akshata.dhamdhere@zomato.com,54825,35184.46,8701,8189.225613393229
Sep-2026,Ahmedabad,20431988,iyengar.krishna@zomato.com,"wraps, rolls and sandwiches",akshata.dhamdhere@zomato.com,401102,183797.997,90027,41600.39488339118
Sep-2026,Ahmedabad,20445859,iyengar.krishna@zomato.com,street food,akshata.dhamdhere@zomato.com,121982,90589.61400000002,23419,21767.754892806508
Sep-2026,Ahmedabad,20446051,iyengar.krishna@zomato.com,street food,akshata.dhamdhere@zomato.com,194788,106410.29699999999,43375,27079.797253911445
Sep-2026,Ahmedabad,20452604,iyengar.krishna@zomato.com,street food,akshata.dhamdhere@zomato.com,35836,23950.626,6205,5576.858614141064
Sep-2026,Ahmedabad,20452619,iyengar.krishna@zomato.com,street food,akshata.dhamdhere@zomato.com,118393,8526.572,21700,2027.9969493559258
Sep-2026,Ahmedabad,20465509,iyengar.krishna@zomato.com,ice cream,akshata.dhamdhere@zomato.com,31405,70815.825,4025,-1799.3966285202323
Sep-2026,Ahmedabad,20465639,iyengar.krishna@zomato.com,ice cream,akshata.dhamdhere@zomato.com,49196,0.0,8240,0.0
Sep-2026,Ahmedabad,20466674,iyengar.krishna@zomato.com,street food,akshata.dhamdhere@zomato.com,60975,24872.582000000002,9895,5491.068256004073
Sep-2026,Ahmedabad,20484988,iyengar.krishna@zomato.com,street food,akshata.dhamdhere@zomato.com,57806,27810.576,9835,5636.7932580572415
Sep-2026,Ahmedabad,20488084,iyengar.krishna@zomato.com,ice cream,akshata.dhamdhere@zomato.com,35670,0.0,7153,0.0
Sep-2026,Ahmedabad,20506680,iyengar.krishna@zomato.com,street food,akshata.dhamdhere@zomato.com,8086,6562.193999999999,1507,1614.0666183419753
Sep-2026,Ahmedabad,20506722,iyengar.krishna@zomato.com,street food,akshata.dhamdhere@zomato.com,46789,29742.838,7909,7084.452320536464
Sep-2026,Ahmedabad,20513942,iyengar.krishna@zomato.com,ice cream,akshata.dhamdhere@zomato.com,73276,139936.325,7821,7865.34613807875
Sep-2026,Ahmedabad,20522881,iyengar.krishna@zomato.com,street food,akshata.dhamdhere@zomato.com,55894,39091.012,10999,7677.255486979731
Sep-2026,Ahmedabad,20529219,iyengar.krishna@zomato.com,street food,akshata.dhamdhere@zomato.com,120648,88846.01600000002,25280,21396.839736432263
Sep-2026,Ahmedabad,20532434,iyengar.krishna@zomato.com,street food,akshata.dhamdhere@zomato.com,53558,35479.024,9997,6522.965319555916
Sep-2026,Ahmedabad,20542303,iyengar.krishna@zomato.com,street food,akshata.dhamdhere@zomato.com,128597,63745.996999999996,23781,15714.143066648101
Sep-2026,Ahmedabad,20543941,iyengar.krishna@zomato.com,ice cream,akshata.dhamdhere@zomato.com,43986,118592.97099999996,4775,1977.3097440654565
Sep-2026,Ahmedabad,20562086,iyengar.krishna@zomato.com,"wraps, rolls and sandwiches",akshata.dhamdhere@zomato.com,204343,147843.839,68747,48062.480547774256
Sep-2026,Ahmedabad,20576676,iyengar.krishna@zomato.com,street food,akshata.dhamdhere@zomato.com,52115,29916.696,8399,6913.205076670346
Sep-2026,Ahmedabad,20581518,iyengar.krishna@zomato.com,cakes,akshata.dhamdhere@zomato.com,13495,37204.821,2998,686.2756258756215
Sep-2026,Ahmedabad,20581665,iyengar.krishna@zomato.com,cakes,akshata.dhamdhere@zomato.com,12231,16931.624,2924,1569.7549735171967
Sep-2026,Ahmedabad,20620299,iyengar.krishna@zomato.com,street food,akshata.dhamdhere@zomato.com,43643,0.0,7788,0.0
Sep-2026,Ahmedabad,20667289,iyengar.krishna@zomato.com,ice cream,akshata.dhamdhere@zomato.com,76833,122168.06400000003,4991,5396.223794881492
Sep-2026,Ahmedabad,20681056,iyengar.krishna@zomato.com,north indian,akshata.dhamdhere@zomato.com,125164,142848.033,27846,38324.56303928649
Sep-2026,Ahmedabad,20685660,iyengar.krishna@zomato.com,ice cream,akshata.dhamdhere@zomato.com,20352,4828.8859999999995,429,1134.9171981718132
Sep-2026,Ahmedabad,20746919,iyengar.krishna@zomato.com,ice cream,akshata.dhamdhere@zomato.com,68207,115411.58099999998,5260,7782.110207449012
Sep-2026,Ahmedabad,20750536,iyengar.krishna@zomato.com,ice cream,akshata.dhamdhere@zomato.com,6479,2042.5140000000001,586,77.10093612309129
Sep-2026,Ahmedabad,20762423,iyengar.krishna@zomato.com,ice cream,akshata.dhamdhere@zomato.com,49218,69888.159,7091,6265.030068115455
Sep-2026,Ahmedabad,20765510,iyengar.krishna@zomato.com,beverages,akshata.dhamdhere@zomato.com,8908,12631.010000000002,2077,3681.0460817319467
Sep-2026,Ahmedabad,20841553,iyengar.krishna@zomato.com,north indian,akshata.dhamdhere@zomato.com,181832,112015.797,49829,31318.901216317245
Sep-2026,Ahmedabad,20841589,iyengar.krishna@zomato.com,north indian,akshata.dhamdhere@zomato.com,36931,137670.388,15447,37806.604215225634
Sep-2026,Ahmedabad,20852831,iyengar.krishna@zomato.com,pizza,akshata.dhamdhere@zomato.com,62030,91896.21800000001,26087,27778.800899561407
Sep-2026,Ahmedabad,20861084,iyengar.krishna@zomato.com,pizza,akshata.dhamdhere@zomato.com,286607,382832.9000000001,131329,173210.3239577126
Sep-2026,Ahmedabad,20889428,iyengar.krishna@zomato.com,ice cream,akshata.dhamdhere@zomato.com,48221,67899.971,7192,6620.784878564831
Sep-2026,Ahmedabad,20892092,iyengar.krishna@zomato.com,street food,akshata.dhamdhere@zomato.com,106569,82198.444,24196,20432.473272598196
Sep-2026,Ahmedabad,20908771,iyengar.krishna@zomato.com,"wraps, rolls and sandwiches",akshata.dhamdhere@zomato.com,82372,123548.72199999998,29320,50633.39080018805
Sep-2026,Ahmedabad,21001047,iyengar.krishna@zomato.com,cakes,akshata.dhamdhere@zomato.com,4877,10446.821,1368,1047.4994702702234
Sep-2026,Ahmedabad,21013119,iyengar.krishna@zomato.com,ice cream,akshata.dhamdhere@zomato.com,18360,19358.728,2322,4541.047676323082
Sep-2026,Ahmedabad,21049451,iyengar.krishna@zomato.com,street food,akshata.dhamdhere@zomato.com,135993,126807.06,31685,37634.44349292976
Sep-2026,Ahmedabad,21052913,iyengar.krishna@zomato.com,"wraps, rolls and sandwiches",akshata.dhamdhere@zomato.com,456780,120032.616,104907,25607.793792581735
Sep-2026,Ahmedabad,21081514,iyengar.krishna@zomato.com,north indian,akshata.dhamdhere@zomato.com,73555,36764.056,30434,10034.05744203261
Sep-2026,Ahmedabad,21109031,iyengar.krishna@zomato.com,"wraps, rolls and sandwiches",akshata.dhamdhere@zomato.com,303380,155191.67199999996,72444,34209.20872088453
Sep-2026,Ahmedabad,21146962,iyengar.krishna@zomato.com,north indian,akshata.dhamdhere@zomato.com,155270,167453.613,52522,51963.53763246951
Sep-2026,Ahmedabad,21170005,iyengar.krishna@zomato.com,street food,akshata.dhamdhere@zomato.com,6575,6409.963999999999,1360,1470.8967928485004
Sep-2026,Ahmedabad,21170026,iyengar.krishna@zomato.com,street food,akshata.dhamdhere@zomato.com,20081,7846.557,4374,2065.4244552751134
Sep-2026,Ahmedabad,21179167,iyengar.krishna@zomato.com,north indian,akshata.dhamdhere@zomato.com,130474,164174.746,42866,41393.82325065755
Sep-2026,Ahmedabad,21189529,iyengar.krishna@zomato.com,north indian,akshata.dhamdhere@zomato.com,0,13915.637999999999,0,8059.948417534387
Sep-2026,Ahmedabad,21195757,iyengar.krishna@zomato.com,na,akshata.dhamdhere@zomato.com,1475,0.0,195,0.0
Sep-2026,Ahmedabad,21201522,iyengar.krishna@zomato.com,street food,akshata.dhamdhere@zomato.com,14137,34016.965,2579,4317.555469840022
Sep-2026,Ahmedabad,21211226,iyengar.krishna@zomato.com,ice cream,akshata.dhamdhere@zomato.com,78584,76446.248,8376,3543.392490411623
Sep-2026,Ahmedabad,21229145,iyengar.krishna@zomato.com,street food,akshata.dhamdhere@zomato.com,35384,25368.582,7063,6211.584557035879
Sep-2026,Ahmedabad,21263778,iyengar.krishna@zomato.com,"wraps, rolls and sandwiches",akshata.dhamdhere@zomato.com,197761,221938.00199999998,52802,58150.492022302606
Sep-2026,Ahmedabad,21272623,iyengar.krishna@zomato.com,street food,akshata.dhamdhere@zomato.com,1099,8030.602,182,1467.7094244513294
Sep-2026,Ahmedabad,21300982,iyengar.krishna@zomato.com,ice cream,akshata.dhamdhere@zomato.com,27817,29739.038999999997,4432,1225.4930761414103
Sep-2026,Ahmedabad,21341684,iyengar.krishna@zomato.com,north indian,akshata.dhamdhere@zomato.com,1256421,1351153.6480000003,207678,200966.61231940574
Sep-2026,Ahmedabad,21356991,iyengar.krishna@zomato.com,cakes,akshata.dhamdhere@zomato.com,261,0.0,23,0.0
Sep-2026,Ahmedabad,21357028,iyengar.krishna@zomato.com,cakes,akshata.dhamdhere@zomato.com,9781,33740.065,1892,-91.22472679959935
Sep-2026,Ahmedabad,21363259,iyengar.krishna@zomato.com,pizza,akshata.dhamdhere@zomato.com,73816,67044.71399999999,30964,20926.13246738608
Sep-2026,Ahmedabad,21377442,iyengar.krishna@zomato.com,"wraps, rolls and sandwiches",akshata.dhamdhere@zomato.com,220437,253802.521,59566,69508.05127075562
Sep-2026,Ahmedabad,21397255,iyengar.krishna@zomato.com,north indian,akshata.dhamdhere@zomato.com,320957,287117.524,105949,93108.17726669235
Sep-2026,Ahmedabad,21402812,iyengar.krishna@zomato.com,street food,akshata.dhamdhere@zomato.com,89069,66282.39199999999,15626,14442.290127260818
Sep-2026,Ahmedabad,21413162,iyengar.krishna@zomato.com,north indian,akshata.dhamdhere@zomato.com,39219,112617.881,15252,30712.674304013926
Sep-2026,Ahmedabad,21454759,iyengar.krishna@zomato.com,ice cream,akshata.dhamdhere@zomato.com,39991,52350.80099999999,5467,1866.3821758360218
Sep-2026,Ahmedabad,21484956,iyengar.krishna@zomato.com,north indian,akshata.dhamdhere@zomato.com,62656,50976.895000000004,25513,13651.78434713976
Sep-2026,Ahmedabad,21580512,iyengar.krishna@zomato.com,north indian,akshata.dhamdhere@zomato.com,36431,222828.25300000003,12609,45429.52891252182
Sep-2026,Ahmedabad,21611596,iyengar.krishna@zomato.com,north indian,akshata.dhamdhere@zomato.com,0,1075.3779999999997,0,191.14777531701586
Sep-2026,Ahmedabad,21719065,iyengar.krishna@zomato.com,ice cream,akshata.dhamdhere@zomato.com,42628,20299.546000000002,5052,4369.41622474114
Sep-2026,Ahmedabad,21751594,iyengar.krishna@zomato.com,ice cream,akshata.dhamdhere@zomato.com,47881,41745.506,8562,4469.396947547175
Sep-2026,Ahmedabad,21839676,iyengar.krishna@zomato.com,ice cream,akshata.dhamdhere@zomato.com,4059,0.0,587,0.0
Sep-2026,Ahmedabad,21892547,iyengar.krishna@zomato.com,ice cream,akshata.dhamdhere@zomato.com,36506,0.0,3243,0.0
Sep-2026,Ahmedabad,21896844,iyengar.krishna@zomato.com,beverages,akshata.dhamdhere@zomato.com,6248,4092.9559999999997,1405,695.4367291084674
Sep-2026,Ahmedabad,21975186,iyengar.krishna@zomato.com,"wraps, rolls and sandwiches",akshata.dhamdhere@zomato.com,335221,209226.171,70365,46111.901235494035
Sep-2026,Ahmedabad,21987121,iyengar.krishna@zomato.com,ice cream,akshata.dhamdhere@zomato.com,24383,0.0,1745,0.0
Sep-2026,Ahmedabad,22004233,iyengar.krishna@zomato.com,chinese,akshata.dhamdhere@zomato.com,88651,43519.23499999999,16971,4830.849844427087
Sep-2026,Ahmedabad,22004238,iyengar.krishna@zomato.com,chinese,akshata.dhamdhere@zomato.com,78044,18874.719,19878,461.0285372856051
Sep-2026,Ahmedabad,22004245,iyengar.krishna@zomato.com,chinese,akshata.dhamdhere@zomato.com,72356,333.14599999999996,16000,8.45943594505377
Sep-2026,Ahmedabad,22068784,iyengar.krishna@zomato.com,"wraps, rolls and sandwiches",akshata.dhamdhere@zomato.com,250363,159115.6,52688,35232.77075305996
Sep-2026,Ahmedabad,22116924,iyengar.krishna@zomato.com,north indian,akshata.dhamdhere@zomato.com,6971,0.0,853,0.0
Sep-2026,Ahmedabad,22182199,iyengar.krishna@zomato.com,"wraps, rolls and sandwiches",akshata.dhamdhere@zomato.com,475468,179063.805,100195,41391.10960457925
Sep-2026,Ahmedabad,22183111,iyengar.krishna@zomato.com,ice cream,akshata.dhamdhere@zomato.com,3183,1018.0580000000001,418,119.93812732762152
Sep-2026,Ahmedabad,22281271,iyengar.krishna@zomato.com,ice cream,akshata.dhamdhere@zomato.com,53593,18944.657999999996,4542,2512.3078883840008
Sep-2026,Ahmedabad,22417761,iyengar.krishna@zomato.com,pizza,akshata.dhamdhere@zomato.com,22127,41154.437999999995,14346,19586.346975671575
Sep-2026,Ahmedabad,22543048,iyengar.krishna@zomato.com,"wraps, rolls and sandwiches",akshata.dhamdhere@zomato.com,244596,94036.08499999999,55487,22427.629577909865
Sep-2026,Ahmedabad,22593165,iyengar.krishna@zomato.com,cakes,akshata.dhamdhere@zomato.com,15777,43932.097,3434,6342.389884859133
Sep-2026,Ahmedabad,22593322,iyengar.krishna@zomato.com,cakes,akshata.dhamdhere@zomato.com,0,18130.125,0,655.4742778440375
Sep-2026,Ahmedabad,22597006,iyengar.krishna@zomato.com,ice cream,akshata.dhamdhere@zomato.com,7432,16295.947,-1568,-2313.7432599803465
Sep-2026,Ahmedabad,22602194,iyengar.krishna@zomato.com,cakes,akshata.dhamdhere@zomato.com,7565,52660.479,1522,5242.60392596401
Sep-2026,Ahmedabad,22615436,iyengar.krishna@zomato.com,north indian,akshata.dhamdhere@zomato.com,558438,456566.005,196813,111105.88912300928
Sep-2026,Ahmedabad,22656286,iyengar.krishna@zomato.com,ice cream,akshata.dhamdhere@zomato.com,0,3496.326,0,369.38795430769886
Sep-2026,Ahmedabad,22656343,iyengar.krishna@zomato.com,ice cream,akshata.dhamdhere@zomato.com,1582,0.0,226,0.0
Sep-2026,Ahmedabad,22691922,iyengar.krishna@zomato.com,north indian,akshata.dhamdhere@zomato.com,0,210047.526,0,55084.92142398365
Sep-2026,Ahmedabad,22726073,iyengar.krishna@zomato.com,street food,akshata.dhamdhere@zomato.com,3440,50784.68,-427,11501.820296813088
Sep-2026,Ahmedabad,22740418,iyengar.krishna@zomato.com,"wraps, rolls and sandwiches",akshata.dhamdhere@zomato.com,1570,139116.72299999997,-176,31233.750019124083
Sep-2026,Ahmedabad,22740506,iyengar.krishna@zomato.com,"wraps, rolls and sandwiches",akshata.dhamdhere@zomato.com,992,108383.526,-176,24726.00392592612
Sep-2026,Ahmedabad,22740595,iyengar.krishna@zomato.com,"wraps, rolls and sandwiches",akshata.dhamdhere@zomato.com,190,80313.62999999999,0,20587.422080535052
Sep-2026,Ahmedabad,22757046,iyengar.krishna@zomato.com,cakes,akshata.dhamdhere@zomato.com,0,18669.205,0,2301.4680715313957
Sep-2026,Ahmedabad,22773771,iyengar.krishna@zomato.com,"wraps, rolls and sandwiches",akshata.dhamdhere@zomato.com,0,179901.63400000002,0,48409.286512463994
Sep-2026,Ahmedabad,22773778,iyengar.krishna@zomato.com,"wraps, rolls and sandwiches",akshata.dhamdhere@zomato.com,0,137672.76099999997,0,29323.806544938194
Sep-2026,Ahmedabad,22793130,iyengar.krishna@zomato.com,cakes,akshata.dhamdhere@zomato.com,0,24668.948000000004,0,4385.214127947224
Sep-2026,Ahmedabad,22834404,iyengar.krishna@zomato.com,cakes,akshata.dhamdhere@zomato.com,0,10640.337999999998,0,2178.59575048987
Sep-2026,Ahmedabad,22842506,iyengar.krishna@zomato.com,ice cream,akshata.dhamdhere@zomato.com,0,22200.627000000004,0,-625.445613426639
Sep-2026,Ahmedabad,22882835,iyengar.krishna@zomato.com,"wraps, rolls and sandwiches",akshata.dhamdhere@zomato.com,0,72959.04399999998,0,3390.311213091942
Sep-2026,Ahmedabad,22894331,iyengar.krishna@zomato.com,"wraps, rolls and sandwiches",akshata.dhamdhere@zomato.com,0,42407.408,0,-3692.822177399639
Sep-2026,Ahmedabad,110796,khushi.desai@zomato.com,desserts,akshata.dhamdhere@zomato.com,58713,28655.365000000005,16880,9334.09739674194
Sep-2026,Ahmedabad,110958,khushi.desai@zomato.com,desserts,akshata.dhamdhere@zomato.com,179187,116817.04000000002,50731,37983.278880784754
Sep-2026,Ahmedabad,111272,khushi.desai@zomato.com,biryani,akshata.dhamdhere@zomato.com,344909,332382.176,103844,111133.26813072881
Sep-2026,Ahmedabad,111691,khushi.desai@zomato.com,street food,akshata.dhamdhere@zomato.com,67992,72799.41300000002,22325,23057.078323156806
Sep-2026,Ahmedabad,112191,khushi.desai@zomato.com,desserts,akshata.dhamdhere@zomato.com,76827,77796.93699999999,25031,23205.53404932329
Sep-2026,Ahmedabad,112399,khushi.desai@zomato.com,north indian,akshata.dhamdhere@zomato.com,0,4515.332,0,933.7679584072519
Sep-2026,Ahmedabad,112790,khushi.desai@zomato.com,desserts,akshata.dhamdhere@zomato.com,38110,44018.765999999996,10792,12042.249608806585
Sep-2026,Ahmedabad,113176,khushi.desai@zomato.com,desserts,akshata.dhamdhere@zomato.com,46771,46131.382000000005,13928,14469.535880486263
Sep-2026,Ahmedabad,113221,khushi.desai@zomato.com,desserts,akshata.dhamdhere@zomato.com,73538,68109.249,23944,20796.519623011452
Sep-2026,Ahmedabad,113222,khushi.desai@zomato.com,desserts,akshata.dhamdhere@zomato.com,101078,61041.723000000005,32685,18453.359821140388
Sep-2026,Ahmedabad,113846,khushi.desai@zomato.com,desserts,akshata.dhamdhere@zomato.com,74548,66028.941,23947,19032.330687388545
Sep-2026,Ahmedabad,18226400,khushi.desai@zomato.com,desserts,akshata.dhamdhere@zomato.com,18986,15731.749000000003,5198,5040.4212802022585
Sep-2026,Ahmedabad,18226427,khushi.desai@zomato.com,desserts,akshata.dhamdhere@zomato.com,58136,50547.404,16785,14637.72955530516
Sep-2026,Ahmedabad,18226429,khushi.desai@zomato.com,desserts,akshata.dhamdhere@zomato.com,9812,15065.133,3097,4256.662342298356
Sep-2026,Ahmedabad,18261027,khushi.desai@zomato.com,desserts,akshata.dhamdhere@zomato.com,19379,0.0,5727,0.0
Sep-2026,Ahmedabad,18264316,khushi.desai@zomato.com,desserts,akshata.dhamdhere@zomato.com,42143,36177.915,11978,11247.14676193125
Sep-2026,Ahmedabad,18275472,khushi.desai@zomato.com,desserts,akshata.dhamdhere@zomato.com,28741,0.0,8066,0.0
Sep-2026,Ahmedabad,18275480,khushi.desai@zomato.com,desserts,akshata.dhamdhere@zomato.com,51991,53976.52600000001,15956,14886.303828248801
Sep-2026,Ahmedabad,18275502,khushi.desai@zomato.com,desserts,akshata.dhamdhere@zomato.com,89953,85360.137,28399,23214.672334763196
Sep-2026,Ahmedabad,18299272,khushi.desai@zomato.com,desserts,akshata.dhamdhere@zomato.com,109995,83583.799,31750,25680.10832839155
Sep-2026,Ahmedabad,18371317,khushi.desai@zomato.com,desserts,akshata.dhamdhere@zomato.com,24525,29314.893,7226,8238.024069156518
Sep-2026,Ahmedabad,18396253,khushi.desai@zomato.com,desserts,akshata.dhamdhere@zomato.com,32583,46435.435999999994,9287,12832.847246286074
Sep-2026,Ahmedabad,18519462,khushi.desai@zomato.com,desserts,akshata.dhamdhere@zomato.com,39454,60423.776,11357,17851.385975141377
Sep-2026,Ahmedabad,18532418,khushi.desai@zomato.com,desserts,akshata.dhamdhere@zomato.com,49900,0.0,13805,0.0
Sep-2026,Ahmedabad,18532422,khushi.desai@zomato.com,desserts,akshata.dhamdhere@zomato.com,44285,70569.774,12411,19921.46928413902
Sep-2026,Ahmedabad,18532426,khushi.desai@zomato.com,desserts,akshata.dhamdhere@zomato.com,50549,75705.435,15033,21976.941642316942
Sep-2026,Ahmedabad,18536761,khushi.desai@zomato.com,street food,akshata.dhamdhere@zomato.com,54515,42256.002,25822,17421.85151373058
Sep-2026,Ahmedabad,18536763,khushi.desai@zomato.com,street food,akshata.dhamdhere@zomato.com,110689,39301.68400000001,37492,16219.388640034955
Sep-2026,Ahmedabad,18536774,khushi.desai@zomato.com,street food,akshata.dhamdhere@zomato.com,79431,24044.417999999998,29623,12310.23952634964
Sep-2026,Ahmedabad,18536780,khushi.desai@zomato.com,street food,akshata.dhamdhere@zomato.com,25311,15584.117999999995,6434,5377.922045064737
Sep-2026,Ahmedabad,18582864,khushi.desai@zomato.com,pizza,akshata.dhamdhere@zomato.com,234401,206303.80399999997,39620,34109.11774502955
Sep-2026,Ahmedabad,18596782,khushi.desai@zomato.com,desserts,akshata.dhamdhere@zomato.com,50308,54503.019,14844,16729.63192541103
Sep-2026,Ahmedabad,18607123,khushi.desai@zomato.com,pizza,akshata.dhamdhere@zomato.com,299282,256468.254,54402,49301.27021391537
Sep-2026,Ahmedabad,18607196,khushi.desai@zomato.com,pizza,akshata.dhamdhere@zomato.com,246454,349079.644,57455,75982.78548274089
Sep-2026,Ahmedabad,18757615,khushi.desai@zomato.com,pizza,akshata.dhamdhere@zomato.com,336722,284398.80500000005,54183,44739.921402761254
Sep-2026,Ahmedabad,18797152,khushi.desai@zomato.com,pizza,akshata.dhamdhere@zomato.com,404521,536165.342,77493,98243.24329801241
Sep-2026,Ahmedabad,18876088,khushi.desai@zomato.com,pizza,akshata.dhamdhere@zomato.com,728840,729983.8189999998,115085,117586.234690918
Sep-2026,Ahmedabad,18929321,khushi.desai@zomato.com,pizza,akshata.dhamdhere@zomato.com,502055,532405.1669999999,91009,101943.86397531642
Sep-2026,Ahmedabad,18996967,khushi.desai@zomato.com,desserts,akshata.dhamdhere@zomato.com,849605,837679.2529999999,128848,128193.49556601563
Sep-2026,Ahmedabad,19069397,khushi.desai@zomato.com,desserts,akshata.dhamdhere@zomato.com,107099,56371.494999999995,34160,18299.950172912457
Sep-2026,Ahmedabad,19214319,khushi.desai@zomato.com,pizza,akshata.dhamdhere@zomato.com,500295,577227.0279999998,92857,104275.04840188299
Sep-2026,Ahmedabad,19217013,khushi.desai@zomato.com,north indian,akshata.dhamdhere@zomato.com,105447,146167.092,23554,44052.725171572834
Sep-2026,Ahmedabad,19219314,khushi.desai@zomato.com,desserts,akshata.dhamdhere@zomato.com,93109,59750.522000000004,29954,18391.65220360849
Sep-2026,Ahmedabad,19219576,khushi.desai@zomato.com,desserts,akshata.dhamdhere@zomato.com,145208,132334.88199999998,44413,39225.0962018022
Sep-2026,Ahmedabad,19239002,khushi.desai@zomato.com,desserts,akshata.dhamdhere@zomato.com,115493,100161.557,36486,29526.106923837284
Sep-2026,Ahmedabad,19335211,khushi.desai@zomato.com,desserts,akshata.dhamdhere@zomato.com,25175,0.0,7304,0.0
Sep-2026,Ahmedabad,19499626,khushi.desai@zomato.com,pizza,akshata.dhamdhere@zomato.com,165636,259731.441,27779,41999.79198277737
Sep-2026,Ahmedabad,19553824,khushi.desai@zomato.com,desserts,akshata.dhamdhere@zomato.com,97110,68971.34,32252,20644.095810823415
Sep-2026,Ahmedabad,19570433,khushi.desai@zomato.com,pizza,akshata.dhamdhere@zomato.com,299468,284650.34200000006,56875,50332.18643665987
Sep-2026,Ahmedabad,19675162,khushi.desai@zomato.com,pizza,akshata.dhamdhere@zomato.com,525943,436800.6399999999,88666,76530.39869889934
Sep-2026,Ahmedabad,19703510,khushi.desai@zomato.com,south indian,akshata.dhamdhere@zomato.com,309136,251086.56100000005,72152,57050.683997562395
Sep-2026,Ahmedabad,19725297,khushi.desai@zomato.com,beverages,akshata.dhamdhere@zomato.com,184172,144285.097,46670,49269.910173778524
Sep-2026,Ahmedabad,19736220,khushi.desai@zomato.com,pizza,akshata.dhamdhere@zomato.com,348470,232256.71700000003,63672,35844.432929169394
Sep-2026,Ahmedabad,19737055,khushi.desai@zomato.com,pizza,akshata.dhamdhere@zomato.com,313324,369673.55999999994,62549,67100.77069010591
Sep-2026,Ahmedabad,19737064,khushi.desai@zomato.com,pizza,akshata.dhamdhere@zomato.com,471098,458589.9089999999,74491,86483.21762854846
Sep-2026,Ahmedabad,19752274,khushi.desai@zomato.com,pizza,akshata.dhamdhere@zomato.com,230743,226412.218,32660,33548.985450544154
Sep-2026,Ahmedabad,19761586,khushi.desai@zomato.com,pizza,akshata.dhamdhere@zomato.com,308130,255765.80599999998,62757,47013.43118251029
Sep-2026,Ahmedabad,19768038,khushi.desai@zomato.com,pizza,akshata.dhamdhere@zomato.com,265347,379945.86899999995,45880,70661.85052685934
Sep-2026,Ahmedabad,19768073,khushi.desai@zomato.com,pizza,akshata.dhamdhere@zomato.com,214039,201138.23200000002,34840,31966.261546882597
Sep-2026,Ahmedabad,19769671,khushi.desai@zomato.com,pizza,akshata.dhamdhere@zomato.com,286003,293292.81799999997,56970,52302.5997232484
Sep-2026,Ahmedabad,19783876,khushi.desai@zomato.com,pizza,akshata.dhamdhere@zomato.com,107373,150116.573,18959,25301.117735635577
Sep-2026,Ahmedabad,19791453,khushi.desai@zomato.com,pizza,akshata.dhamdhere@zomato.com,481908,480592.23300000007,87206,79697.12949419688
Sep-2026,Ahmedabad,19791512,khushi.desai@zomato.com,pizza,akshata.dhamdhere@zomato.com,373629,441361.265,70163,77255.68791669162
Sep-2026,Ahmedabad,19802677,khushi.desai@zomato.com,pizza,akshata.dhamdhere@zomato.com,371769,437899.9319999999,67317,83319.15010998768
Sep-2026,Ahmedabad,19825889,khushi.desai@zomato.com,pizza,akshata.dhamdhere@zomato.com,416801,368070.44599999994,70259,62279.83948843309
Sep-2026,Ahmedabad,19827984,khushi.desai@zomato.com,beverages,akshata.dhamdhere@zomato.com,158781,224150.33300000004,41859,65489.217544941916
Sep-2026,Ahmedabad,19829428,khushi.desai@zomato.com,pizza,akshata.dhamdhere@zomato.com,629816,494045.2810000001,108654,96788.38857785749
Sep-2026,Ahmedabad,19836989,khushi.desai@zomato.com,pizza,akshata.dhamdhere@zomato.com,325818,323596.44600000005,59465,58286.36057254784
Sep-2026,Ahmedabad,19837024,khushi.desai@zomato.com,pizza,akshata.dhamdhere@zomato.com,325409,386322.4750000001,66311,77978.21624843476
Sep-2026,Ahmedabad,19856930,khushi.desai@zomato.com,pizza,akshata.dhamdhere@zomato.com,297336,272015.17999999993,53037,52259.51695103312
Sep-2026,Ahmedabad,19879141,khushi.desai@zomato.com,pizza,akshata.dhamdhere@zomato.com,543398,468216.75299999997,167616,157704.3921656865
Sep-2026,Ahmedabad,19900818,khushi.desai@zomato.com,beverages,akshata.dhamdhere@zomato.com,141677,134171.788,36334,43688.93375660535
Sep-2026,Ahmedabad,19905273,khushi.desai@zomato.com,pizza,akshata.dhamdhere@zomato.com,617822,730116.526,101228,135606.1232825507
Sep-2026,Ahmedabad,19930054,khushi.desai@zomato.com,pizza,akshata.dhamdhere@zomato.com,236551,215274.06999999998,48946,41664.46245458067
Sep-2026,Ahmedabad,19961360,khushi.desai@zomato.com,pizza,akshata.dhamdhere@zomato.com,331734,322607.926,54702,54569.89048789527
Sep-2026,Ahmedabad,19973108,khushi.desai@zomato.com,pizza,akshata.dhamdhere@zomato.com,164049,157846.186,25128,25560.515638352652
Sep-2026,Ahmedabad,19978358,khushi.desai@zomato.com,pizza,akshata.dhamdhere@zomato.com,292988,273280.528,61640,55696.54430013935
Sep-2026,Ahmedabad,20003291,khushi.desai@zomato.com,pizza,akshata.dhamdhere@zomato.com,181455,202720.46800000005,36785,37748.5571009699
Sep-2026,Ahmedabad,20003347,khushi.desai@zomato.com,pizza,akshata.dhamdhere@zomato.com,330831,219202.26299999995,62030,36856.87140497011
Sep-2026,Ahmedabad,20020091,khushi.desai@zomato.com,pizza,akshata.dhamdhere@zomato.com,205571,200366.435,41302,35354.92676501155
Sep-2026,Ahmedabad,20270569,khushi.desai@zomato.com,pizza,akshata.dhamdhere@zomato.com,96516,88154.07399999998,33420,26866.75116708319
Sep-2026,Ahmedabad,20296147,khushi.desai@zomato.com,pizza,akshata.dhamdhere@zomato.com,228500,244308.06799999997,47153,42025.868864372685
Sep-2026,Ahmedabad,20404246,khushi.desai@zomato.com,beverages,akshata.dhamdhere@zomato.com,50821,68139.67199999999,12011,20509.754446535073
Sep-2026,Ahmedabad,20404679,khushi.desai@zomato.com,pizza,akshata.dhamdhere@zomato.com,287770,375544.96499999997,47752,66929.65887523041
Sep-2026,Ahmedabad,20408452,khushi.desai@zomato.com,beverages,akshata.dhamdhere@zomato.com,120678,99262.536,33133,35815.15130307411
Sep-2026,Ahmedabad,20429861,khushi.desai@zomato.com,pizza,akshata.dhamdhere@zomato.com,51388,46940.452,9754,8859.790016610319
Sep-2026,Ahmedabad,20495513,khushi.desai@zomato.com,desserts,akshata.dhamdhere@zomato.com,24009,23321.695,6741,7047.451891275371
Sep-2026,Ahmedabad,20512936,khushi.desai@zomato.com,desserts,akshata.dhamdhere@zomato.com,11491,0.0,3199,0.0
Sep-2026,Ahmedabad,20516096,khushi.desai@zomato.com,desserts,akshata.dhamdhere@zomato.com,36110,35181.064000000006,10250,9944.94658943071
Sep-2026,Ahmedabad,20530519,khushi.desai@zomato.com,pizza,akshata.dhamdhere@zomato.com,155469,167516.346,63733,51584.50216566519
Sep-2026,Ahmedabad,20547904,khushi.desai@zomato.com,desserts,akshata.dhamdhere@zomato.com,12854,12082.056000000002,3885,3569.0661447284974
Sep-2026,Ahmedabad,20637950,khushi.desai@zomato.com,desserts,akshata.dhamdhere@zomato.com,33620,37451.419,9515,10340.84927859284
Sep-2026,Ahmedabad,20686901,khushi.desai@zomato.com,pizza,akshata.dhamdhere@zomato.com,70713,83184.61299999998,25375,25791.789218594204
Sep-2026,Ahmedabad,20851521,khushi.desai@zomato.com,pizza,akshata.dhamdhere@zomato.com,262768,311330.925,41102,53215.39537095737
Sep-2026,Ahmedabad,20902324,khushi.desai@zomato.com,burger,akshata.dhamdhere@zomato.com,1191998,376849.77100000007,372033,145386.87851261388
Sep-2026,Ahmedabad,20913417,khushi.desai@zomato.com,pizza,akshata.dhamdhere@zomato.com,262238,423801.5169999999,117166,202757.24161601943
Sep-2026,Ahmedabad,20942351,khushi.desai@zomato.com,pizza,akshata.dhamdhere@zomato.com,57500,77244.01400000001,25998,29275.38517200626
Sep-2026,Ahmedabad,20951814,khushi.desai@zomato.com,beverages,akshata.dhamdhere@zomato.com,37521,121400.18900000003,10985,38816.68624948303
Sep-2026,Ahmedabad,20966792,khushi.desai@zomato.com,pizza,akshata.dhamdhere@zomato.com,75416,70039.756,37381,28713.160709017084
Sep-2026,Ahmedabad,20984368,khushi.desai@zomato.com,biryani,akshata.dhamdhere@zomato.com,283713,266335.94299999997,87436,93461.33560586486
Sep-2026,Ahmedabad,21014248,khushi.desai@zomato.com,pizza,akshata.dhamdhere@zomato.com,140950,0.0,59149,0.0
Sep-2026,Ahmedabad,21075866,khushi.desai@zomato.com,beverages,akshata.dhamdhere@zomato.com,106063,81708.562,23731,22622.43282496595
Sep-2026,Ahmedabad,21100323,khushi.desai@zomato.com,pizza,akshata.dhamdhere@zomato.com,182558,164257.88399999996,32362,32737.072475578283
Sep-2026,Ahmedabad,21181937,khushi.desai@zomato.com,desserts,akshata.dhamdhere@zomato.com,85829,99308.04300000002,25783,29652.421322550566
Sep-2026,Ahmedabad,21185597,khushi.desai@zomato.com,pizza,akshata.dhamdhere@zomato.com,298993,327064.3019999999,130885,163621.72722101028
Sep-2026,Ahmedabad,21195716,khushi.desai@zomato.com,burger,akshata.dhamdhere@zomato.com,621159,230802.33100000003,258558,115299.40374242503
Sep-2026,Ahmedabad,21220893,khushi.desai@zomato.com,beverages,akshata.dhamdhere@zomato.com,40423,74791.5,10342,22080.439064164926
Sep-2026,Ahmedabad,21276790,khushi.desai@zomato.com,burger,akshata.dhamdhere@zomato.com,632712,254497.31400000007,195427,110813.53806571281
Sep-2026,Ahmedabad,21311101,khushi.desai@zomato.com,pizza,akshata.dhamdhere@zomato.com,67764,119743.85599999999,25030,33687.04944729312
Sep-2026,Ahmedabad,21365175,khushi.desai@zomato.com,burger,akshata.dhamdhere@zomato.com,6756,5064.23,1004,680.7576427094879
Sep-2026,Ahmedabad,21499518,khushi.desai@zomato.com,pizza,akshata.dhamdhere@zomato.com,355269,491699.0629999997,150522,230877.92386383426
Sep-2026,Ahmedabad,21754671,khushi.desai@zomato.com,pizza,akshata.dhamdhere@zomato.com,91488,72405.292,31536,20327.016988191866
Sep-2026,Ahmedabad,21759747,khushi.desai@zomato.com,pizza,akshata.dhamdhere@zomato.com,210080,213819.73200000002,68373,65070.80889230805
Sep-2026,Ahmedabad,21770169,khushi.desai@zomato.com,desserts,akshata.dhamdhere@zomato.com,52963,51797.96400000001,14488,15733.056142048827
Sep-2026,Ahmedabad,21779600,khushi.desai@zomato.com,north indian,akshata.dhamdhere@zomato.com,584361,430738.44500000007,121108,77773.020159355
Sep-2026,Ahmedabad,21809990,khushi.desai@zomato.com,pizza,akshata.dhamdhere@zomato.com,233053,374115.93500000006,99090,164861.67095973867
Sep-2026,Ahmedabad,21820266,khushi.desai@zomato.com,desserts,akshata.dhamdhere@zomato.com,88730,44159.11600000001,23789,15454.75318412362
Sep-2026,Ahmedabad,21847437,khushi.desai@zomato.com,na,akshata.dhamdhere@zomato.com,16637,0.0,2916,0.0
Sep-2026,Ahmedabad,21969365,khushi.desai@zomato.com,north indian,akshata.dhamdhere@zomato.com,634445,441844.13599999994,122348,62925.905502484486
Sep-2026,Ahmedabad,22006656,khushi.desai@zomato.com,pizza,akshata.dhamdhere@zomato.com,268472,316465.5529999999,48028,63298.03945333082
Sep-2026,Ahmedabad,22212077,khushi.desai@zomato.com,north indian,akshata.dhamdhere@zomato.com,1101110,568501.8269999999,222611,81947.74584820196
Sep-2026,Ahmedabad,22225633,khushi.desai@zomato.com,pizza,akshata.dhamdhere@zomato.com,500657,203317.58300000004,191662,65081.61812178873
Sep-2026,Ahmedabad,22243781,khushi.desai@zomato.com,pizza,akshata.dhamdhere@zomato.com,231276,126499.60899999998,86444,41182.46207222769
Sep-2026,Ahmedabad,22259422,khushi.desai@zomato.com,pizza,akshata.dhamdhere@zomato.com,83280,21531.746000000003,34576,3524.0735137903257
Sep-2026,Ahmedabad,22320374,khushi.desai@zomato.com,beverages,akshata.dhamdhere@zomato.com,194929,179640.75400000002,52153,51456.20669215706
Sep-2026,Ahmedabad,22385300,khushi.desai@zomato.com,pizza,akshata.dhamdhere@zomato.com,27817,40550.096,15584,14236.481322396432
Sep-2026,Ahmedabad,22393611,khushi.desai@zomato.com,pizza,akshata.dhamdhere@zomato.com,169075,119728.34,64719,42549.92044092342
Sep-2026,Ahmedabad,22540470,khushi.desai@zomato.com,pizza,akshata.dhamdhere@zomato.com,95788,95156.88599999998,47916,30408.510036083124
Sep-2026,Ahmedabad,22583837,khushi.desai@zomato.com,pizza,akshata.dhamdhere@zomato.com,1873,20175.036,195,3057.32726764863
Sep-2026,Ahmedabad,22591105,khushi.desai@zomato.com,pizza,akshata.dhamdhere@zomato.com,160641,132518.79799999998,60351,45825.933721160334
Sep-2026,Ahmedabad,22765901,khushi.desai@zomato.com,desserts,akshata.dhamdhere@zomato.com,0,38892.47,0,16755.75953362394
Sep-2026,Ahmedabad,22784864,khushi.desai@zomato.com,pizza,akshata.dhamdhere@zomato.com,0,105826.015,0,39104.50030202903
Sep-2026,Ahmedabad,22884972,khushi.desai@zomato.com,pizza,akshata.dhamdhere@zomato.com,0,47550.622,0,3600.895991203125
Sep-2026,Ahmedabad,110596,meet.nandaniya@zomato.com,north indian,akshata.dhamdhere@zomato.com,111329,81115.98499999999,32991,27853.553278761774
Sep-2026,Ahmedabad,110632,meet.nandaniya@zomato.com,north indian,akshata.dhamdhere@zomato.com,122677,93075.52700000002,25101,19072.145043487195
Sep-2026,Ahmedabad,110799,meet.nandaniya@zomato.com,north indian,akshata.dhamdhere@zomato.com,107437,159530.44099999996,21571,43192.009550806215
Sep-2026,Ahmedabad,110859,meet.nandaniya@zomato.com,na,akshata.dhamdhere@zomato.com,88131,0.0,27647,0.0
Sep-2026,Ahmedabad,111488,meet.nandaniya@zomato.com,street food,akshata.dhamdhere@zomato.com,26696,444.1300000000001,10784,-127.50877302007046
Sep-2026,Ahmedabad,111819,meet.nandaniya@zomato.com,north indian,akshata.dhamdhere@zomato.com,59467,63002.668,24388,30450.60644941587
Sep-2026,Ahmedabad,112348,meet.nandaniya@zomato.com,north indian,akshata.dhamdhere@zomato.com,86258,138824.226,8221,17923.044632755733
Sep-2026,Ahmedabad,112700,meet.nandaniya@zomato.com,ice cream,akshata.dhamdhere@zomato.com,58507,36054.363,7309,4028.5218783794694
Sep-2026,Ahmedabad,112779,meet.nandaniya@zomato.com,street food,akshata.dhamdhere@zomato.com,84964,109332.11400000002,15906,32508.557567571475
Sep-2026,Ahmedabad,113913,meet.nandaniya@zomato.com,north indian,akshata.dhamdhere@zomato.com,109690,113983.376,15159,17815.028719653186
Sep-2026,Ahmedabad,18143131,meet.nandaniya@zomato.com,street food,akshata.dhamdhere@zomato.com,34172,52746.522,6007,16188.194575713103
Sep-2026,Ahmedabad,18333788,meet.nandaniya@zomato.com,north indian,akshata.dhamdhere@zomato.com,52487,197665.02199999997,9300,49326.74687980338
Sep-2026,Ahmedabad,18590921,meet.nandaniya@zomato.com,north indian,akshata.dhamdhere@zomato.com,80162,83799.81899999999,18790,20067.34653638659
Sep-2026,Ahmedabad,18620099,meet.nandaniya@zomato.com,north indian,akshata.dhamdhere@zomato.com,57337,20699.69,14347,8146.983773192911
Sep-2026,Ahmedabad,18682665,meet.nandaniya@zomato.com,pizza,akshata.dhamdhere@zomato.com,400,2539.618,0,738.6939338201045
Sep-2026,Ahmedabad,18757559,meet.nandaniya@zomato.com,chinese,akshata.dhamdhere@zomato.com,85350,76362.40999999999,22013,25488.496611522503
Sep-2026,Ahmedabad,18792547,meet.nandaniya@zomato.com,north indian,akshata.dhamdhere@zomato.com,26634,18521.227,7206,2853.277667128089
Sep-2026,Ahmedabad,18797681,meet.nandaniya@zomato.com,pizza,akshata.dhamdhere@zomato.com,6998,1654.7179999999998,2375,-84.5859320783513
Sep-2026,Ahmedabad,18821023,meet.nandaniya@zomato.com,street food,akshata.dhamdhere@zomato.com,22707,86304.48300000001,6122,25517.162186845602
Sep-2026,Ahmedabad,18837040,meet.nandaniya@zomato.com,north indian,akshata.dhamdhere@zomato.com,40432,6270.196,6554,2527.960693335353
Sep-2026,Ahmedabad,18920718,meet.nandaniya@zomato.com,north indian,akshata.dhamdhere@zomato.com,0,7483.986,0,1119.8078198149574
Sep-2026,Ahmedabad,18927574,meet.nandaniya@zomato.com,street food,akshata.dhamdhere@zomato.com,51846,56459.732,10184,8022.950060344827
Sep-2026,Ahmedabad,18949893,meet.nandaniya@zomato.com,cakes,akshata.dhamdhere@zomato.com,25760,4400.075999999999,6501,976.8761228707576
Sep-2026,Ahmedabad,18973682,meet.nandaniya@zomato.com,burger,akshata.dhamdhere@zomato.com,30666,45596.966,4797,7661.685596959469
Sep-2026,Ahmedabad,18991393,meet.nandaniya@zomato.com,street food,akshata.dhamdhere@zomato.com,19594,17570.467999999997,2284,2522.613986204904
Sep-2026,Ahmedabad,19028837,meet.nandaniya@zomato.com,street food,akshata.dhamdhere@zomato.com,81957,54814.27800000001,25437,17205.38130046305
Sep-2026,Ahmedabad,19048988,meet.nandaniya@zomato.com,south indian,akshata.dhamdhere@zomato.com,132513,114117.15499999998,54735,28139.09923843283
Sep-2026,Ahmedabad,19064117,meet.nandaniya@zomato.com,cakes,akshata.dhamdhere@zomato.com,28951,66969.85200000001,6443,11736.599884216228
Sep-2026,Ahmedabad,19064305,meet.nandaniya@zomato.com,street food,akshata.dhamdhere@zomato.com,7497,10024.972,1064,1819.6486992224065
Sep-2026,Ahmedabad,19065348,meet.nandaniya@zomato.com,north indian,akshata.dhamdhere@zomato.com,65528,60633.788,9698,4579.503321135247
Sep-2026,Ahmedabad,19068588,meet.nandaniya@zomato.com,biryani,akshata.dhamdhere@zomato.com,12565,6527.556,3693,1552.4056042988152
Sep-2026,Ahmedabad,19083338,meet.nandaniya@zomato.com,cakes,akshata.dhamdhere@zomato.com,14387,1827.918,1605,101.09698841347355
Sep-2026,Ahmedabad,19106595,meet.nandaniya@zomato.com,street food,akshata.dhamdhere@zomato.com,39496,28168.328,4934,4454.602117969252
Sep-2026,Ahmedabad,19132889,meet.nandaniya@zomato.com,north indian,akshata.dhamdhere@zomato.com,0,2070.082,0,378.7379047718223
Sep-2026,Ahmedabad,19137629,meet.nandaniya@zomato.com,street food,akshata.dhamdhere@zomato.com,10803,21584.01,2729,4783.191000448367
Sep-2026,Ahmedabad,19146540,meet.nandaniya@zomato.com,beverages,akshata.dhamdhere@zomato.com,6925,4359.666,948,341.15261059365247
Sep-2026,Ahmedabad,19148818,meet.nandaniya@zomato.com,"wraps, rolls and sandwiches",akshata.dhamdhere@zomato.com,48706,16294.093999999997,16923,4794.713568444131
Sep-2026,Ahmedabad,19177641,meet.nandaniya@zomato.com,north indian,akshata.dhamdhere@zomato.com,35359,29874.438000000002,11079,8488.464413800337
Sep-2026,Ahmedabad,19181464,meet.nandaniya@zomato.com,chinese,akshata.dhamdhere@zomato.com,73309,32465.700000000004,23329,7105.670409901832
Sep-2026,Ahmedabad,19185677,meet.nandaniya@zomato.com,south indian,akshata.dhamdhere@zomato.com,67197,64717.072000000015,10537,18808.681339884944
Sep-2026,Ahmedabad,19192365,meet.nandaniya@zomato.com,street food,akshata.dhamdhere@zomato.com,57284,49630.03199999999,16819,7465.56744451269
Sep-2026,Ahmedabad,19216443,meet.nandaniya@zomato.com,street food,akshata.dhamdhere@zomato.com,56470,45395.373999999996,6881,-1789.3799388703903
Sep-2026,Ahmedabad,19249450,meet.nandaniya@zomato.com,north indian,akshata.dhamdhere@zomato.com,76814,45365.782999999996,24601,19565.242095041685
Sep-2026,Ahmedabad,19281118,meet.nandaniya@zomato.com,biryani,akshata.dhamdhere@zomato.com,5998,3257.0019999999995,1303,643.0797111929026
Sep-2026,Ahmedabad,19298621,meet.nandaniya@zomato.com,na,akshata.dhamdhere@zomato.com,6101,0.0,2500,0.0
Sep-2026,Ahmedabad,19325951,meet.nandaniya@zomato.com,south indian,akshata.dhamdhere@zomato.com,42723,13404.385999999999,10309,4650.538521950658
Sep-2026,Ahmedabad,19351594,meet.nandaniya@zomato.com,biryani,akshata.dhamdhere@zomato.com,3537,3786.454,471,255.74589231953075
Sep-2026,Ahmedabad,19356989,meet.nandaniya@zomato.com,north indian,akshata.dhamdhere@zomato.com,43690,21745.832,10438,8382.764591559046
Sep-2026,Ahmedabad,19411280,meet.nandaniya@zomato.com,beverages,akshata.dhamdhere@zomato.com,37927,24391.653999999995,14648,10156.067389352402
Sep-2026,Ahmedabad,19438011,meet.nandaniya@zomato.com,street food,akshata.dhamdhere@zomato.com,12297,8124.027,2062,1548.6328709645563
Sep-2026,Ahmedabad,19486582,meet.nandaniya@zomato.com,chinese,akshata.dhamdhere@zomato.com,61638,22200.813999999995,17016,3550.825115465165
Sep-2026,Ahmedabad,19534612,meet.nandaniya@zomato.com,north indian,akshata.dhamdhere@zomato.com,89801,62273.47999999999,28386,22474.350249190342
Sep-2026,Ahmedabad,19538568,meet.nandaniya@zomato.com,ice cream,akshata.dhamdhere@zomato.com,15551,19970.679999999997,1632,800.1547904047027
Sep-2026,Ahmedabad,19589371,meet.nandaniya@zomato.com,cakes,akshata.dhamdhere@zomato.com,17156,44881.00400000001,6930,16628.139567338923
Sep-2026,Ahmedabad,19609817,meet.nandaniya@zomato.com,pizza,akshata.dhamdhere@zomato.com,9945,8866.042,6120,5027.678948157127
Sep-2026,Ahmedabad,19703076,meet.nandaniya@zomato.com,na,akshata.dhamdhere@zomato.com,9217,0.0,2919,0.0
Sep-2026,Ahmedabad,19712395,meet.nandaniya@zomato.com,"wraps, rolls and sandwiches",akshata.dhamdhere@zomato.com,89792,14039.439999999997,25017,2767.7357371836015
Sep-2026,Ahmedabad,19723289,meet.nandaniya@zomato.com,south indian,akshata.dhamdhere@zomato.com,70430,58516.812000000005,13228,8549.569990378886
Sep-2026,Ahmedabad,19756203,meet.nandaniya@zomato.com,chinese,akshata.dhamdhere@zomato.com,695,77651.482,81,15808.183047702325
Sep-2026,Ahmedabad,19864583,meet.nandaniya@zomato.com,beverages,akshata.dhamdhere@zomato.com,47118,16230.786,14639,6409.192754577667
Sep-2026,Ahmedabad,19943396,meet.nandaniya@zomato.com,street food,akshata.dhamdhere@zomato.com,61732,52511.282,20761,15820.830708157617
Sep-2026,Ahmedabad,19956843,meet.nandaniya@zomato.com,na,akshata.dhamdhere@zomato.com,143,0.0,0,0.0
Sep-2026,Ahmedabad,20022083,meet.nandaniya@zomato.com,north indian,akshata.dhamdhere@zomato.com,24604,24413.386,5370,5820.681208288786
Sep-2026,Ahmedabad,20079133,meet.nandaniya@zomato.com,street food,akshata.dhamdhere@zomato.com,28116,19699.606,5456,2698.589371973816
Sep-2026,Ahmedabad,20098073,meet.nandaniya@zomato.com,north indian,akshata.dhamdhere@zomato.com,59474,42079.984,11917,9039.655342111108
Sep-2026,Ahmedabad,20113510,meet.nandaniya@zomato.com,north indian,akshata.dhamdhere@zomato.com,11771,29549.488,1442,8648.025380511217
Sep-2026,Ahmedabad,20133697,meet.nandaniya@zomato.com,north indian,akshata.dhamdhere@zomato.com,78889,62149.562000000005,19125,14094.07160657002
Sep-2026,Ahmedabad,20148902,meet.nandaniya@zomato.com,na,akshata.dhamdhere@zomato.com,10387,0.0,3377,0.0
Sep-2026,Ahmedabad,20156125,meet.nandaniya@zomato.com,south indian,akshata.dhamdhere@zomato.com,3564,50414.020000000004,979,11785.375058456204
Sep-2026,Ahmedabad,20160587,meet.nandaniya@zomato.com,pizza,akshata.dhamdhere@zomato.com,5594,10690.38,1239,1324.9902739658871
Sep-2026,Ahmedabad,20163662,meet.nandaniya@zomato.com,chinese,akshata.dhamdhere@zomato.com,101691,224.44600000000003,26849,266.53532108660306
Sep-2026,Ahmedabad,20185504,meet.nandaniya@zomato.com,north indian,akshata.dhamdhere@zomato.com,246340,171151.60099999997,80142,77185.27897230556
Sep-2026,Ahmedabad,20230559,meet.nandaniya@zomato.com,street food,akshata.dhamdhere@zomato.com,15719,46221.388999999996,3989,11667.626393006702
Sep-2026,Ahmedabad,20233269,meet.nandaniya@zomato.com,burger,akshata.dhamdhere@zomato.com,40457,22354.069999999996,15380,9302.309306693282
Sep-2026,Ahmedabad,20278255,meet.nandaniya@zomato.com,chinese,akshata.dhamdhere@zomato.com,8849,2447.398,2424,530.5131660645204
Sep-2026,Ahmedabad,20283879,meet.nandaniya@zomato.com,south indian,akshata.dhamdhere@zomato.com,71591,75291.804,14674,15229.920631172285
Sep-2026,Ahmedabad,20287907,meet.nandaniya@zomato.com,beverages,akshata.dhamdhere@zomato.com,23656,2779.87,6691,568.9746676884953
Sep-2026,Ahmedabad,20321804,meet.nandaniya@zomato.com,chinese,akshata.dhamdhere@zomato.com,43141,23920.853,16438,8215.576654477101
Sep-2026,Ahmedabad,20348374,meet.nandaniya@zomato.com,ice cream,akshata.dhamdhere@zomato.com,3480,3876.7079999999996,397,608.1405095548015
Sep-2026,Ahmedabad,20359221,meet.nandaniya@zomato.com,north indian,akshata.dhamdhere@zomato.com,39684,51257.85,9589,12399.22856850309
Sep-2026,Ahmedabad,20370933,meet.nandaniya@zomato.com,north indian,akshata.dhamdhere@zomato.com,1379,1156.542,239,260.67130463710527
Sep-2026,Ahmedabad,20445298,meet.nandaniya@zomato.com,street food,akshata.dhamdhere@zomato.com,28997,9215.992,13872,1165.1314968292315
Sep-2026,Ahmedabad,20531611,meet.nandaniya@zomato.com,north indian,akshata.dhamdhere@zomato.com,157948,464507.1399999995,50401,104915.88618702136
Sep-2026,Ahmedabad,20554490,meet.nandaniya@zomato.com,north indian,akshata.dhamdhere@zomato.com,312692,277453.75099999993,83321,71774.093672736
Sep-2026,Ahmedabad,20566205,meet.nandaniya@zomato.com,north indian,akshata.dhamdhere@zomato.com,42928,105910.89000000001,3513,16460.19169051023
Sep-2026,Ahmedabad,20614310,meet.nandaniya@zomato.com,north indian,akshata.dhamdhere@zomato.com,49475,25742.896,9765,5061.133218103361
Sep-2026,Ahmedabad,20633149,meet.nandaniya@zomato.com,international,akshata.dhamdhere@zomato.com,9445,30034.694,3002,12349.343593277
Sep-2026,Ahmedabad,20647602,meet.nandaniya@zomato.com,street food,akshata.dhamdhere@zomato.com,84914,83121.62000000001,26949,25949.281485097174
Sep-2026,Ahmedabad,20651350,meet.nandaniya@zomato.com,pizza,akshata.dhamdhere@zomato.com,5285,5433.544,761,529.0363014626923
Sep-2026,Ahmedabad,20671831,meet.nandaniya@zomato.com,na,akshata.dhamdhere@zomato.com,34132,0.0,4166,0.0
Sep-2026,Ahmedabad,20680679,meet.nandaniya@zomato.com,ice cream,akshata.dhamdhere@zomato.com,21995,15671.343,4170,4069.876759598219
Sep-2026,Ahmedabad,20702107,meet.nandaniya@zomato.com,south indian,akshata.dhamdhere@zomato.com,25971,141243.595,5477,44420.76004849684
Sep-2026,Ahmedabad,20702603,meet.nandaniya@zomato.com,street food,akshata.dhamdhere@zomato.com,87965,69876.26000000001,21184,14657.889210039953
Sep-2026,Ahmedabad,20724458,meet.nandaniya@zomato.com,north indian,akshata.dhamdhere@zomato.com,34899,17468.247000000003,11376,6166.100584627041
Sep-2026,Ahmedabad,20745651,meet.nandaniya@zomato.com,street food,akshata.dhamdhere@zomato.com,35822,30898.304,9312,5658.917032294216
Sep-2026,Ahmedabad,20772656,meet.nandaniya@zomato.com,street food,akshata.dhamdhere@zomato.com,7146,13339.623999999998,1353,2696.6215061613366
Sep-2026,Ahmedabad,20772678,meet.nandaniya@zomato.com,chinese,akshata.dhamdhere@zomato.com,2390,2495.454,424,452.08162957761635
Sep-2026,Ahmedabad,20774008,meet.nandaniya@zomato.com,beverages,akshata.dhamdhere@zomato.com,69702,20896.167999999998,23517,5365.601958608638
Sep-2026,Ahmedabad,20777512,meet.nandaniya@zomato.com,north indian,akshata.dhamdhere@zomato.com,4754,5920.108,1390,802.6462487286708
Sep-2026,Ahmedabad,20785937,meet.nandaniya@zomato.com,north indian,akshata.dhamdhere@zomato.com,27123,29669.832000000002,6268,7163.335358927023
Sep-2026,Ahmedabad,20810878,meet.nandaniya@zomato.com,street food,akshata.dhamdhere@zomato.com,17051,2721.562,4485,615.6182300617644
Sep-2026,Ahmedabad,20820667,meet.nandaniya@zomato.com,burger,akshata.dhamdhere@zomato.com,7325,12558.916000000001,1598,3116.143378884788
Sep-2026,Ahmedabad,20834524,meet.nandaniya@zomato.com,chinese,akshata.dhamdhere@zomato.com,16654,20791.242000000002,4586,4027.26308618533
Sep-2026,Ahmedabad,20839943,meet.nandaniya@zomato.com,cakes,akshata.dhamdhere@zomato.com,3543,5753.396000000001,319,1541.5921284884084
Sep-2026,Ahmedabad,20842867,meet.nandaniya@zomato.com,north indian,akshata.dhamdhere@zomato.com,127034,53262.098000000005,45031,24259.86658258633
Sep-2026,Ahmedabad,20856896,meet.nandaniya@zomato.com,north indian,akshata.dhamdhere@zomato.com,42210,75336.225,3970,5016.917511753709
Sep-2026,Ahmedabad,20888177,meet.nandaniya@zomato.com,north indian,akshata.dhamdhere@zomato.com,65640,67117.241,16631,13057.01982720488
Sep-2026,Ahmedabad,20896479,meet.nandaniya@zomato.com,beverages,akshata.dhamdhere@zomato.com,11211,9967.144,2417,2217.7658799354326
Sep-2026,Ahmedabad,20898094,meet.nandaniya@zomato.com,na,akshata.dhamdhere@zomato.com,7266,0.0,1485,0.0
Sep-2026,Ahmedabad,20916769,meet.nandaniya@zomato.com,north indian,akshata.dhamdhere@zomato.com,30928,43415.73999999999,7982,11126.952350552841
Sep-2026,Ahmedabad,20943755,meet.nandaniya@zomato.com,north indian,akshata.dhamdhere@zomato.com,2732,15416.332,506,2360.7099682191606
Sep-2026,Ahmedabad,21003938,meet.nandaniya@zomato.com,street food,akshata.dhamdhere@zomato.com,37750,23451.091999999997,17796,9290.37711334095
Sep-2026,Ahmedabad,21017999,meet.nandaniya@zomato.com,north indian,akshata.dhamdhere@zomato.com,865,11666.652999999998,135,2907.1219004985414
Sep-2026,Ahmedabad,21023526,meet.nandaniya@zomato.com,north indian,akshata.dhamdhere@zomato.com,89884,102435.57400000001,34124,27708.122227311396
Sep-2026,Ahmedabad,21025349,meet.nandaniya@zomato.com,street food,akshata.dhamdhere@zomato.com,21076,18965.168,9889,11377.777319283228
Sep-2026,Ahmedabad,21035534,meet.nandaniya@zomato.com,south indian,akshata.dhamdhere@zomato.com,26321,10454.97,4644,1940.449098219807
Sep-2026,Ahmedabad,21035602,meet.nandaniya@zomato.com,cakes,akshata.dhamdhere@zomato.com,33604,29867.316000000003,9125,8016.867776809175
Sep-2026,Ahmedabad,21045623,meet.nandaniya@zomato.com,street food,akshata.dhamdhere@zomato.com,97156,164574.245,41153,75303.48558316976
Sep-2026,Ahmedabad,21051859,meet.nandaniya@zomato.com,north indian,akshata.dhamdhere@zomato.com,122580,136817.20500000005,50158,50548.096385117045
Sep-2026,Ahmedabad,21075540,meet.nandaniya@zomato.com,north indian,akshata.dhamdhere@zomato.com,526,24828.084,98,9288.969637936554
Sep-2026,Ahmedabad,21078995,meet.nandaniya@zomato.com,north indian,akshata.dhamdhere@zomato.com,36088,53108.658,6018,14998.852645364099
Sep-2026,Ahmedabad,21110969,meet.nandaniya@zomato.com,north indian,akshata.dhamdhere@zomato.com,80188,50361.888,15377,9501.879254994848
Sep-2026,Ahmedabad,21151925,meet.nandaniya@zomato.com,street food,akshata.dhamdhere@zomato.com,59240,15183.034,13553,3099.5695379133535
Sep-2026,Ahmedabad,21174851,meet.nandaniya@zomato.com,north indian,akshata.dhamdhere@zomato.com,111015,135959.022,24153,38518.63327417987
Sep-2026,Ahmedabad,21201073,meet.nandaniya@zomato.com,north indian,akshata.dhamdhere@zomato.com,90998,119731.02,29160,36437.371970239656
Sep-2026,Ahmedabad,21229954,meet.nandaniya@zomato.com,north indian,akshata.dhamdhere@zomato.com,4761,3361.074,765,1755.5964109748054
Sep-2026,Ahmedabad,21251144,meet.nandaniya@zomato.com,street food,akshata.dhamdhere@zomato.com,83155,106234.16200000001,19202,19543.548459910555
Sep-2026,Ahmedabad,21304586,meet.nandaniya@zomato.com,street food,akshata.dhamdhere@zomato.com,682,1511.8819999999998,83,200.84718106390048
Sep-2026,Ahmedabad,21307850,meet.nandaniya@zomato.com,north indian,akshata.dhamdhere@zomato.com,5539,35431.729,1110,8245.283100146291
Sep-2026,Ahmedabad,21353316,meet.nandaniya@zomato.com,north indian,akshata.dhamdhere@zomato.com,112670,80971.364,16819,10733.657861910471
Sep-2026,Ahmedabad,21360816,meet.nandaniya@zomato.com,chinese,akshata.dhamdhere@zomato.com,18266,10664.874,8231,2120.1997091402145
Sep-2026,Ahmedabad,21372727,meet.nandaniya@zomato.com,south indian,akshata.dhamdhere@zomato.com,59962,64045.651,13151,14814.691348684612
Sep-2026,Ahmedabad,21402057,meet.nandaniya@zomato.com,mithai,akshata.dhamdhere@zomato.com,29841,69638.754,3915,16898.394125551873
Sep-2026,Ahmedabad,21429392,meet.nandaniya@zomato.com,street food,akshata.dhamdhere@zomato.com,903,7321.602000000001,164,941.9519542752126
Sep-2026,Ahmedabad,21433442,meet.nandaniya@zomato.com,street food,akshata.dhamdhere@zomato.com,37657,26755.278000000002,11613,8337.010179053987
Sep-2026,Ahmedabad,21433478,meet.nandaniya@zomato.com,"wraps, rolls and sandwiches",akshata.dhamdhere@zomato.com,35041,16056.26,5997,2695.897427811031
Sep-2026,Ahmedabad,21459265,meet.nandaniya@zomato.com,international,akshata.dhamdhere@zomato.com,23788,0.0,6045,0.0
Sep-2026,Ahmedabad,21487315,meet.nandaniya@zomato.com,south indian,akshata.dhamdhere@zomato.com,42506,34713.525,11905,7725.355493767835
Sep-2026,Ahmedabad,21487832,meet.nandaniya@zomato.com,"wraps, rolls and sandwiches",akshata.dhamdhere@zomato.com,21201,0.0,6194,0.0
Sep-2026,Ahmedabad,21488033,meet.nandaniya@zomato.com,north indian,akshata.dhamdhere@zomato.com,34500,20197.648,4615,3005.2911715677383
Sep-2026,Ahmedabad,21491010,meet.nandaniya@zomato.com,north indian,akshata.dhamdhere@zomato.com,77443,55707.013999999996,24036,16521.52187520873
Sep-2026,Ahmedabad,21516926,meet.nandaniya@zomato.com,pizza,akshata.dhamdhere@zomato.com,111103,68142.89399999999,38546,22903.968453744634
Sep-2026,Ahmedabad,21529832,meet.nandaniya@zomato.com,chinese,akshata.dhamdhere@zomato.com,27746,15375.62,6843,3132.539762893592
Sep-2026,Ahmedabad,21536337,meet.nandaniya@zomato.com,north indian,akshata.dhamdhere@zomato.com,85129,0.0,27732,0.0
Sep-2026,Ahmedabad,21565613,meet.nandaniya@zomato.com,international,akshata.dhamdhere@zomato.com,124261,132918.037,53219,44371.248019698585
Sep-2026,Ahmedabad,21590869,meet.nandaniya@zomato.com,north indian,akshata.dhamdhere@zomato.com,128261,115968.44399999999,36771,37199.94447596265
Sep-2026,Ahmedabad,21604052,meet.nandaniya@zomato.com,north indian,akshata.dhamdhere@zomato.com,11152,3486.946,1383,551.1512433065704
Sep-2026,Ahmedabad,21628388,meet.nandaniya@zomato.com,north indian,akshata.dhamdhere@zomato.com,20183,39070.649999999994,5110,7515.535555617941
Sep-2026,Ahmedabad,21630931,meet.nandaniya@zomato.com,pizza,akshata.dhamdhere@zomato.com,24603,589.136,5834,31.894612263602397
Sep-2026,Ahmedabad,21630940,meet.nandaniya@zomato.com,pizza,akshata.dhamdhere@zomato.com,524,0.0,118,0.0
Sep-2026,Ahmedabad,21637987,meet.nandaniya@zomato.com,north indian,akshata.dhamdhere@zomato.com,45103,80984.065,9718,26725.721507959286
Sep-2026,Ahmedabad,21643019,meet.nandaniya@zomato.com,street food,akshata.dhamdhere@zomato.com,25657,1204.394,5502,161.42021076999947
Sep-2026,Ahmedabad,21689776,meet.nandaniya@zomato.com,street food,akshata.dhamdhere@zomato.com,84603,72563.23800000001,23306,24168.004390062924
Sep-2026,Ahmedabad,21711303,meet.nandaniya@zomato.com,na,akshata.dhamdhere@zomato.com,820,0.0,31,0.0
Sep-2026,Ahmedabad,21758981,meet.nandaniya@zomato.com,north indian,akshata.dhamdhere@zomato.com,19907,21008.039,4087,3867.722738698735
Sep-2026,Ahmedabad,21764963,meet.nandaniya@zomato.com,north indian,akshata.dhamdhere@zomato.com,73802,122832.944,21008,44957.03766182109
Sep-2026,Ahmedabad,21783055,meet.nandaniya@zomato.com,na,akshata.dhamdhere@zomato.com,43959,0.0,7451,0.0
Sep-2026,Ahmedabad,21799855,meet.nandaniya@zomato.com,na,akshata.dhamdhere@zomato.com,4482,0.0,598,0.0
Sep-2026,Ahmedabad,21819908,meet.nandaniya@zomato.com,biryani,akshata.dhamdhere@zomato.com,17348,12736.34,5637,4446.715840060679
Sep-2026,Ahmedabad,21826827,meet.nandaniya@zomato.com,north indian,akshata.dhamdhere@zomato.com,152360,216546.35000000003,35817,71108.87688807126
Sep-2026,Ahmedabad,21866403,meet.nandaniya@zomato.com,north indian,akshata.dhamdhere@zomato.com,56628,79281.59599999999,11680,20467.111620660216
Sep-2026,Ahmedabad,21902819,meet.nandaniya@zomato.com,north indian,akshata.dhamdhere@zomato.com,10421,626.002,1722,-43.22358000922462
Sep-2026,Ahmedabad,21906770,meet.nandaniya@zomato.com,"wraps, rolls and sandwiches",akshata.dhamdhere@zomato.com,85724,61959.528,17502,11376.909099451621
Sep-2026,Ahmedabad,21906795,meet.nandaniya@zomato.com,na,akshata.dhamdhere@zomato.com,383,0.0,55,0.0
Sep-2026,Ahmedabad,21926429,meet.nandaniya@zomato.com,north indian,akshata.dhamdhere@zomato.com,130131,31008.311999999998,36310,7269.83325989986
Sep-2026,Ahmedabad,21927594,meet.nandaniya@zomato.com,street food,akshata.dhamdhere@zomato.com,6630,0.0,1206,0.0
Sep-2026,Ahmedabad,21931380,meet.nandaniya@zomato.com,na,akshata.dhamdhere@zomato.com,13835,0.0,2679,0.0
Sep-2026,Ahmedabad,21940021,meet.nandaniya@zomato.com,pizza,akshata.dhamdhere@zomato.com,6857,5589.954000000001,3511,1554.8438545587187
Sep-2026,Ahmedabad,21945923,meet.nandaniya@zomato.com,north indian,akshata.dhamdhere@zomato.com,16402,28738.272999999994,3596,5692.756731613353
Sep-2026,Ahmedabad,21963277,meet.nandaniya@zomato.com,street food,akshata.dhamdhere@zomato.com,23738,82115.622,4476,17860.101058333203
Sep-2026,Ahmedabad,21978432,meet.nandaniya@zomato.com,"wraps, rolls and sandwiches",akshata.dhamdhere@zomato.com,30017,19930.85,7870,4926.448200672152
Sep-2026,Ahmedabad,21985490,meet.nandaniya@zomato.com,north indian,akshata.dhamdhere@zomato.com,25264,9624.508,3350,1756.178173263756
Sep-2026,Ahmedabad,22030400,meet.nandaniya@zomato.com,na,akshata.dhamdhere@zomato.com,18082,0.0,7259,0.0
Sep-2026,Ahmedabad,22040353,meet.nandaniya@zomato.com,street food,akshata.dhamdhere@zomato.com,49760,15322.301,19577,5592.390368804914
Sep-2026,Ahmedabad,22063156,meet.nandaniya@zomato.com,north indian,akshata.dhamdhere@zomato.com,71570,50389.865999999995,19067,20796.844803023374
Sep-2026,Ahmedabad,22069069,meet.nandaniya@zomato.com,north indian,akshata.dhamdhere@zomato.com,10898,4481.992,2221,1078.2815655307209
Sep-2026,Ahmedabad,22115813,meet.nandaniya@zomato.com,north indian,akshata.dhamdhere@zomato.com,78075,54319.67999999999,26561,18786.650438699042
Sep-2026,Ahmedabad,22126373,meet.nandaniya@zomato.com,na,akshata.dhamdhere@zomato.com,1093,0.0,192,0.0
Sep-2026,Ahmedabad,22156366,meet.nandaniya@zomato.com,na,akshata.dhamdhere@zomato.com,195,0.0,30,0.0
Sep-2026,Ahmedabad,22161161,meet.nandaniya@zomato.com,burger,akshata.dhamdhere@zomato.com,44226,39145.832,10484,10341.76374504389
Sep-2026,Ahmedabad,22183600,meet.nandaniya@zomato.com,north indian,akshata.dhamdhere@zomato.com,115167,40278.318,38236,8288.48726522663
Sep-2026,Ahmedabad,22186676,meet.nandaniya@zomato.com,north indian,akshata.dhamdhere@zomato.com,183281,102917.212,72404,35304.54908756952
Sep-2026,Ahmedabad,22187652,meet.nandaniya@zomato.com,burger,akshata.dhamdhere@zomato.com,10159,2119.7340000000004,1805,1147.5069422551298
Sep-2026,Ahmedabad,22193849,meet.nandaniya@zomato.com,na,akshata.dhamdhere@zomato.com,70635,0.0,27702,0.0
Sep-2026,Ahmedabad,22203987,meet.nandaniya@zomato.com,na,akshata.dhamdhere@zomato.com,52007,0.0,23917,0.0
Sep-2026,Ahmedabad,22259418,meet.nandaniya@zomato.com,na,akshata.dhamdhere@zomato.com,4066,0.0,921,0.0
Sep-2026,Ahmedabad,22309609,meet.nandaniya@zomato.com,north indian,akshata.dhamdhere@zomato.com,357303,110823.97499999999,130057,51150.249714258
Sep-2026,Ahmedabad,22368563,meet.nandaniya@zomato.com,north indian,akshata.dhamdhere@zomato.com,41367,58534.125,8321,19268.115247244394
Sep-2026,Ahmedabad,22384638,meet.nandaniya@zomato.com,north indian,akshata.dhamdhere@zomato.com,4351,183882.18800000005,2205,55874.99895259126
Sep-2026,Ahmedabad,22410076,meet.nandaniya@zomato.com,south indian,akshata.dhamdhere@zomato.com,1331,0.0,678,0.0
Sep-2026,Ahmedabad,22454748,meet.nandaniya@zomato.com,street food,akshata.dhamdhere@zomato.com,235337,202475.24800000002,81734,51077.74871394194
Sep-2026,Ahmedabad,22467738,meet.nandaniya@zomato.com,na,akshata.dhamdhere@zomato.com,8561,0.0,1516,0.0
Sep-2026,Ahmedabad,22485506,meet.nandaniya@zomato.com,street food,akshata.dhamdhere@zomato.com,18379,0.0,5386,0.0
Sep-2026,Ahmedabad,22485865,meet.nandaniya@zomato.com,street food,akshata.dhamdhere@zomato.com,47262,44765.634000000005,10109,8815.49670066976
Sep-2026,Ahmedabad,22491150,meet.nandaniya@zomato.com,north indian,akshata.dhamdhere@zomato.com,266041,38935.14,64815,7270.63573591368
Sep-2026,Ahmedabad,22516292,meet.nandaniya@zomato.com,cakes,akshata.dhamdhere@zomato.com,71841,87601.085,22654,29689.474258783455
Sep-2026,Ahmedabad,22518615,meet.nandaniya@zomato.com,na,akshata.dhamdhere@zomato.com,5719,0.0,3698,0.0
Sep-2026,Ahmedabad,22518636,meet.nandaniya@zomato.com,chinese,akshata.dhamdhere@zomato.com,32965,2269.988,13309,765.1178433834993
Sep-2026,Ahmedabad,22538339,meet.nandaniya@zomato.com,street food,akshata.dhamdhere@zomato.com,21912,101458.69999999998,5144,45307.99864913015
Sep-2026,Ahmedabad,22543569,meet.nandaniya@zomato.com,south indian,akshata.dhamdhere@zomato.com,20604,2685.674,9006,304.70894639697764
Sep-2026,Ahmedabad,22564576,meet.nandaniya@zomato.com,north indian,akshata.dhamdhere@zomato.com,67141,1514.3860000000002,23300,334.70854545138445
Sep-2026,Ahmedabad,22577168,meet.nandaniya@zomato.com,pizza,akshata.dhamdhere@zomato.com,3767,2478.572,1770,1392.8714144534092
Sep-2026,Ahmedabad,22596504,meet.nandaniya@zomato.com,north indian,akshata.dhamdhere@zomato.com,14537,0.0,3235,0.0
Sep-2026,Ahmedabad,22620755,meet.nandaniya@zomato.com,north indian,akshata.dhamdhere@zomato.com,23275,67307.73000000001,1104,15552.078788106772
Sep-2026,Ahmedabad,22626401,meet.nandaniya@zomato.com,street food,akshata.dhamdhere@zomato.com,64947,55710.969000000005,7189,12277.020450997317
Sep-2026,Ahmedabad,22630130,meet.nandaniya@zomato.com,na,akshata.dhamdhere@zomato.com,2207,0.0,2264,0.0
Sep-2026,Ahmedabad,22630942,meet.nandaniya@zomato.com,north indian,akshata.dhamdhere@zomato.com,8342,0.0,991,0.0
Sep-2026,Ahmedabad,22633426,meet.nandaniya@zomato.com,north indian,akshata.dhamdhere@zomato.com,19215,19852.474,785,4857.418789627063
Sep-2026,Ahmedabad,22642544,meet.nandaniya@zomato.com,north indian,akshata.dhamdhere@zomato.com,8327,1545.786,2483,245.140943346229
Sep-2026,Ahmedabad,22662671,meet.nandaniya@zomato.com,north indian,akshata.dhamdhere@zomato.com,16607,6022.902,2154,2515.8215103548864
Sep-2026,Ahmedabad,22663257,meet.nandaniya@zomato.com,north indian,akshata.dhamdhere@zomato.com,1296,7613.759999999999,200,1699.7241331814853
Sep-2026,Ahmedabad,22668452,meet.nandaniya@zomato.com,na,akshata.dhamdhere@zomato.com,19405,0.0,1991,0.0
Sep-2026,Ahmedabad,22672081,meet.nandaniya@zomato.com,burger,akshata.dhamdhere@zomato.com,0,19466.408000000003,0,4590.7174772214
Sep-2026,Ahmedabad,22672526,meet.nandaniya@zomato.com,street food,akshata.dhamdhere@zomato.com,0,1903.4940000000001,0,310.92022349801425
Sep-2026,Ahmedabad,22672747,meet.nandaniya@zomato.com,biryani,akshata.dhamdhere@zomato.com,0,18023.722,0,2854.8170443705208
Sep-2026,Ahmedabad,22677103,meet.nandaniya@zomato.com,na,akshata.dhamdhere@zomato.com,2969,0.0,-89,0.0
Sep-2026,Ahmedabad,22678971,meet.nandaniya@zomato.com,street food,akshata.dhamdhere@zomato.com,19651,11829.673,-1021,1540.0775122796072
Sep-2026,Ahmedabad,22679271,meet.nandaniya@zomato.com,pizza,akshata.dhamdhere@zomato.com,133,0.0,113,0.0
Sep-2026,Ahmedabad,22699644,meet.nandaniya@zomato.com,street food,akshata.dhamdhere@zomato.com,0,74351.48399999998,0,38376.20869570758
Sep-2026,Ahmedabad,22702192,meet.nandaniya@zomato.com,north indian,akshata.dhamdhere@zomato.com,5420,50008.534000000014,-742,8663.326259682477
Sep-2026,Ahmedabad,22716553,meet.nandaniya@zomato.com,north indian,akshata.dhamdhere@zomato.com,394,35585.16,1,8308.420530476653
Sep-2026,Ahmedabad,22727081,meet.nandaniya@zomato.com,street food,akshata.dhamdhere@zomato.com,283,16785.156,-24,2282.627814868566
Sep-2026,Ahmedabad,22739182,meet.nandaniya@zomato.com,south indian,akshata.dhamdhere@zomato.com,1335,35019.843,26,9644.57198860813
Sep-2026,Ahmedabad,22739936,meet.nandaniya@zomato.com,street food,akshata.dhamdhere@zomato.com,0,17409.386000000002,0,4577.56677854777
Sep-2026,Ahmedabad,22747454,meet.nandaniya@zomato.com,na,akshata.dhamdhere@zomato.com,0,1213.168,0,320.89060774830085
Sep-2026,Ahmedabad,22747597,meet.nandaniya@zomato.com,street food,akshata.dhamdhere@zomato.com,0,1277.11,0,121.04673681442449
Sep-2026,Ahmedabad,22751996,meet.nandaniya@zomato.com,south indian,akshata.dhamdhere@zomato.com,0,1009.5099999999999,0,188.12538671022253
Sep-2026,Ahmedabad,22760399,meet.nandaniya@zomato.com,north indian,akshata.dhamdhere@zomato.com,0,63936.993,0,14904.945089100767
Sep-2026,Ahmedabad,22761439,meet.nandaniya@zomato.com,"wraps, rolls and sandwiches",akshata.dhamdhere@zomato.com,0,13491.824,0,2706.7330047028718
Sep-2026,Ahmedabad,22765802,meet.nandaniya@zomato.com,street food,akshata.dhamdhere@zomato.com,0,117097.23000000001,0,31722.682179482224
Sep-2026,Ahmedabad,22770649,meet.nandaniya@zomato.com,north indian,akshata.dhamdhere@zomato.com,0,29962.193999999996,0,5210.390454410567
Sep-2026,Ahmedabad,22770660,meet.nandaniya@zomato.com,street food,akshata.dhamdhere@zomato.com,0,7572.047999999999,0,1848.260612905603
Sep-2026,Ahmedabad,22770787,meet.nandaniya@zomato.com,beverages,akshata.dhamdhere@zomato.com,0,5391.546,0,805.0455740717393
Sep-2026,Ahmedabad,22771392,meet.nandaniya@zomato.com,international,akshata.dhamdhere@zomato.com,0,4181.562,0,958.93215901621
Sep-2026,Ahmedabad,22772655,meet.nandaniya@zomato.com,street food,akshata.dhamdhere@zomato.com,0,10245.735999999999,0,1914.0168404348346
Sep-2026,Ahmedabad,22830791,meet.nandaniya@zomato.com,north indian,akshata.dhamdhere@zomato.com,0,63127.945999999996,0,17046.075532552
Sep-2026,Ahmedabad,22854327,meet.nandaniya@zomato.com,chinese,akshata.dhamdhere@zomato.com,0,26361.27,0,4440.727014328749
Sep-2026,Ahmedabad,21211328,garvit.jain@zomato.com,beverages,amirishetti.kumar@zomato.com,1369,0.0,100,0.0
Sep-2026,Ahmedabad,21562459,hatim.chinwala@zomato.com,north indian,ankita.gupta@zomato.com,35547,0.0,14688,0.0
Sep-2026,Ahmedabad,22302679,hatim.chinwala@zomato.com,north indian,ankita.gupta@zomato.com,30116,0.0,9667,0.0
Sep-2026,Ahmedabad,22407642,hatim.chinwala@zomato.com,north indian,ankita.gupta@zomato.com,47074,0.0,15671,0.0
Sep-2026,Ahmedabad,21730116,rana.amit@zomato.com,north indian,anmol.upadhyaya@zomato.com,446383,313650.666,148590,129883.6270216912
Sep-2026,Ahmedabad,20891511,divya.chavan@zomato.com,ice cream,anurag.talwar@zomato.com,18300,5034.5960000000005,3893,1079.632827042019
Sep-2026,Ahmedabad,21337373,divya.chavan@zomato.com,ice cream,anurag.talwar@zomato.com,22285,0.0,8669,0.0
Sep-2026,Ahmedabad,22108221,ayon.roy@zomato.com,desserts,arujsingh.a@zomato.com,16443,63289.878000000004,3635,21352.622773192743
Sep-2026,Ahmedabad,22115011,ayon.roy@zomato.com,desserts,arujsingh.a@zomato.com,33901,37966.49600000001,7131,16047.836182080791
Sep-2026,Ahmedabad,21093055,tanya.gera@zomato.com,pizza,arujsingh.a@zomato.com,191765,400725.57500000007,70943,124531.67983790571
Sep-2026,Ahmedabad,21027289,hari.singh@zomato.com,north indian,bhavik.shah@zomato.com,11787,25602.36,2258,5846.477434389571
Sep-2026,Ahmedabad,110022,harsh.shukla@zomato.com,north indian,bhavik.shah@zomato.com,267448,215013.83599999998,53295,37791.479858415696
Sep-2026,Ahmedabad,110145,harsh.shukla@zomato.com,north indian,bhavik.shah@zomato.com,234265,188235.931,61921,35695.436275637934
Sep-2026,Ahmedabad,110146,harsh.shukla@zomato.com,north indian,bhavik.shah@zomato.com,142113,144635.91300000003,39721,43666.43808734892
Sep-2026,Ahmedabad,110149,harsh.shukla@zomato.com,mithai,bhavik.shah@zomato.com,1123725,1596819.3019999994,246337,314356.38786022854
Sep-2026,Ahmedabad,110150,harsh.shukla@zomato.com,mithai,bhavik.shah@zomato.com,586050,786442.7999999999,151759,154797.76181838033
Sep-2026,Ahmedabad,110153,harsh.shukla@zomato.com,ice cream,bhavik.shah@zomato.com,15700,11850.312,2368,2480.71902866693
Sep-2026,Ahmedabad,110225,harsh.shukla@zomato.com,north indian,bhavik.shah@zomato.com,1459677,1158052.404,195683,197068.30296820417
Sep-2026,Ahmedabad,110328,harsh.shukla@zomato.com,north indian,bhavik.shah@zomato.com,449907,379069.33499999996,146628,123880.64608163624
Sep-2026,Ahmedabad,110336,harsh.shukla@zomato.com,north indian,bhavik.shah@zomato.com,330672,332970.37799999997,140459,130615.78420325632
Sep-2026,Ahmedabad,110357,harsh.shukla@zomato.com,beverages,bhavik.shah@zomato.com,593998,269832.78099999996,154911,53074.87540451126
Sep-2026,Ahmedabad,110359,harsh.shukla@zomato.com,beverages,bhavik.shah@zomato.com,120910,0.0,24446,0.0
Sep-2026,Ahmedabad,110360,harsh.shukla@zomato.com,beverages,bhavik.shah@zomato.com,193,0.0,82,0.0
Sep-2026,Ahmedabad,110363,harsh.shukla@zomato.com,street food,bhavik.shah@zomato.com,27108,49155.310000000005,6407,16721.861056894708
Sep-2026,Ahmedabad,110397,harsh.shukla@zomato.com,cakes,bhavik.shah@zomato.com,110330,61978.378999999986,33220,20177.879445368857
Sep-2026,Ahmedabad,110447,harsh.shukla@zomato.com,beverages,bhavik.shah@zomato.com,382779,222142.77000000005,97581,47695.46577157008
Sep-2026,Ahmedabad,110529,harsh.shukla@zomato.com,cakes,bhavik.shah@zomato.com,84262,47825.027,30077,17325.205607886077
Sep-2026,Ahmedabad,110555,harsh.shukla@zomato.com,ice cream,bhavik.shah@zomato.com,3518,6281.99,505,1763.4466394430815
Sep-2026,Ahmedabad,110557,harsh.shukla@zomato.com,ice cream,bhavik.shah@zomato.com,492,0.0,100,0.0
Sep-2026,Ahmedabad,110573,harsh.shukla@zomato.com,mithai,bhavik.shah@zomato.com,757907,1225678.5629999998,169740,263596.9836711398
Sep-2026,Ahmedabad,110574,harsh.shukla@zomato.com,mithai,bhavik.shah@zomato.com,288321,374510.736,71954,71944.59203880207
Sep-2026,Ahmedabad,110677,harsh.shukla@zomato.com,mithai,bhavik.shah@zomato.com,427272,514560.12999999995,82402,117353.02266975108
Sep-2026,Ahmedabad,110678,harsh.shukla@zomato.com,mithai,bhavik.shah@zomato.com,326164,470684.96699999995,69740,105733.25493161796
Sep-2026,Ahmedabad,110679,harsh.shukla@zomato.com,mithai,bhavik.shah@zomato.com,74154,67563.502,14367,14333.358009949054
Sep-2026,Ahmedabad,110680,harsh.shukla@zomato.com,street food,bhavik.shah@zomato.com,39768,27824.819999999996,7689,4985.360111682496
Sep-2026,Ahmedabad,110692,harsh.shukla@zomato.com,mithai,bhavik.shah@zomato.com,78401,93310.83600000001,23887,31371.87245485031
Sep-2026,Ahmedabad,110758,harsh.shukla@zomato.com,north indian,bhavik.shah@zomato.com,154149,130578.97600000001,34235,26271.667397227153
Sep-2026,Ahmedabad,110789,harsh.shukla@zomato.com,north indian,bhavik.shah@zomato.com,562401,274504.32,199989,128414.9567317425
Sep-2026,Ahmedabad,110979,harsh.shukla@zomato.com,ice cream,bhavik.shah@zomato.com,11171,18991.421000000002,1945,4017.0973808905756
Sep-2026,Ahmedabad,110990,harsh.shukla@zomato.com,north indian,bhavik.shah@zomato.com,1464533,1168777.8739999996,195323,196791.17761611033
Sep-2026,Ahmedabad,111280,harsh.shukla@zomato.com,"wraps, rolls and sandwiches",bhavik.shah@zomato.com,357707,474178.333,106328,157182.78298103163
Sep-2026,Ahmedabad,111535,harsh.shukla@zomato.com,mithai,bhavik.shah@zomato.com,142919,237171.10799999998,38169,48252.309735477866
Sep-2026,Ahmedabad,111670,harsh.shukla@zomato.com,street food,bhavik.shah@zomato.com,186073,246445.174,26757,39454.78970516381
Sep-2026,Ahmedabad,111772,harsh.shukla@zomato.com,north indian,bhavik.shah@zomato.com,91402,94368.66799999999,27713,29628.766828122763
Sep-2026,Ahmedabad,111931,harsh.shukla@zomato.com,desserts,bhavik.shah@zomato.com,277609,216143.129,82259,77703.64475735136
Sep-2026,Ahmedabad,112001,harsh.shukla@zomato.com,cakes,bhavik.shah@zomato.com,116208,135168.905,36136,39988.64255530324
Sep-2026,Ahmedabad,112053,harsh.shukla@zomato.com,street food,bhavik.shah@zomato.com,28896,44707.586,6330,14975.188447956285
Sep-2026,Ahmedabad,112140,harsh.shukla@zomato.com,"wraps, rolls and sandwiches",bhavik.shah@zomato.com,383927,244291.35800000004,150596,66248.12243418499
Sep-2026,Ahmedabad,112509,harsh.shukla@zomato.com,mithai,bhavik.shah@zomato.com,219894,333041.527,47623,51967.41081901475
Sep-2026,Ahmedabad,112570,harsh.shukla@zomato.com,north indian,bhavik.shah@zomato.com,252176,67345.113,104402,33433.533401532324
Sep-2026,Ahmedabad,112679,harsh.shukla@zomato.com,mithai,bhavik.shah@zomato.com,1679603,1891749.2229999993,398374,388795.15338021494
Sep-2026,Ahmedabad,112762,harsh.shukla@zomato.com,cakes,bhavik.shah@zomato.com,83830,74086.71699999999,13898,11328.169458944261
Sep-2026,Ahmedabad,112951,harsh.shukla@zomato.com,beverages,bhavik.shah@zomato.com,349818,370234.21400000004,110446,129067.39344935391
Sep-2026,Ahmedabad,112964,harsh.shukla@zomato.com,ice cream,bhavik.shah@zomato.com,123,0.0,23,0.0
Sep-2026,Ahmedabad,113016,harsh.shukla@zomato.com,international,bhavik.shah@zomato.com,0,1041.3320000000003,0,0.10662249819005581
Sep-2026,Ahmedabad,113152,harsh.shukla@zomato.com,street food,bhavik.shah@zomato.com,72365,141919.44700000001,17109,50272.97463199938
Sep-2026,Ahmedabad,113277,harsh.shukla@zomato.com,ice cream,bhavik.shah@zomato.com,26152,32255.602,5320,9185.095308628093
Sep-2026,Ahmedabad,113319,harsh.shukla@zomato.com,mithai,bhavik.shah@zomato.com,260392,471754.25000000006,78578,98977.412216812
Sep-2026,Ahmedabad,113327,harsh.shukla@zomato.com,"wraps, rolls and sandwiches",bhavik.shah@zomato.com,260930,392895.5489999999,78907,147604.8964318823
Sep-2026,Ahmedabad,113387,harsh.shukla@zomato.com,"wraps, rolls and sandwiches",bhavik.shah@zomato.com,58951,217280.33799999996,19779,61869.75140529324
Sep-2026,Ahmedabad,113389,harsh.shukla@zomato.com,"wraps, rolls and sandwiches",bhavik.shah@zomato.com,121933,450075.7119999999,37925,160209.21938994262
Sep-2026,Ahmedabad,113401,harsh.shukla@zomato.com,street food,bhavik.shah@zomato.com,206195,162961.48099999997,40483,32703.73009381753
Sep-2026,Ahmedabad,113753,harsh.shukla@zomato.com,"wraps, rolls and sandwiches",bhavik.shah@zomato.com,120976,109534.873,27473,24554.24950097391
Sep-2026,Ahmedabad,113789,harsh.shukla@zomato.com,north indian,bhavik.shah@zomato.com,613281,766504.8279999999,102844,158055.6792914092
Sep-2026,Ahmedabad,113894,harsh.shukla@zomato.com,mithai,bhavik.shah@zomato.com,43588,42651.172,5711,6091.068880060725
Sep-2026,Ahmedabad,113899,harsh.shukla@zomato.com,mithai,bhavik.shah@zomato.com,69421,75272.651,16864,12219.258600955784
Sep-2026,Ahmedabad,113993,harsh.shukla@zomato.com,street food,bhavik.shah@zomato.com,104149,65950.86899999999,16003,9568.40871180057
Sep-2026,Ahmedabad,18173165,harsh.shukla@zomato.com,cakes,bhavik.shah@zomato.com,154929,80220.116,40444,24191.667451085425
Sep-2026,Ahmedabad,18226421,harsh.shukla@zomato.com,ice cream,bhavik.shah@zomato.com,8940,19882.843,1417,4280.325505013428
Sep-2026,Ahmedabad,18261037,harsh.shukla@zomato.com,street food,bhavik.shah@zomato.com,93106,113719.70800000003,13840,15417.749695132152
Sep-2026,Ahmedabad,18264327,harsh.shukla@zomato.com,beverages,bhavik.shah@zomato.com,91363,68033.68400000001,21408,17384.237066921803
Sep-2026,Ahmedabad,18264331,harsh.shukla@zomato.com,north indian,bhavik.shah@zomato.com,0,99302.01599999996,0,34992.06477041153
Sep-2026,Ahmedabad,18275453,harsh.shukla@zomato.com,street food,bhavik.shah@zomato.com,53496,107472.28499999999,13316,34579.046493020855
Sep-2026,Ahmedabad,18299282,harsh.shukla@zomato.com,mithai,bhavik.shah@zomato.com,118735,114548.728,19164,17936.275015982985
Sep-2026,Ahmedabad,18371314,harsh.shukla@zomato.com,cakes,bhavik.shah@zomato.com,158184,163009.12700000004,43562,43552.29091892578
Sep-2026,Ahmedabad,18371349,harsh.shukla@zomato.com,international,bhavik.shah@zomato.com,263758,251017.30900000004,84258,81789.3809468439
Sep-2026,Ahmedabad,18427452,harsh.shukla@zomato.com,ice cream,bhavik.shah@zomato.com,11554,11300.628999999999,1828,3175.2375693773747
Sep-2026,Ahmedabad,18449948,harsh.shukla@zomato.com,desserts,bhavik.shah@zomato.com,84606,179294.928,27311,37689.43173499933
Sep-2026,Ahmedabad,18546237,harsh.shukla@zomato.com,street food,bhavik.shah@zomato.com,259407,149103.691,50755,28450.398168741514
Sep-2026,Ahmedabad,18579926,harsh.shukla@zomato.com,street food,bhavik.shah@zomato.com,207802,104267.39300000001,40172,19841.087324420183
Sep-2026,Ahmedabad,18590056,harsh.shukla@zomato.com,north indian,bhavik.shah@zomato.com,491304,347793.00599999994,150075,115212.43025435449
Sep-2026,Ahmedabad,18666563,harsh.shukla@zomato.com,north indian,bhavik.shah@zomato.com,620035,356125.64800000004,148912,89715.81197114561
Sep-2026,Ahmedabad,18698391,harsh.shukla@zomato.com,beverages,bhavik.shah@zomato.com,127653,0.0,30346,0.0
Sep-2026,Ahmedabad,18793151,harsh.shukla@zomato.com,beverages,bhavik.shah@zomato.com,159607,0.0,41988,0.0
Sep-2026,Ahmedabad,18882529,harsh.shukla@zomato.com,north indian,bhavik.shah@zomato.com,645112,608155.8399999999,124631,133056.53203165397
Sep-2026,Ahmedabad,18885708,harsh.shukla@zomato.com,street food,bhavik.shah@zomato.com,94107,109044.038,18560,20998.58021825873
Sep-2026,Ahmedabad,18965155,harsh.shukla@zomato.com,north indian,bhavik.shah@zomato.com,10734,1977.6560000000002,4879,332.1226811336857
Sep-2026,Ahmedabad,19010664,harsh.shukla@zomato.com,beverages,bhavik.shah@zomato.com,748135,666607.0119999999,180843,176281.07937310726
Sep-2026,Ahmedabad,19016567,harsh.shukla@zomato.com,beverages,bhavik.shah@zomato.com,190192,202387.87100000004,37497,42547.89288941075
Sep-2026,Ahmedabad,19030920,harsh.shukla@zomato.com,north indian,bhavik.shah@zomato.com,224008,200734.79600000003,60347,57376.95223935549
Sep-2026,Ahmedabad,19057584,harsh.shukla@zomato.com,"wraps, rolls and sandwiches",bhavik.shah@zomato.com,40360,0.0,8362,0.0
Sep-2026,Ahmedabad,19077622,harsh.shukla@zomato.com,mithai,bhavik.shah@zomato.com,504715,641795.3209999999,122832,121973.7359275609
Sep-2026,Ahmedabad,19089105,harsh.shukla@zomato.com,street food,bhavik.shah@zomato.com,72543,62808.02200000001,22981,21862.861846239746
Sep-2026,Ahmedabad,19097715,harsh.shukla@zomato.com,mithai,bhavik.shah@zomato.com,219996,414862.30299999996,53645,73397.44684657258
Sep-2026,Ahmedabad,19240549,harsh.shukla@zomato.com,ice cream,bhavik.shah@zomato.com,16702,15998.915,2715,2231.4104615774904
Sep-2026,Ahmedabad,19246044,harsh.shukla@zomato.com,desserts,bhavik.shah@zomato.com,258723,233882.759,55153,52632.844705498195
Sep-2026,Ahmedabad,19262426,harsh.shukla@zomato.com,beverages,bhavik.shah@zomato.com,117792,109775.439,30985,25493.417310956167
Sep-2026,Ahmedabad,19283677,harsh.shukla@zomato.com,street food,bhavik.shah@zomato.com,249800,199146.83800000002,56836,46031.98507016696
Sep-2026,Ahmedabad,19283853,harsh.shukla@zomato.com,"wraps, rolls and sandwiches",bhavik.shah@zomato.com,164470,331070.13800000004,46676,94672.46053776109
Sep-2026,Ahmedabad,19319777,harsh.shukla@zomato.com,beverages,bhavik.shah@zomato.com,67863,26846.176,15842,8124.139613038124
Sep-2026,Ahmedabad,19440339,harsh.shukla@zomato.com,street food,bhavik.shah@zomato.com,23908,51722.62600000001,4803,10891.25135022574
Sep-2026,Ahmedabad,19446024,harsh.shukla@zomato.com,ice cream,bhavik.shah@zomato.com,17572,7365.330999999999,3266,2567.5819652712566
Sep-2026,Ahmedabad,19451205,harsh.shukla@zomato.com,ice cream,bhavik.shah@zomato.com,10153,13659.863,1810,3280.101607459523
Sep-2026,Ahmedabad,19464386,harsh.shukla@zomato.com,ice cream,bhavik.shah@zomato.com,19433,21366.867,3358,3863.6458279554217
Sep-2026,Ahmedabad,19489143,harsh.shukla@zomato.com,beverages,bhavik.shah@zomato.com,65638,69496.815,12915,14919.539597660876
Sep-2026,Ahmedabad,19489313,harsh.shukla@zomato.com,north indian,bhavik.shah@zomato.com,755963,419906.8300000001,165918,104094.35001826787
Sep-2026,Ahmedabad,19489321,harsh.shukla@zomato.com,mithai,bhavik.shah@zomato.com,584214,877615.4839999997,138293,173616.41990136515
Sep-2026,Ahmedabad,19534361,harsh.shukla@zomato.com,biryani,bhavik.shah@zomato.com,257143,312573.57899999997,63497,74419.28577920183
Sep-2026,Ahmedabad,19535170,harsh.shukla@zomato.com,cakes,bhavik.shah@zomato.com,29837,21454.214,12865,9292.911109664632
Sep-2026,Ahmedabad,19557037,harsh.shukla@zomato.com,ice cream,bhavik.shah@zomato.com,30559,0.0,5707,0.0
Sep-2026,Ahmedabad,19593948,harsh.shukla@zomato.com,north indian,bhavik.shah@zomato.com,230719,145082.54400000002,62813,44776.60902197426
Sep-2026,Ahmedabad,19596702,harsh.shukla@zomato.com,cakes,bhavik.shah@zomato.com,91684,161726.25000000003,22580,47705.36067901809
Sep-2026,Ahmedabad,19638075,harsh.shukla@zomato.com,north indian,bhavik.shah@zomato.com,349976,481473.8189999999,121344,169007.67954047804
Sep-2026,Ahmedabad,19691412,harsh.shukla@zomato.com,cakes,bhavik.shah@zomato.com,62595,125573.96500000001,20763,40272.73058091779
Sep-2026,Ahmedabad,19749504,harsh.shukla@zomato.com,chinese,bhavik.shah@zomato.com,12664,11677.368,3073,2997.9571300813245
Sep-2026,Ahmedabad,19753379,harsh.shukla@zomato.com,cakes,bhavik.shah@zomato.com,60563,59009.18400000001,18905,18110.821202563533
Sep-2026,Ahmedabad,19769958,harsh.shukla@zomato.com,street food,bhavik.shah@zomato.com,107660,146723.17800000004,26447,40721.637675747865
Sep-2026,Ahmedabad,19785346,harsh.shukla@zomato.com,street food,bhavik.shah@zomato.com,145683,133320.311,45906,44220.90171416591
Sep-2026,Ahmedabad,19842877,harsh.shukla@zomato.com,street food,bhavik.shah@zomato.com,109331,57531.76900000001,29840,10475.190489497316
Sep-2026,Ahmedabad,19849200,harsh.shukla@zomato.com,cakes,bhavik.shah@zomato.com,59349,73594.836,19566,21585.510965606256
Sep-2026,Ahmedabad,19891712,harsh.shukla@zomato.com,beverages,bhavik.shah@zomato.com,147792,162567.362,37715,43723.00012731274
Sep-2026,Ahmedabad,19921860,harsh.shukla@zomato.com,ice cream,bhavik.shah@zomato.com,10184,6609.432,1386,520.8510897726272
Sep-2026,Ahmedabad,19966066,harsh.shukla@zomato.com,desserts,bhavik.shah@zomato.com,435786,332813.579,133119,91669.47438548354
Sep-2026,Ahmedabad,20067835,harsh.shukla@zomato.com,cakes,bhavik.shah@zomato.com,33965,26769.390000000003,11168,10616.092474085006
Sep-2026,Ahmedabad,20092408,harsh.shukla@zomato.com,cakes,bhavik.shah@zomato.com,123516,0.0,35306,0.0
Sep-2026,Ahmedabad,20112706,harsh.shukla@zomato.com,pizza,bhavik.shah@zomato.com,35663,55518.28300000001,7366,11437.477885093414
Sep-2026,Ahmedabad,20228764,harsh.shukla@zomato.com,mithai,bhavik.shah@zomato.com,246889,340764.83099999995,60291,85301.4681189718
Sep-2026,Ahmedabad,20258591,harsh.shukla@zomato.com,street food,bhavik.shah@zomato.com,48891,71598.67500000002,9092,14961.85388924685
Sep-2026,Ahmedabad,20285137,harsh.shukla@zomato.com,street food,bhavik.shah@zomato.com,104519,110903.548,21652,26715.750112295525
Sep-2026,Ahmedabad,20345567,harsh.shukla@zomato.com,chinese,bhavik.shah@zomato.com,382749,512923.19500000007,160534,213246.29922893766
Sep-2026,Ahmedabad,20346519,harsh.shukla@zomato.com,street food,bhavik.shah@zomato.com,132028,105103.45899999999,26042,19187.54357088582
Sep-2026,Ahmedabad,20356102,harsh.shukla@zomato.com,mithai,bhavik.shah@zomato.com,115801,131258.573,18260,22980.100843033797
Sep-2026,Ahmedabad,20366280,harsh.shukla@zomato.com,ice cream,bhavik.shah@zomato.com,4056,4902.0960000000005,807,1525.989413327088
Sep-2026,Ahmedabad,20384809,harsh.shukla@zomato.com,chinese,bhavik.shah@zomato.com,59034,185941.0620000001,12850,47501.273499740375
Sep-2026,Ahmedabad,20421694,harsh.shukla@zomato.com,international,bhavik.shah@zomato.com,480835,406380.21300000005,147815,106498.06149672299
Sep-2026,Ahmedabad,20424396,harsh.shukla@zomato.com,north indian,bhavik.shah@zomato.com,161,0.0,0,0.0
Sep-2026,Ahmedabad,20456042,harsh.shukla@zomato.com,desserts,bhavik.shah@zomato.com,526421,422596.424,156911,113803.2254833558
Sep-2026,Ahmedabad,20462291,harsh.shukla@zomato.com,"wraps, rolls and sandwiches",bhavik.shah@zomato.com,70212,127774.75,14871,23249.080253431035
Sep-2026,Ahmedabad,20480279,harsh.shukla@zomato.com,north indian,bhavik.shah@zomato.com,180678,197185.199,39205,54252.00305716467
Sep-2026,Ahmedabad,20501722,harsh.shukla@zomato.com,north indian,bhavik.shah@zomato.com,88553,2271.384,16232,186.9001232783574
Sep-2026,Ahmedabad,20501727,harsh.shukla@zomato.com,ice cream,bhavik.shah@zomato.com,206080,69184.93200000002,31623,12031.128485268484
Sep-2026,Ahmedabad,20503544,harsh.shukla@zomato.com,north indian,bhavik.shah@zomato.com,352041,286297.704,112387,94033.10932065104
Sep-2026,Ahmedabad,20509913,harsh.shukla@zomato.com,chinese,bhavik.shah@zomato.com,404984,269049.319,114755,80036.24805980503
Sep-2026,Ahmedabad,20529051,harsh.shukla@zomato.com,north indian,bhavik.shah@zomato.com,192943,277430.209,44263,42646.47165651281
Sep-2026,Ahmedabad,20563544,harsh.shukla@zomato.com,cakes,bhavik.shah@zomato.com,173120,161442.722,50130,44758.20569963679
Sep-2026,Ahmedabad,20572984,harsh.shukla@zomato.com,"wraps, rolls and sandwiches",bhavik.shah@zomato.com,0,17257.504,0,658.1659826321952
Sep-2026,Ahmedabad,20574142,harsh.shukla@zomato.com,beverages,bhavik.shah@zomato.com,86676,156670.01299999998,25356,45777.30008455865
Sep-2026,Ahmedabad,20574499,harsh.shukla@zomato.com,desserts,bhavik.shah@zomato.com,129846,69887.19200000001,45279,37377.02492225918
Sep-2026,Ahmedabad,20581847,harsh.shukla@zomato.com,cakes,bhavik.shah@zomato.com,38102,48573.219000000005,14073,16306.519747688826
Sep-2026,Ahmedabad,20608297,harsh.shukla@zomato.com,beverages,bhavik.shah@zomato.com,93974,69277.07100000001,30827,20306.051255522358
Sep-2026,Ahmedabad,20619101,harsh.shukla@zomato.com,north indian,bhavik.shah@zomato.com,397734,519767.6390000001,164893,154539.0324686854
Sep-2026,Ahmedabad,20647500,harsh.shukla@zomato.com,"wraps, rolls and sandwiches",bhavik.shah@zomato.com,9380,186388.93600000002,2062,58218.66977576611
Sep-2026,Ahmedabad,20669828,harsh.shukla@zomato.com,north indian,bhavik.shah@zomato.com,415005,316237.299,111808,105501.5448009993
Sep-2026,Ahmedabad,20696794,harsh.shukla@zomato.com,north indian,bhavik.shah@zomato.com,27104,0.0,8406,0.0
Sep-2026,Ahmedabad,20711577,harsh.shukla@zomato.com,street food,bhavik.shah@zomato.com,13704,0.0,2319,0.0
Sep-2026,Ahmedabad,20711588,harsh.shukla@zomato.com,street food,bhavik.shah@zomato.com,0,1553.7320000000004,0,516.7203831574469
Sep-2026,Ahmedabad,20712312,harsh.shukla@zomato.com,chinese,bhavik.shah@zomato.com,27754,21515.050000000003,5406,4239.82327052459
Sep-2026,Ahmedabad,20732578,harsh.shukla@zomato.com,north indian,bhavik.shah@zomato.com,266813,164770.32799999998,43188,40107.15842899686
Sep-2026,Ahmedabad,20744567,harsh.shukla@zomato.com,chinese,bhavik.shah@zomato.com,10821,28609.304,2024,9312.442152774749
Sep-2026,Ahmedabad,20761926,harsh.shukla@zomato.com,mithai,bhavik.shah@zomato.com,140596,198157.175,23202,34587.51173679471
Sep-2026,Ahmedabad,20765402,harsh.shukla@zomato.com,mithai,bhavik.shah@zomato.com,93344,308859.48,25704,81084.13512494694
Sep-2026,Ahmedabad,20783041,harsh.shukla@zomato.com,ice cream,bhavik.shah@zomato.com,1008,237.03199999999998,236,56.31632613381746
Sep-2026,Ahmedabad,20789629,harsh.shukla@zomato.com,"wraps, rolls and sandwiches",bhavik.shah@zomato.com,362215,471948.4549999999,78704,104298.08144282232
Sep-2026,Ahmedabad,20791009,harsh.shukla@zomato.com,ice cream,bhavik.shah@zomato.com,1117,0.0,266,0.0
Sep-2026,Ahmedabad,20791080,harsh.shukla@zomato.com,ice cream,bhavik.shah@zomato.com,336,0.0,23,0.0
Sep-2026,Ahmedabad,20821934,harsh.shukla@zomato.com,north indian,bhavik.shah@zomato.com,235153,216929.09000000003,99975,88330.26748154673
Sep-2026,Ahmedabad,20822433,harsh.shukla@zomato.com,"wraps, rolls and sandwiches",bhavik.shah@zomato.com,95133,128461.574,21283,23324.43495240811
Sep-2026,Ahmedabad,20864192,harsh.shukla@zomato.com,ice cream,bhavik.shah@zomato.com,0,1908.9899999999998,0,523.3092535123781
Sep-2026,Ahmedabad,20878641,harsh.shukla@zomato.com,north indian,bhavik.shah@zomato.com,59658,1321.7579999999998,27003,482.3617899927603
Sep-2026,Ahmedabad,20880945,harsh.shukla@zomato.com,ice cream,bhavik.shah@zomato.com,316,1568.3519999999999,-77,380.4770845009114
Sep-2026,Ahmedabad,20909881,harsh.shukla@zomato.com,beverages,bhavik.shah@zomato.com,25040,2610.898,7589,1244.1431156024128
Sep-2026,Ahmedabad,20943842,harsh.shukla@zomato.com,north indian,bhavik.shah@zomato.com,75374,111984.968,19171,26636.864605116254
Sep-2026,Ahmedabad,20970929,harsh.shukla@zomato.com,pizza,bhavik.shah@zomato.com,23822,24310.547,5817,4910.653784613326
Sep-2026,Ahmedabad,20990633,harsh.shukla@zomato.com,ice cream,bhavik.shah@zomato.com,3181,2883.736,598,191.8608280659709
Sep-2026,Ahmedabad,20999831,harsh.shukla@zomato.com,street food,bhavik.shah@zomato.com,215867,133636.866,72594,46120.871181974086
Sep-2026,Ahmedabad,21021116,harsh.shukla@zomato.com,north indian,bhavik.shah@zomato.com,141170,88452.00300000001,47375,30950.44733090161
Sep-2026,Ahmedabad,21029498,harsh.shukla@zomato.com,cakes,bhavik.shah@zomato.com,82835,58522.98200000001,20741,16845.686043271955
Sep-2026,Ahmedabad,21041146,harsh.shukla@zomato.com,beverages,bhavik.shah@zomato.com,52282,0.0,11470,0.0
Sep-2026,Ahmedabad,21048720,harsh.shukla@zomato.com,ice cream,bhavik.shah@zomato.com,64438,11077.022,8446,1898.674079211165
Sep-2026,Ahmedabad,21072837,harsh.shukla@zomato.com,north indian,bhavik.shah@zomato.com,84721,65975.379,34485,22482.018045486024
Sep-2026,Ahmedabad,21093467,harsh.shukla@zomato.com,north indian,bhavik.shah@zomato.com,10588,999.1699999999998,2261,228.99160194631963
Sep-2026,Ahmedabad,21093483,harsh.shukla@zomato.com,north indian,bhavik.shah@zomato.com,3658,1850.814,824,329.6279703439106
Sep-2026,Ahmedabad,21093499,harsh.shukla@zomato.com,north indian,bhavik.shah@zomato.com,5001,3131.018,1150,714.5025395609042
Sep-2026,Ahmedabad,21097372,harsh.shukla@zomato.com,desserts,bhavik.shah@zomato.com,917572,519785.316,157547,97908.15650584125
Sep-2026,Ahmedabad,21144211,harsh.shukla@zomato.com,north indian,bhavik.shah@zomato.com,174638,158637.626,58851,60286.47097380819
Sep-2026,Ahmedabad,21146934,harsh.shukla@zomato.com,north indian,bhavik.shah@zomato.com,6213,1534.46,1132,276.97679649645005
Sep-2026,Ahmedabad,21152573,harsh.shukla@zomato.com,ice cream,bhavik.shah@zomato.com,0,5995.517,0,1747.8630435033144
Sep-2026,Ahmedabad,21180507,harsh.shukla@zomato.com,"wraps, rolls and sandwiches",bhavik.shah@zomato.com,20740,0.0,4528,0.0
Sep-2026,Ahmedabad,21180567,harsh.shukla@zomato.com,north indian,bhavik.shah@zomato.com,236712,0.0,50253,0.0
Sep-2026,Ahmedabad,21190060,harsh.shukla@zomato.com,mithai,bhavik.shah@zomato.com,327075,452499.304,79889,86855.83773430582
Sep-2026,Ahmedabad,21190781,harsh.shukla@zomato.com,street food,bhavik.shah@zomato.com,24187,55014.95100000001,5460,20692.313437065204
Sep-2026,Ahmedabad,21221401,harsh.shukla@zomato.com,street food,bhavik.shah@zomato.com,2338,1876.2240000000002,530,564.1211074499295
Sep-2026,Ahmedabad,21225925,harsh.shukla@zomato.com,north indian,bhavik.shah@zomato.com,177310,421543.843,46526,110605.7939574453
Sep-2026,Ahmedabad,21229738,harsh.shukla@zomato.com,beverages,bhavik.shah@zomato.com,124925,129207.61200000001,32793,32669.562917345578
Sep-2026,Ahmedabad,21254746,harsh.shukla@zomato.com,street food,bhavik.shah@zomato.com,33785,28543.288,11350,8388.341864312157
Sep-2026,Ahmedabad,21262078,harsh.shukla@zomato.com,street food,bhavik.shah@zomato.com,1672,0.0,296,0.0
Sep-2026,Ahmedabad,21272587,harsh.shukla@zomato.com,ice cream,bhavik.shah@zomato.com,44932,0.0,5671,0.0
Sep-2026,Ahmedabad,21276271,harsh.shukla@zomato.com,ice cream,bhavik.shah@zomato.com,57257,20699.861999999997,2882,3256.6490270180648
Sep-2026,Ahmedabad,21280762,harsh.shukla@zomato.com,ice cream,bhavik.shah@zomato.com,41073,12883.27,4238,2271.4641250514956
Sep-2026,Ahmedabad,21307190,harsh.shukla@zomato.com,north indian,bhavik.shah@zomato.com,335,2861.8140000000003,622,1546.4432244461077
Sep-2026,Ahmedabad,21439490,harsh.shukla@zomato.com,mithai,bhavik.shah@zomato.com,153861,258592.86999999997,37398,46009.92428681893
Sep-2026,Ahmedabad,21446828,harsh.shukla@zomato.com,north indian,bhavik.shah@zomato.com,61541,63335.509,13078,15302.879018557676
Sep-2026,Ahmedabad,21449534,harsh.shukla@zomato.com,pizza,bhavik.shah@zomato.com,245365,199753.436,44320,36027.91058688158
Sep-2026,Ahmedabad,21487918,harsh.shukla@zomato.com,beverages,bhavik.shah@zomato.com,392,0.0,250,0.0
Sep-2026,Ahmedabad,21488022,harsh.shukla@zomato.com,north indian,bhavik.shah@zomato.com,0,21736.736000000008,0,11301.71779499467
Sep-2026,Ahmedabad,21530469,harsh.shukla@zomato.com,ice cream,bhavik.shah@zomato.com,25350,23965.217999999997,1079,3880.7608890824567
Sep-2026,Ahmedabad,21540192,harsh.shukla@zomato.com,beverages,bhavik.shah@zomato.com,25777,0.0,6185,0.0
Sep-2026,Ahmedabad,21540834,harsh.shukla@zomato.com,beverages,bhavik.shah@zomato.com,68780,0.0,17510,0.0
Sep-2026,Ahmedabad,21547691,harsh.shukla@zomato.com,ice cream,bhavik.shah@zomato.com,55971,42614.363,4097,8807.582474061392
Sep-2026,Ahmedabad,21552825,harsh.shukla@zomato.com,ice cream,bhavik.shah@zomato.com,82797,35990.925,9902,6169.365629141987
Sep-2026,Ahmedabad,21562713,harsh.shukla@zomato.com,"wraps, rolls and sandwiches",bhavik.shah@zomato.com,84951,196246.98399999997,17144,60527.96928398256
Sep-2026,Ahmedabad,21608082,harsh.shukla@zomato.com,north indian,bhavik.shah@zomato.com,59,123030.73,3,45457.568079671015
Sep-2026,Ahmedabad,21660127,harsh.shukla@zomato.com,ice cream,bhavik.shah@zomato.com,30638,7582.642000000002,3155,1594.5410270931259
Sep-2026,Ahmedabad,21660200,harsh.shukla@zomato.com,ice cream,bhavik.shah@zomato.com,25143,52902.687999999995,2459,13556.146889814774
Sep-2026,Ahmedabad,21682362,harsh.shukla@zomato.com,pizza,bhavik.shah@zomato.com,35472,22495.809,12245,3954.4981484175455
Sep-2026,Ahmedabad,21706532,harsh.shukla@zomato.com,ice cream,bhavik.shah@zomato.com,19269,10119.926,-1140,863.3146867198752
Sep-2026,Ahmedabad,21734383,harsh.shukla@zomato.com,ice cream,bhavik.shah@zomato.com,41476,23219.760000000002,4195,4250.739852908205
Sep-2026,Ahmedabad,21751505,harsh.shukla@zomato.com,north indian,bhavik.shah@zomato.com,894928,798987.6939999998,129115,141001.20926484108
Sep-2026,Ahmedabad,21774665,harsh.shukla@zomato.com,"wraps, rolls and sandwiches",bhavik.shah@zomato.com,250718,162992.414,63896,48083.39400228339
Sep-2026,Ahmedabad,21780316,harsh.shukla@zomato.com,ice cream,bhavik.shah@zomato.com,33631,0.0,3967,0.0
Sep-2026,Ahmedabad,21780599,harsh.shukla@zomato.com,ice cream,bhavik.shah@zomato.com,1744,0.0,6,0.0
Sep-2026,Ahmedabad,21781953,harsh.shukla@zomato.com,street food,bhavik.shah@zomato.com,59831,51660.06000000001,7551,7974.059962472921
Sep-2026,Ahmedabad,21793034,harsh.shukla@zomato.com,ice cream,bhavik.shah@zomato.com,100062,8055.014,8425,1721.071261023064
Sep-2026,Ahmedabad,21796721,harsh.shukla@zomato.com,north indian,bhavik.shah@zomato.com,141370,154294.073,39801,30977.178892299984
Sep-2026,Ahmedabad,21805131,harsh.shukla@zomato.com,ice cream,bhavik.shah@zomato.com,1758,0.0,308,0.0
Sep-2026,Ahmedabad,21809510,harsh.shukla@zomato.com,mithai,bhavik.shah@zomato.com,136419,136659.34,42659,44597.818366752
Sep-2026,Ahmedabad,21809941,harsh.shukla@zomato.com,north indian,bhavik.shah@zomato.com,47338,162388.16300000003,12660,33587.947830533
Sep-2026,Ahmedabad,21824755,harsh.shukla@zomato.com,cakes,bhavik.shah@zomato.com,50385,0.0,17585,0.0
Sep-2026,Ahmedabad,21920643,harsh.shukla@zomato.com,"wraps, rolls and sandwiches",bhavik.shah@zomato.com,293554,151891.854,82476,44370.99303208289
Sep-2026,Ahmedabad,21957049,harsh.shukla@zomato.com,north indian,bhavik.shah@zomato.com,75640,133995.363,17191,33858.833904689185
Sep-2026,Ahmedabad,21972844,harsh.shukla@zomato.com,ice cream,bhavik.shah@zomato.com,33326,11335.114000000001,2690,2092.652113492164
Sep-2026,Ahmedabad,21979487,harsh.shukla@zomato.com,street food,bhavik.shah@zomato.com,10164,121844.26200000002,1926,40238.721321924066
Sep-2026,Ahmedabad,21982194,harsh.shukla@zomato.com,ice cream,bhavik.shah@zomato.com,61095,33671.684,9161,4145.684762805692
Sep-2026,Ahmedabad,21990230,harsh.shukla@zomato.com,street food,bhavik.shah@zomato.com,29975,43362.405000000006,6536,8964.450976754028
Sep-2026,Ahmedabad,22017444,harsh.shukla@zomato.com,ice cream,bhavik.shah@zomato.com,29413,27638.428000000004,3485,6307.875403614966
Sep-2026,Ahmedabad,22069196,harsh.shukla@zomato.com,cakes,bhavik.shah@zomato.com,99256,0.0,26321,0.0
Sep-2026,Ahmedabad,22073097,harsh.shukla@zomato.com,north indian,bhavik.shah@zomato.com,2181,601.326,299,134.57592303525047
Sep-2026,Ahmedabad,22073294,harsh.shukla@zomato.com,north indian,bhavik.shah@zomato.com,501,1023.0300000000001,105,231.5051465442445
Sep-2026,Ahmedabad,22073330,harsh.shukla@zomato.com,north indian,bhavik.shah@zomato.com,3651,1703.954,1055,325.06430984843337
Sep-2026,Ahmedabad,22073501,harsh.shukla@zomato.com,biryani,bhavik.shah@zomato.com,80693,112238.18500000001,11594,15165.508684296046
Sep-2026,Ahmedabad,22080811,harsh.shukla@zomato.com,ice cream,bhavik.shah@zomato.com,48556,23175.126,1073,4989.002514787396
Sep-2026,Ahmedabad,22080829,harsh.shukla@zomato.com,ice cream,bhavik.shah@zomato.com,8162,11293.319,111,2493.6327819882918
Sep-2026,Ahmedabad,22080833,harsh.shukla@zomato.com,ice cream,bhavik.shah@zomato.com,14724,3453.034,101,431.67210391956905
Sep-2026,Ahmedabad,22083467,harsh.shukla@zomato.com,ice cream,bhavik.shah@zomato.com,15992,17255.426,822,3334.633784556237
Sep-2026,Ahmedabad,22083468,harsh.shukla@zomato.com,ice cream,bhavik.shah@zomato.com,14915,34109.149,523,7007.03495061414
Sep-2026,Ahmedabad,22102650,harsh.shukla@zomato.com,ice cream,bhavik.shah@zomato.com,9312,0.0,650,0.0
Sep-2026,Ahmedabad,22120190,harsh.shukla@zomato.com,"wraps, rolls and sandwiches",bhavik.shah@zomato.com,166937,154304.127,51666,50702.09031846535
Sep-2026,Ahmedabad,22144259,harsh.shukla@zomato.com,"wraps, rolls and sandwiches",bhavik.shah@zomato.com,293703,314336.61000000004,92545,103867.22300261151
Sep-2026,Ahmedabad,22145878,harsh.shukla@zomato.com,street food,bhavik.shah@zomato.com,26432,26254.554,5683,6300.097233643378
Sep-2026,Ahmedabad,22187487,harsh.shukla@zomato.com,ice cream,bhavik.shah@zomato.com,3434,0.0,360,0.0
Sep-2026,Ahmedabad,22193919,harsh.shukla@zomato.com,north indian,bhavik.shah@zomato.com,1109770,283184.32200000004,432374,123549.0544632915
Sep-2026,Ahmedabad,22215595,harsh.shukla@zomato.com,desserts,bhavik.shah@zomato.com,344746,237809.24,100580,68661.31282456685
Sep-2026,Ahmedabad,22236999,harsh.shukla@zomato.com,north indian,bhavik.shah@zomato.com,40144,1772.098,15596,669.1290465567147
Sep-2026,Ahmedabad,22237074,harsh.shukla@zomato.com,"wraps, rolls and sandwiches",bhavik.shah@zomato.com,2864,0.0,1448,0.0
Sep-2026,Ahmedabad,22237452,harsh.shukla@zomato.com,south indian,bhavik.shah@zomato.com,3905,0.0,3410,0.0
Sep-2026,Ahmedabad,22238786,harsh.shukla@zomato.com,na,bhavik.shah@zomato.com,8723,0.0,4184,0.0
Sep-2026,Ahmedabad,22259663,harsh.shukla@zomato.com,ice cream,bhavik.shah@zomato.com,3121,705.8040000000001,393,124.23572110288693
Sep-2026,Ahmedabad,22259706,harsh.shukla@zomato.com,ice cream,bhavik.shah@zomato.com,0,1180.621,0,228.83699030758956
Sep-2026,Ahmedabad,22293626,harsh.shukla@zomato.com,ice cream,bhavik.shah@zomato.com,0,20307.514000000003,0,753.0545977818231
Sep-2026,Ahmedabad,22295609,harsh.shukla@zomato.com,ice cream,bhavik.shah@zomato.com,30337,0.0,2759,0.0
Sep-2026,Ahmedabad,22300607,harsh.shukla@zomato.com,"wraps, rolls and sandwiches",bhavik.shah@zomato.com,15739,93039.30399999999,2604,23941.23559481841
Sep-2026,Ahmedabad,22318299,harsh.shukla@zomato.com,pizza,bhavik.shah@zomato.com,18180,10348.386,10449,3298.4346584263794
Sep-2026,Ahmedabad,22322475,harsh.shukla@zomato.com,mithai,bhavik.shah@zomato.com,148448,123024.75900000002,33406,27642.46885214511
Sep-2026,Ahmedabad,22325188,harsh.shukla@zomato.com,mithai,bhavik.shah@zomato.com,25992,53854.22600000001,2201,5409.419224378565
Sep-2026,Ahmedabad,22423811,harsh.shukla@zomato.com,ice cream,bhavik.shah@zomato.com,4129,0.0,-365,0.0
Sep-2026,Ahmedabad,22435064,harsh.shukla@zomato.com,ice cream,bhavik.shah@zomato.com,1289,10508.449,132,2575.8122719820494
Sep-2026,Ahmedabad,22435065,harsh.shukla@zomato.com,ice cream,bhavik.shah@zomato.com,485,40215.682,0,7261.657882111257
Sep-2026,Ahmedabad,22489186,harsh.shukla@zomato.com,ice cream,bhavik.shah@zomato.com,7170,20026.574999999997,1275,4161.718200019363
Sep-2026,Ahmedabad,22501966,harsh.shukla@zomato.com,desserts,bhavik.shah@zomato.com,208842,181875.80699999997,62478,48467.20840102502
Sep-2026,Ahmedabad,22505351,harsh.shukla@zomato.com,south indian,bhavik.shah@zomato.com,551769,181951.706,120348,54401.24980073054
Sep-2026,Ahmedabad,22507566,harsh.shukla@zomato.com,mithai,bhavik.shah@zomato.com,92003,140929.546,25406,43799.20415826277
Sep-2026,Ahmedabad,22507642,harsh.shukla@zomato.com,north indian,bhavik.shah@zomato.com,230,0.0,28,0.0
Sep-2026,Ahmedabad,22507706,harsh.shukla@zomato.com,north indian,bhavik.shah@zomato.com,2872,0.0,4897,0.0
Sep-2026,Ahmedabad,22507809,harsh.shukla@zomato.com,north indian,bhavik.shah@zomato.com,2624,0.0,3194,0.0
Sep-2026,Ahmedabad,22507813,harsh.shukla@zomato.com,north indian,bhavik.shah@zomato.com,5501,0.0,6923,0.0
Sep-2026,Ahmedabad,22507843,harsh.shukla@zomato.com,north indian,bhavik.shah@zomato.com,511,0.0,709,0.0
Sep-2026,Ahmedabad,22507845,harsh.shukla@zomato.com,north indian,bhavik.shah@zomato.com,2598,220.39000000000004,5267,-51.86145505349973
Sep-2026,Ahmedabad,22507904,harsh.shukla@zomato.com,north indian,bhavik.shah@zomato.com,2532,0.0,2015,0.0
Sep-2026,Ahmedabad,22511391,harsh.shukla@zomato.com,burger,bhavik.shah@zomato.com,164916,471398.9309999999,52005,155551.3663454203
Sep-2026,Ahmedabad,22556526,harsh.shukla@zomato.com,ice cream,bhavik.shah@zomato.com,464,9543.837,90,1543.331396000066
Sep-2026,Ahmedabad,22592295,harsh.shukla@zomato.com,street food,bhavik.shah@zomato.com,60522,45072.731999999996,20866,9062.820419338972
Sep-2026,Ahmedabad,22616175,harsh.shukla@zomato.com,street food,bhavik.shah@zomato.com,3177,210854.97600000002,733,49422.08960001646
Sep-2026,Ahmedabad,22644770,harsh.shukla@zomato.com,ice cream,bhavik.shah@zomato.com,2574,51092.717000000004,-366,6441.03999135605
Sep-2026,Ahmedabad,22654014,harsh.shukla@zomato.com,desserts,bhavik.shah@zomato.com,98569,174420.785,25221,50191.729727841215
Sep-2026,Ahmedabad,22733913,harsh.shukla@zomato.com,ice cream,bhavik.shah@zomato.com,0,19145.26,0,-6706.323854455161
Sep-2026,Ahmedabad,22751380,harsh.shukla@zomato.com,ice cream,bhavik.shah@zomato.com,0,8419.246,0,505.3514529393836
Sep-2026,Ahmedabad,22756411,harsh.shukla@zomato.com,ice cream,bhavik.shah@zomato.com,0,2750.738,0,205.55149257815506
Sep-2026,Ahmedabad,22756413,harsh.shukla@zomato.com,ice cream,bhavik.shah@zomato.com,0,12115.622,0,1976.380506129376
Sep-2026,Ahmedabad,22778726,harsh.shukla@zomato.com,ice cream,bhavik.shah@zomato.com,0,28471.872999999996,0,2824.2986329763644
Sep-2026,Ahmedabad,22778728,harsh.shukla@zomato.com,ice cream,bhavik.shah@zomato.com,0,8378.515,0,1212.4753379513088
Sep-2026,Ahmedabad,22798838,harsh.shukla@zomato.com,south indian,bhavik.shah@zomato.com,0,75358.938,0,17269.589030069514
Sep-2026,Ahmedabad,22809797,harsh.shukla@zomato.com,street food,bhavik.shah@zomato.com,0,7182.0380000000005,0,1508.525115717624
Sep-2026,Ahmedabad,22827622,harsh.shukla@zomato.com,street food,bhavik.shah@zomato.com,0,18785.742000000002,0,4324.046133587487
Sep-2026,Ahmedabad,22849837,harsh.shukla@zomato.com,chinese,bhavik.shah@zomato.com,0,618.126,0,0.09534014159227018
Sep-2026,Ahmedabad,22866092,harsh.shukla@zomato.com,mithai,bhavik.shah@zomato.com,0,112751.39400000003,0,36564.40484229336
Sep-2026,Ahmedabad,22885948,harsh.shukla@zomato.com,mithai,bhavik.shah@zomato.com,0,109090.93400000001,0,18237.836263333917
Sep-2026,Ahmedabad,110155,khubani.simran@zomato.com,street food,bhavik.shah@zomato.com,97832,95864.48800000001,23424,22099.443380416757
Sep-2026,Ahmedabad,110157,khubani.simran@zomato.com,north indian,bhavik.shah@zomato.com,740876,930756.3389999999,150582,200376.08753209736
Sep-2026,Ahmedabad,110158,khubani.simran@zomato.com,north indian,bhavik.shah@zomato.com,940708,967371.1829999998,187730,211348.01181010893
Sep-2026,Ahmedabad,110159,khubani.simran@zomato.com,street food,bhavik.shah@zomato.com,57379,0.0,10440,0.0
Sep-2026,Ahmedabad,110160,khubani.simran@zomato.com,street food,bhavik.shah@zomato.com,64200,49816.511000000006,14872,12407.349773629063
Sep-2026,Ahmedabad,110161,khubani.simran@zomato.com,street food,bhavik.shah@zomato.com,140925,122815.08599999998,25444,18910.891457014353
Sep-2026,Ahmedabad,110163,khubani.simran@zomato.com,street food,bhavik.shah@zomato.com,93418,96188.037,14269,12736.13968130148
Sep-2026,Ahmedabad,110168,khubani.simran@zomato.com,north indian,bhavik.shah@zomato.com,310746,334363.245,52770,60354.44438279838
Sep-2026,Ahmedabad,110169,khubani.simran@zomato.com,street food,bhavik.shah@zomato.com,285589,247813.40000000002,51368,59190.29657897963
Sep-2026,Ahmedabad,110173,khubani.simran@zomato.com,north indian,bhavik.shah@zomato.com,1141073,1207301.344,219448,243846.73526782964
Sep-2026,Ahmedabad,110174,khubani.simran@zomato.com,street food,bhavik.shah@zomato.com,112703,127040.03000000001,26218,28771.970673778877
Sep-2026,Ahmedabad,110176,khubani.simran@zomato.com,street food,bhavik.shah@zomato.com,176085,191170.55100000004,28235,30119.844679704463
Sep-2026,Ahmedabad,110178,khubani.simran@zomato.com,north indian,bhavik.shah@zomato.com,728684,691769.0219999999,145384,145038.67252729437
Sep-2026,Ahmedabad,110187,khubani.simran@zomato.com,street food,bhavik.shah@zomato.com,100951,83219.06900000002,14811,13343.158725738773
Sep-2026,Ahmedabad,110188,khubani.simran@zomato.com,street food,bhavik.shah@zomato.com,185812,168327.331,27287,24455.78601700885
Sep-2026,Ahmedabad,110189,khubani.simran@zomato.com,street food,bhavik.shah@zomato.com,122414,0.0,20167,0.0
Sep-2026,Ahmedabad,110192,khubani.simran@zomato.com,street food,bhavik.shah@zomato.com,182266,172683.29200000002,40292,40916.75510635505
Sep-2026,Ahmedabad,110395,khubani.simran@zomato.com,street food,bhavik.shah@zomato.com,887665,738153.7449999999,105180,96841.81228515593
Sep-2026,Ahmedabad,110900,khubani.simran@zomato.com,desserts,bhavik.shah@zomato.com,48637,17394.026,25274,12700.689187920616
Sep-2026,Ahmedabad,111082,khubani.simran@zomato.com,desserts,bhavik.shah@zomato.com,15499,29663.181999999997,8541,13878.73976479194
Sep-2026,Ahmedabad,111085,khubani.simran@zomato.com,north indian,bhavik.shah@zomato.com,601657,644378.4099999998,135666,154515.95168319857
Sep-2026,Ahmedabad,111465,khubani.simran@zomato.com,"wraps, rolls and sandwiches",bhavik.shah@zomato.com,273591,310697.935,61881,68844.7083049656
Sep-2026,Ahmedabad,111616,khubani.simran@zomato.com,desserts,bhavik.shah@zomato.com,35939,35099.406,19590,14943.999854603779
Sep-2026,Ahmedabad,111617,khubani.simran@zomato.com,desserts,bhavik.shah@zomato.com,40782,67058.984,23427,33796.82973094889
Sep-2026,Ahmedabad,111754,khubani.simran@zomato.com,street food,bhavik.shah@zomato.com,115202,75581.60599999999,24287,19447.745722071522
Sep-2026,Ahmedabad,111836,khubani.simran@zomato.com,south indian,bhavik.shah@zomato.com,308654,289358.878,40073,34975.03974097795
Sep-2026,Ahmedabad,112204,khubani.simran@zomato.com,street food,bhavik.shah@zomato.com,190159,164100.573,37778,38149.169261490235
Sep-2026,Ahmedabad,112205,khubani.simran@zomato.com,street food,bhavik.shah@zomato.com,91530,79226.07999999999,20392,24456.026548271675
Sep-2026,Ahmedabad,112207,khubani.simran@zomato.com,street food,bhavik.shah@zomato.com,114435,111835.671,17305,17396.475604368265
Sep-2026,Ahmedabad,112219,khubani.simran@zomato.com,street food,bhavik.shah@zomato.com,102001,72383.82,15501,10557.857495720033
Sep-2026,Ahmedabad,112274,khubani.simran@zomato.com,street food,bhavik.shah@zomato.com,144595,86112.22099999999,24230,17120.352935747345
Sep-2026,Ahmedabad,112424,khubani.simran@zomato.com,street food,bhavik.shah@zomato.com,130542,83528.49699999999,19877,12149.98000954815
Sep-2026,Ahmedabad,112652,khubani.simran@zomato.com,street food,bhavik.shah@zomato.com,167245,147383.612,26964,21536.103236576666
Sep-2026,Ahmedabad,112916,khubani.simran@zomato.com,desserts,bhavik.shah@zomato.com,36579,24943.576999999994,16061,13223.335236437086
Sep-2026,Ahmedabad,113197,khubani.simran@zomato.com,biryani,bhavik.shah@zomato.com,824600,574825.527,278298,183003.5608841553
Sep-2026,Ahmedabad,113547,khubani.simran@zomato.com,beverages,bhavik.shah@zomato.com,69370,85447.32399999998,25850,31352.520791177943
Sep-2026,Ahmedabad,113774,khubani.simran@zomato.com,street food,bhavik.shah@zomato.com,237893,176039.13699999996,35641,25836.76630651702
Sep-2026,Ahmedabad,113828,khubani.simran@zomato.com,desserts,bhavik.shah@zomato.com,33934,69004.25300000001,12047,24505.829731407965
Sep-2026,Ahmedabad,18260999,khubani.simran@zomato.com,street food,bhavik.shah@zomato.com,185346,138417.835,47938,31915.589989039247
Sep-2026,Ahmedabad,18275495,khubani.simran@zomato.com,street food,bhavik.shah@zomato.com,201788,139948.015,31595,22016.251302972007
Sep-2026,Ahmedabad,18286088,khubani.simran@zomato.com,north indian,bhavik.shah@zomato.com,448058,414849.00999999995,97136,98796.10570897245
Sep-2026,Ahmedabad,18385190,khubani.simran@zomato.com,street food,bhavik.shah@zomato.com,37807,36665.079,5944,5327.327072639211
Sep-2026,Ahmedabad,18396250,khubani.simran@zomato.com,ice cream,bhavik.shah@zomato.com,275319,222206.63299999997,59418,49049.32249021999
Sep-2026,Ahmedabad,18462696,khubani.simran@zomato.com,south indian,bhavik.shah@zomato.com,311042,354342.32200000004,36275,35282.260308307945
Sep-2026,Ahmedabad,18564612,khubani.simran@zomato.com,street food,bhavik.shah@zomato.com,139364,124564.929,21303,18922.592138720283
Sep-2026,Ahmedabad,18569130,khubani.simran@zomato.com,north indian,bhavik.shah@zomato.com,736120,472468.9969999999,231853,164429.09085965485
Sep-2026,Ahmedabad,18600450,khubani.simran@zomato.com,biryani,bhavik.shah@zomato.com,550058,397290.57100000005,176696,126650.71622186026
Sep-2026,Ahmedabad,18652472,khubani.simran@zomato.com,street food,bhavik.shah@zomato.com,189597,162497.97,30317,25820.928151334396
Sep-2026,Ahmedabad,18693479,khubani.simran@zomato.com,chinese,bhavik.shah@zomato.com,388280,478452.49299999984,83890,121166.0583318198
Sep-2026,Ahmedabad,18747900,khubani.simran@zomato.com,street food,bhavik.shah@zomato.com,234049,118826.328,82298,26146.51229455532
Sep-2026,Ahmedabad,18818829,khubani.simran@zomato.com,beverages,bhavik.shah@zomato.com,89449,94640.72,34908,35783.131740400844
Sep-2026,Ahmedabad,18884126,khubani.simran@zomato.com,chinese,bhavik.shah@zomato.com,342271,448809.701,76416,109676.81199846262
Sep-2026,Ahmedabad,18922587,khubani.simran@zomato.com,street food,bhavik.shah@zomato.com,86165,86911.30699999999,31472,20257.75642378579
Sep-2026,Ahmedabad,19092527,khubani.simran@zomato.com,north indian,bhavik.shah@zomato.com,403818,284934.74100000004,95605,71863.6731585005
Sep-2026,Ahmedabad,19109015,khubani.simran@zomato.com,beverages,bhavik.shah@zomato.com,183132,141368.21800000002,63830,52929.536479103794
Sep-2026,Ahmedabad,19177268,khubani.simran@zomato.com,street food,bhavik.shah@zomato.com,73360,0.0,18370,0.0
Sep-2026,Ahmedabad,19200280,khubani.simran@zomato.com,beverages,bhavik.shah@zomato.com,57137,36210.53300000001,24894,7961.363795978881
Sep-2026,Ahmedabad,19209359,khubani.simran@zomato.com,street food,bhavik.shah@zomato.com,106011,119196.105,22396,29845.799736446486
Sep-2026,Ahmedabad,19224244,khubani.simran@zomato.com,ice cream,bhavik.shah@zomato.com,136026,131252.801,30013,28055.15994562554
Sep-2026,Ahmedabad,19224415,khubani.simran@zomato.com,street food,bhavik.shah@zomato.com,121633,140521.774,25506,32942.7305007576
Sep-2026,Ahmedabad,19243367,khubani.simran@zomato.com,street food,bhavik.shah@zomato.com,1176573,1308630.7419999996,153921,171949.82617133838
Sep-2026,Ahmedabad,19245281,khubani.simran@zomato.com,north indian,bhavik.shah@zomato.com,281822,334156.74799999996,67733,78430.48884846021
Sep-2026,Ahmedabad,19257375,khubani.simran@zomato.com,street food,bhavik.shah@zomato.com,35809,42399.511000000006,10337,13323.024807062928
Sep-2026,Ahmedabad,19271598,khubani.simran@zomato.com,street food,bhavik.shah@zomato.com,365864,202187.84900000002,65563,47504.23331464666
Sep-2026,Ahmedabad,19288206,khubani.simran@zomato.com,ice cream,bhavik.shah@zomato.com,42734,59084.713,9750,12393.059900018732
Sep-2026,Ahmedabad,19302044,khubani.simran@zomato.com,north indian,bhavik.shah@zomato.com,961532,1056702.4160000002,189769,214712.25251564072
Sep-2026,Ahmedabad,19305174,khubani.simran@zomato.com,north indian,bhavik.shah@zomato.com,29639,39035.401999999995,18804,24100.706427483354
Sep-2026,Ahmedabad,19305186,khubani.simran@zomato.com,international,bhavik.shah@zomato.com,1231979,888953.6799999998,386006,324616.895051531
Sep-2026,Ahmedabad,19507760,khubani.simran@zomato.com,street food,bhavik.shah@zomato.com,286387,255224.71900000007,58280,58335.56260945118
Sep-2026,Ahmedabad,19527123,khubani.simran@zomato.com,international,bhavik.shah@zomato.com,5073,7037.790000000001,681,1936.0425547984134
Sep-2026,Ahmedabad,19532964,khubani.simran@zomato.com,ice cream,bhavik.shah@zomato.com,18840,26536.054,3160,3317.1924711400475
Sep-2026,Ahmedabad,19601154,khubani.simran@zomato.com,chinese,bhavik.shah@zomato.com,332382,384588.21699999995,74248,96114.21091493826
Sep-2026,Ahmedabad,19685740,khubani.simran@zomato.com,street food,bhavik.shah@zomato.com,110388,112035.56999999998,16214,17055.455825608933
Sep-2026,Ahmedabad,19735761,khubani.simran@zomato.com,street food,bhavik.shah@zomato.com,56778,40231.636000000006,21386,9768.187726304855
Sep-2026,Ahmedabad,19762975,khubani.simran@zomato.com,street food,bhavik.shah@zomato.com,58534,19069.472,17202,3714.1296108711913
Sep-2026,Ahmedabad,19787521,khubani.simran@zomato.com,street food,bhavik.shah@zomato.com,14687,18555.836,3704,8935.458003929823
Sep-2026,Ahmedabad,19802955,khubani.simran@zomato.com,"wraps, rolls and sandwiches",bhavik.shah@zomato.com,32365,31488.494000000006,11850,10402.500274731461
Sep-2026,Ahmedabad,19848824,khubani.simran@zomato.com,street food,bhavik.shah@zomato.com,76691,0.0,23473,0.0
Sep-2026,Ahmedabad,19891415,khubani.simran@zomato.com,ice cream,bhavik.shah@zomato.com,45203,47170.412,10096,6275.716300726358
Sep-2026,Ahmedabad,19946745,khubani.simran@zomato.com,north indian,bhavik.shah@zomato.com,314206,332696.50700000004,73013,77140.80077775008
Sep-2026,Ahmedabad,19971465,khubani.simran@zomato.com,north indian,bhavik.shah@zomato.com,348659,303212.58999999997,58958,50781.10105143288
Sep-2026,Ahmedabad,20075286,khubani.simran@zomato.com,street food,bhavik.shah@zomato.com,117973,84256.047,38519,19986.720667691596
Sep-2026,Ahmedabad,20119919,khubani.simran@zomato.com,international,bhavik.shah@zomato.com,412358,391293.618,74839,73641.90548452029
Sep-2026,Ahmedabad,20136849,khubani.simran@zomato.com,street food,bhavik.shah@zomato.com,186056,85964.397,59126,21247.12027576256
Sep-2026,Ahmedabad,20219355,khubani.simran@zomato.com,beverages,bhavik.shah@zomato.com,5418,5307.161999999999,1134,1247.857224369282
Sep-2026,Ahmedabad,20233827,khubani.simran@zomato.com,beverages,bhavik.shah@zomato.com,125685,47661.937,52113,23119.803127086874
Sep-2026,Ahmedabad,20248689,khubani.simran@zomato.com,north indian,bhavik.shah@zomato.com,561553,664900.0140000001,150707,185890.76398639564
Sep-2026,Ahmedabad,20252394,khubani.simran@zomato.com,street food,bhavik.shah@zomato.com,102025,70934.20800000001,32677,15867.480888480859
Sep-2026,Ahmedabad,20265169,khubani.simran@zomato.com,beverages,bhavik.shah@zomato.com,992,8659.094,125,1295.933533465754
Sep-2026,Ahmedabad,20311409,khubani.simran@zomato.com,street food,bhavik.shah@zomato.com,95374,98078.11400000002,13566,12716.619414551313
Sep-2026,Ahmedabad,20340861,khubani.simran@zomato.com,burger,bhavik.shah@zomato.com,3924,19363.13,902,4516.7273453371845
Sep-2026,Ahmedabad,20356660,khubani.simran@zomato.com,beverages,bhavik.shah@zomato.com,28933,20712.71,19467,4634.758246084148
Sep-2026,Ahmedabad,20405658,khubani.simran@zomato.com,street food,bhavik.shah@zomato.com,215022,77733.746,50977,18950.500572139958
Sep-2026,Ahmedabad,20408590,khubani.simran@zomato.com,street food,bhavik.shah@zomato.com,92908,76557.542,14813,12012.74889575577
Sep-2026,Ahmedabad,20415306,khubani.simran@zomato.com,burger,bhavik.shah@zomato.com,1491,9049.635999999999,329,1939.0839434331924
Sep-2026,Ahmedabad,20432272,khubani.simran@zomato.com,north indian,bhavik.shah@zomato.com,224139,307586.36,50810,70389.6798051761
Sep-2026,Ahmedabad,20436476,khubani.simran@zomato.com,street food,bhavik.shah@zomato.com,79783,76103.103,18208,19321.971650446605
Sep-2026,Ahmedabad,20451165,khubani.simran@zomato.com,international,bhavik.shah@zomato.com,167054,77736.484,48846,22900.502289357686
Sep-2026,Ahmedabad,20513328,khubani.simran@zomato.com,street food,bhavik.shah@zomato.com,55263,18306.072,25930,3699.0629052485074
Sep-2026,Ahmedabad,20531297,khubani.simran@zomato.com,street food,bhavik.shah@zomato.com,42296,21226.360000000004,14781,4320.05539212711
Sep-2026,Ahmedabad,20555990,khubani.simran@zomato.com,international,bhavik.shah@zomato.com,74696,52457.075000000004,23194,18073.556187378366
Sep-2026,Ahmedabad,20563375,khubani.simran@zomato.com,ice cream,bhavik.shah@zomato.com,41943,41621.530000000006,8542,6756.806740036227
Sep-2026,Ahmedabad,20614773,khubani.simran@zomato.com,biryani,bhavik.shah@zomato.com,773651,526672.351,259300,155406.2862542083
Sep-2026,Ahmedabad,20622654,khubani.simran@zomato.com,north indian,bhavik.shah@zomato.com,233085,362627.818,48725,79717.88862471575
Sep-2026,Ahmedabad,20622687,khubani.simran@zomato.com,street food,bhavik.shah@zomato.com,55025,26497.700999999997,9394,3843.103799528336
Sep-2026,Ahmedabad,20632953,khubani.simran@zomato.com,"wraps, rolls and sandwiches",bhavik.shah@zomato.com,542634,427695.6159999999,145207,117275.95861585299
Sep-2026,Ahmedabad,20674212,khubani.simran@zomato.com,burger,bhavik.shah@zomato.com,343,880.164,0,204.98913779063162
Sep-2026,Ahmedabad,20678725,khubani.simran@zomato.com,south indian,bhavik.shah@zomato.com,20461,14742.956,12467,3053.5795018147214
Sep-2026,Ahmedabad,20678788,khubani.simran@zomato.com,chinese,bhavik.shah@zomato.com,6936,2745.348,6989,522.5263348246147
Sep-2026,Ahmedabad,20699771,khubani.simran@zomato.com,street food,bhavik.shah@zomato.com,52757,39723.308,12140,8638.311592460763
Sep-2026,Ahmedabad,20720317,khubani.simran@zomato.com,street food,bhavik.shah@zomato.com,77283,41477.952,25785,10780.821545562045
Sep-2026,Ahmedabad,20746084,khubani.simran@zomato.com,street food,bhavik.shah@zomato.com,27173,19506.453999999998,12465,4311.071148034595
Sep-2026,Ahmedabad,20819330,khubani.simran@zomato.com,street food,bhavik.shah@zomato.com,129384,115768.85000000002,30508,28987.243797556042
Sep-2026,Ahmedabad,20822195,khubani.simran@zomato.com,desserts,bhavik.shah@zomato.com,1739,10107.188,386,3120.165114499183
Sep-2026,Ahmedabad,20822205,khubani.simran@zomato.com,desserts,bhavik.shah@zomato.com,10959,11385.042,3774,1656.7787267454862
Sep-2026,Ahmedabad,20822258,khubani.simran@zomato.com,desserts,bhavik.shah@zomato.com,24698,10243.482,16285,9584.685377749973
Sep-2026,Ahmedabad,20822267,khubani.simran@zomato.com,desserts,bhavik.shah@zomato.com,78643,55883.248999999996,33057,24734.37432846364
Sep-2026,Ahmedabad,20822277,khubani.simran@zomato.com,desserts,bhavik.shah@zomato.com,1589,2275.298,260,369.38915539667937
Sep-2026,Ahmedabad,20853895,khubani.simran@zomato.com,"wraps, rolls and sandwiches",bhavik.shah@zomato.com,213955,243435.288,54805,68815.42073886542
Sep-2026,Ahmedabad,20874917,khubani.simran@zomato.com,beverages,bhavik.shah@zomato.com,369,56994.194,84,24195.648031896326
Sep-2026,Ahmedabad,20903044,khubani.simran@zomato.com,street food,bhavik.shah@zomato.com,112606,66955.52,36527,15031.407601696024
Sep-2026,Ahmedabad,20916452,khubani.simran@zomato.com,ice cream,bhavik.shah@zomato.com,56639,33634.234000000004,13971,8997.210161383939
Sep-2026,Ahmedabad,20936376,khubani.simran@zomato.com,street food,bhavik.shah@zomato.com,172428,211592.26900000003,29050,35724.76128796149
Sep-2026,Ahmedabad,20961340,khubani.simran@zomato.com,street food,bhavik.shah@zomato.com,45229,15340.973,10589,3740.425353118137
Sep-2026,Ahmedabad,20987449,khubani.simran@zomato.com,ice cream,bhavik.shah@zomato.com,24666,16279.107,6337,2307.9528332506775
Sep-2026,Ahmedabad,20987640,khubani.simran@zomato.com,ice cream,bhavik.shah@zomato.com,27176,9541.684000000001,7107,1438.1304299795204
Sep-2026,Ahmedabad,20987698,khubani.simran@zomato.com,ice cream,bhavik.shah@zomato.com,9867,3069.616,1710,575.0091052756161
Sep-2026,Ahmedabad,20987761,khubani.simran@zomato.com,ice cream,bhavik.shah@zomato.com,54425,22945.223,13709,3924.2377041177633
Sep-2026,Ahmedabad,20987855,khubani.simran@zomato.com,ice cream,bhavik.shah@zomato.com,29296,9976.589,8059,1686.5596709666147
Sep-2026,Ahmedabad,20987883,khubani.simran@zomato.com,ice cream,bhavik.shah@zomato.com,90067,47173.509,18554,8335.249860855849
Sep-2026,Ahmedabad,20988640,khubani.simran@zomato.com,ice cream,bhavik.shah@zomato.com,12227,5553.562000000001,3549,1005.7236979608986
Sep-2026,Ahmedabad,20988663,khubani.simran@zomato.com,ice cream,bhavik.shah@zomato.com,76536,35341.139,15808,5676.169286825383
Sep-2026,Ahmedabad,20988674,khubani.simran@zomato.com,ice cream,bhavik.shah@zomato.com,4152,3511.375,1177,587.2994557703103
Sep-2026,Ahmedabad,20988687,khubani.simran@zomato.com,ice cream,bhavik.shah@zomato.com,28084,30286.483000000004,6409,5498.161905344603
Sep-2026,Ahmedabad,20988705,khubani.simran@zomato.com,ice cream,bhavik.shah@zomato.com,5064,0.0,1863,0.0
Sep-2026,Ahmedabad,20988716,khubani.simran@zomato.com,ice cream,bhavik.shah@zomato.com,11222,0.0,2596,0.0
Sep-2026,Ahmedabad,20988726,khubani.simran@zomato.com,ice cream,bhavik.shah@zomato.com,7964,2725.0420000000004,997,302.7216543386305
Sep-2026,Ahmedabad,20988743,khubani.simran@zomato.com,ice cream,bhavik.shah@zomato.com,30788,14278.034,7595,2408.594748254064
Sep-2026,Ahmedabad,20988756,khubani.simran@zomato.com,ice cream,bhavik.shah@zomato.com,33850,11936.746000000001,7853,2074.765983070774
Sep-2026,Ahmedabad,20988767,khubani.simran@zomato.com,ice cream,bhavik.shah@zomato.com,41270,18540.488,10504,2905.846024112927
Sep-2026,Ahmedabad,20988792,khubani.simran@zomato.com,ice cream,bhavik.shah@zomato.com,34218,8448.277,8796,1531.0532863692495
Sep-2026,Ahmedabad,20990642,khubani.simran@zomato.com,beverages,bhavik.shah@zomato.com,40039,75704.904,16472,31139.87824470279
Sep-2026,Ahmedabad,21000024,khubani.simran@zomato.com,street food,bhavik.shah@zomato.com,77368,63948.416999999994,26362,19925.31370860423
Sep-2026,Ahmedabad,21029766,khubani.simran@zomato.com,street food,bhavik.shah@zomato.com,79847,96379.245,12038,12860.095074204208
Sep-2026,Ahmedabad,21065746,khubani.simran@zomato.com,beverages,bhavik.shah@zomato.com,35887,40733.09,13225,18980.73905911952
Sep-2026,Ahmedabad,21100034,khubani.simran@zomato.com,ice cream,bhavik.shah@zomato.com,89535,164398.70800000004,16816,34953.89619530715
Sep-2026,Ahmedabad,21111289,khubani.simran@zomato.com,street food,bhavik.shah@zomato.com,18469,9526.506000000001,6918,2074.04880273401
Sep-2026,Ahmedabad,21116542,khubani.simran@zomato.com,burger,bhavik.shah@zomato.com,33859,22859.471999999998,19985,11172.504471194996
Sep-2026,Ahmedabad,21122698,khubani.simran@zomato.com,street food,bhavik.shah@zomato.com,209919,94355.52800000002,72502,25077.804841471283
Sep-2026,Ahmedabad,21140408,khubani.simran@zomato.com,ice cream,bhavik.shah@zomato.com,66393,82223.74599999998,12980,15773.60341737135
Sep-2026,Ahmedabad,21174990,khubani.simran@zomato.com,ice cream,bhavik.shah@zomato.com,16859,16637.289,2276,1572.3707045301758
Sep-2026,Ahmedabad,21181585,khubani.simran@zomato.com,beverages,bhavik.shah@zomato.com,34674,0.0,17344,0.0
Sep-2026,Ahmedabad,21215135,khubani.simran@zomato.com,ice cream,bhavik.shah@zomato.com,17751,14000.178000000002,7456,4054.3133595930053
Sep-2026,Ahmedabad,21227171,khubani.simran@zomato.com,desserts,bhavik.shah@zomato.com,13895,8499.539999999999,6182,3715.003861290939
Sep-2026,Ahmedabad,21227266,khubani.simran@zomato.com,beverages,bhavik.shah@zomato.com,142377,160149.45600000003,58085,64046.22262957757
Sep-2026,Ahmedabad,21235821,khubani.simran@zomato.com,south indian,bhavik.shah@zomato.com,331968,438165.1999999999,40063,42377.11247667278
Sep-2026,Ahmedabad,21264850,khubani.simran@zomato.com,street food,bhavik.shah@zomato.com,784,69.83800000000001,140,-65.42925025925331
Sep-2026,Ahmedabad,21277260,khubani.simran@zomato.com,ice cream,bhavik.shah@zomato.com,81495,105715.87000000001,14642,16305.484321969983
Sep-2026,Ahmedabad,21304818,khubani.simran@zomato.com,south indian,bhavik.shah@zomato.com,277598,278477.256,79130,64031.68887915388
Sep-2026,Ahmedabad,21306978,khubani.simran@zomato.com,street food,bhavik.shah@zomato.com,31302,21773.131,3983,3132.566484460427
Sep-2026,Ahmedabad,21335881,khubani.simran@zomato.com,desserts,bhavik.shah@zomato.com,95960,52148.144,40206,27603.807533591997
Sep-2026,Ahmedabad,21336144,khubani.simran@zomato.com,ice cream,bhavik.shah@zomato.com,128232,142663.36100000003,27122,31073.8756350289
Sep-2026,Ahmedabad,21336203,khubani.simran@zomato.com,street food,bhavik.shah@zomato.com,33062,65442.562000000005,9512,17070.57295428474
Sep-2026,Ahmedabad,21360801,khubani.simran@zomato.com,street food,bhavik.shah@zomato.com,40677,11825.513999999997,14737,2873.013135408976
Sep-2026,Ahmedabad,21380335,khubani.simran@zomato.com,desserts,bhavik.shah@zomato.com,10291,16925.83,7223,12390.53560234674
Sep-2026,Ahmedabad,21426305,khubani.simran@zomato.com,pizza,bhavik.shah@zomato.com,2965,13070.53,530,2537.9451841321916
Sep-2026,Ahmedabad,21426352,khubani.simran@zomato.com,international,bhavik.shah@zomato.com,252,0.0,49,0.0
Sep-2026,Ahmedabad,21426407,khubani.simran@zomato.com,ice cream,bhavik.shah@zomato.com,41989,42129.274000000005,6484,9510.38059233412
Sep-2026,Ahmedabad,21426468,khubani.simran@zomato.com,ice cream,bhavik.shah@zomato.com,21635,13942.255000000001,2918,2114.848290624774
Sep-2026,Ahmedabad,21439747,khubani.simran@zomato.com,international,bhavik.shah@zomato.com,1503,3327.344,272,804.6503439797539
Sep-2026,Ahmedabad,21474065,khubani.simran@zomato.com,"wraps, rolls and sandwiches",bhavik.shah@zomato.com,424706,500507.39,118358,137872.628890759
Sep-2026,Ahmedabad,21525064,khubani.simran@zomato.com,international,bhavik.shah@zomato.com,90,1295.538,26,372.18401409228596
Sep-2026,Ahmedabad,21531595,khubani.simran@zomato.com,ice cream,bhavik.shah@zomato.com,25660,38789.51200000001,3775,8264.58839621113
Sep-2026,Ahmedabad,21536678,khubani.simran@zomato.com,street food,bhavik.shah@zomato.com,57228,29446.418,25770,6592.505268980259
Sep-2026,Ahmedabad,21563693,khubani.simran@zomato.com,street food,bhavik.shah@zomato.com,138028,68203.65999999999,21144,9419.815951745593
Sep-2026,Ahmedabad,21568070,khubani.simran@zomato.com,ice cream,bhavik.shah@zomato.com,29358,67183.93000000001,5113,12306.54269023565
Sep-2026,Ahmedabad,21568080,khubani.simran@zomato.com,ice cream,bhavik.shah@zomato.com,78704,22400.380000000005,18587,3351.76667563509
Sep-2026,Ahmedabad,21568226,khubani.simran@zomato.com,ice cream,bhavik.shah@zomato.com,86655,65347.156,18840,12042.44384393001
Sep-2026,Ahmedabad,21580849,khubani.simran@zomato.com,ice cream,bhavik.shah@zomato.com,38013,12276.771999999999,7529,2032.1790070823072
Sep-2026,Ahmedabad,21585512,khubani.simran@zomato.com,ice cream,bhavik.shah@zomato.com,12239,87850.51900000001,-29,19799.618514229733
Sep-2026,Ahmedabad,21585742,khubani.simran@zomato.com,ice cream,bhavik.shah@zomato.com,150600,201268.464,37385,39509.52196780418
Sep-2026,Ahmedabad,21586775,khubani.simran@zomato.com,ice cream,bhavik.shah@zomato.com,3407,3437.186,632,491.121594100494
Sep-2026,Ahmedabad,21591862,khubani.simran@zomato.com,north indian,bhavik.shah@zomato.com,249764,194831.22199999998,42121,34167.43220480328
Sep-2026,Ahmedabad,21592935,khubani.simran@zomato.com,ice cream,bhavik.shah@zomato.com,73009,109502.164,12748,20020.6750177846
Sep-2026,Ahmedabad,21601815,khubani.simran@zomato.com,ice cream,bhavik.shah@zomato.com,61463,116535.47600000001,9598,14450.669039765688
Sep-2026,Ahmedabad,21610109,khubani.simran@zomato.com,biryani,bhavik.shah@zomato.com,383220,365635.674,136773,116031.53668173717
Sep-2026,Ahmedabad,21645286,khubani.simran@zomato.com,street food,bhavik.shah@zomato.com,1383,0.0,259,0.0
Sep-2026,Ahmedabad,21652922,khubani.simran@zomato.com,ice cream,bhavik.shah@zomato.com,77776,81278.31300000002,20279,17750.309979888207
Sep-2026,Ahmedabad,21689047,khubani.simran@zomato.com,ice cream,bhavik.shah@zomato.com,62508,91726.85900000001,10351,13268.826265571122
Sep-2026,Ahmedabad,21739411,khubani.simran@zomato.com,ice cream,bhavik.shah@zomato.com,56653,32998.106,10383,3684.581101237352
Sep-2026,Ahmedabad,21739574,khubani.simran@zomato.com,ice cream,bhavik.shah@zomato.com,51869,57110.41900000001,8471,7337.402575953815
Sep-2026,Ahmedabad,21785241,khubani.simran@zomato.com,street food,bhavik.shah@zomato.com,3255,16705.976,321,2777.956316721286
Sep-2026,Ahmedabad,21799799,khubani.simran@zomato.com,street food,bhavik.shah@zomato.com,26276,22987.97,10128,4771.686451768598
Sep-2026,Ahmedabad,21872932,khubani.simran@zomato.com,"wraps, rolls and sandwiches",bhavik.shah@zomato.com,392822,357040.671,94813,87417.32588022362
Sep-2026,Ahmedabad,21879317,khubani.simran@zomato.com,street food,bhavik.shah@zomato.com,6610,21700.160000000003,386,-1472.7448684223973
Sep-2026,Ahmedabad,21881735,khubani.simran@zomato.com,street food,bhavik.shah@zomato.com,14611,23397.167999999998,3690,6862.031847204906
Sep-2026,Ahmedabad,21907715,khubani.simran@zomato.com,"wraps, rolls and sandwiches",bhavik.shah@zomato.com,258672,214751.93000000002,60937,48666.49919236807
Sep-2026,Ahmedabad,21944754,khubani.simran@zomato.com,street food,bhavik.shah@zomato.com,64650,44792.026000000005,28311,9858.77661702502
Sep-2026,Ahmedabad,21973053,khubani.simran@zomato.com,street food,bhavik.shah@zomato.com,9158,14284.862999999998,941,9.305650121252171
Sep-2026,Ahmedabad,21981951,khubani.simran@zomato.com,ice cream,bhavik.shah@zomato.com,47272,14350.823000000002,15675,5210.140604234545
Sep-2026,Ahmedabad,22010576,khubani.simran@zomato.com,street food,bhavik.shah@zomato.com,111626,134339.577,27671,40089.47254374571
Sep-2026,Ahmedabad,22092130,khubani.simran@zomato.com,street food,bhavik.shah@zomato.com,1008,1282.4019999999998,102,305.5506058073346
Sep-2026,Ahmedabad,22092152,khubani.simran@zomato.com,street food,bhavik.shah@zomato.com,3226,1772.538,291,147.01478626845517
Sep-2026,Ahmedabad,22092287,khubani.simran@zomato.com,"wraps, rolls and sandwiches",bhavik.shah@zomato.com,728007,276073.171,193867,73824.65441810143
Sep-2026,Ahmedabad,22129480,khubani.simran@zomato.com,street food,bhavik.shah@zomato.com,4907,8633.57,885,3680.3547967551203
Sep-2026,Ahmedabad,22133972,khubani.simran@zomato.com,"wraps, rolls and sandwiches",bhavik.shah@zomato.com,242545,286792.824,67397,79988.44166686591
Sep-2026,Ahmedabad,22134085,khubani.simran@zomato.com,street food,bhavik.shah@zomato.com,17362,33216.011999999995,2500,1447.0711451727148
Sep-2026,Ahmedabad,22138709,khubani.simran@zomato.com,pizza,bhavik.shah@zomato.com,378467,437258.687,101785,123807.1425173083
Sep-2026,Ahmedabad,22139162,khubani.simran@zomato.com,chinese,bhavik.shah@zomato.com,53074,11666.145999999999,19249,2330.6618483792417
Sep-2026,Ahmedabad,22139217,khubani.simran@zomato.com,chinese,bhavik.shah@zomato.com,72353,7091.936,26794,1430.9507175359954
Sep-2026,Ahmedabad,22192823,khubani.simran@zomato.com,north indian,bhavik.shah@zomato.com,1071331,584057.7050000002,284482,172220.1266369984
Sep-2026,Ahmedabad,22224662,khubani.simran@zomato.com,chinese,bhavik.shah@zomato.com,74736,208157.21799999996,25925,77447.12885037292
Sep-2026,Ahmedabad,22237066,khubani.simran@zomato.com,street food,bhavik.shah@zomato.com,15755,12635.211000000001,2255,2094.5718680621662
Sep-2026,Ahmedabad,22334040,khubani.simran@zomato.com,"wraps, rolls and sandwiches",bhavik.shah@zomato.com,371615,112069.992,105009,31016.856456279787
Sep-2026,Ahmedabad,22346672,khubani.simran@zomato.com,ice cream,bhavik.shah@zomato.com,9649,7233.7339999999995,2711,1697.7905360831862
Sep-2026,Ahmedabad,22349037,khubani.simran@zomato.com,ice cream,bhavik.shah@zomato.com,33029,33163.815,6684,7277.212676463484
Sep-2026,Ahmedabad,22355489,khubani.simran@zomato.com,north indian,bhavik.shah@zomato.com,23962,139466.89999999997,3811,19867.994227995503
Sep-2026,Ahmedabad,22357317,khubani.simran@zomato.com,street food,bhavik.shah@zomato.com,53317,54285.008,18722,12595.576059104618
Sep-2026,Ahmedabad,22390378,khubani.simran@zomato.com,ice cream,bhavik.shah@zomato.com,107984,156342.652,33949,43177.04725284175
Sep-2026,Ahmedabad,22390719,khubani.simran@zomato.com,pizza,bhavik.shah@zomato.com,216066,285117.078,75750,86345.85737489614
Sep-2026,Ahmedabad,22424620,khubani.simran@zomato.com,chinese,bhavik.shah@zomato.com,117486,227039.27100000004,26743,54263.1084527901
Sep-2026,Ahmedabad,22454267,khubani.simran@zomato.com,street food,bhavik.shah@zomato.com,85643,69948.612,12399,13591.136174569307
Sep-2026,Ahmedabad,22479630,khubani.simran@zomato.com,ice cream,bhavik.shah@zomato.com,48710,77520.69499999999,10413,11584.656723667522
Sep-2026,Ahmedabad,22509669,khubani.simran@zomato.com,ice cream,bhavik.shah@zomato.com,65426,77923.84800000001,15641,13468.676958992583
Sep-2026,Ahmedabad,22516371,khubani.simran@zomato.com,international,bhavik.shah@zomato.com,119578,52084.568,54437,18166.467102402814
Sep-2026,Ahmedabad,22535652,khubani.simran@zomato.com,street food,bhavik.shah@zomato.com,82429,96457.69499999999,21941,25354.858189368035
Sep-2026,Ahmedabad,22539882,khubani.simran@zomato.com,desserts,bhavik.shah@zomato.com,65176,39557.602,27535,18123.87827786789
Sep-2026,Ahmedabad,22542397,khubani.simran@zomato.com,ice cream,bhavik.shah@zomato.com,39504,58750.073,9299,10706.085858626731
Sep-2026,Ahmedabad,22551471,khubani.simran@zomato.com,ice cream,bhavik.shah@zomato.com,33633,84238.535,7082,17752.626377452994
Sep-2026,Ahmedabad,22557205,khubani.simran@zomato.com,"wraps, rolls and sandwiches",bhavik.shah@zomato.com,109535,149102.45899999997,25768,30695.09740756227
Sep-2026,Ahmedabad,22650653,khubani.simran@zomato.com,desserts,bhavik.shah@zomato.com,17579,32959.422000000006,910,14597.14596669217
Sep-2026,Ahmedabad,22680759,khubani.simran@zomato.com,"wraps, rolls and sandwiches",bhavik.shah@zomato.com,95306,105930.798,10088,27959.930795335677
Sep-2026,Ahmedabad,22684831,khubani.simran@zomato.com,beverages,bhavik.shah@zomato.com,19756,81824.609,5881,35802.236664460856
Sep-2026,Ahmedabad,22697153,khubani.simran@zomato.com,desserts,bhavik.shah@zomato.com,8644,31016.047000000002,-52,18267.054228250887
Sep-2026,Ahmedabad,22698666,khubani.simran@zomato.com,street food,bhavik.shah@zomato.com,9492,26008.166,5063,4649.244581439134
Sep-2026,Ahmedabad,22698676,khubani.simran@zomato.com,beverages,bhavik.shah@zomato.com,664,1498.996,159,290.504336650849
Sep-2026,Ahmedabad,22726798,khubani.simran@zomato.com,street food,bhavik.shah@zomato.com,0,580.9480000000001,0,55.755598950723375
Sep-2026,Ahmedabad,22726830,khubani.simran@zomato.com,street food,bhavik.shah@zomato.com,0,369.85600000000005,0,-115.68508625242562
Sep-2026,Ahmedabad,22726845,khubani.simran@zomato.com,street food,bhavik.shah@zomato.com,0,151.002,0,20.124195205753587
Sep-2026,Ahmedabad,22790636,khubani.simran@zomato.com,"wraps, rolls and sandwiches",bhavik.shah@zomato.com,0,85144.15299999999,0,28209.922429598402
Sep-2026,Ahmedabad,22791181,khubani.simran@zomato.com,street food,bhavik.shah@zomato.com,0,39852.816000000006,0,13346.043695244727
Sep-2026,Ahmedabad,22878947,khubani.simran@zomato.com,pizza,bhavik.shah@zomato.com,0,228231.75800000003,0,66880.45832489913
Sep-2026,Ahmedabad,22879113,khubani.simran@zomato.com,street food,bhavik.shah@zomato.com,0,22355.659999999993,0,4110.692155200178
Sep-2026,Ahmedabad,110007,kush.joshi@zomato.com,north indian,bhavik.shah@zomato.com,152002,116954.112,53792,49197.5032272109
Sep-2026,Ahmedabad,110954,kush.joshi@zomato.com,international,bhavik.shah@zomato.com,182663,188035.581,47176,49116.7116907832
Sep-2026,Ahmedabad,111116,kush.joshi@zomato.com,north indian,bhavik.shah@zomato.com,25891,0.0,10118,0.0
Sep-2026,Ahmedabad,111555,kush.joshi@zomato.com,chinese,bhavik.shah@zomato.com,13699,17864.8,1159,152.65146047620152
Sep-2026,Ahmedabad,112468,kush.joshi@zomato.com,north indian,bhavik.shah@zomato.com,120435,46287.90000000001,33558,9356.608861999064
Sep-2026,Ahmedabad,113433,kush.joshi@zomato.com,pizza,bhavik.shah@zomato.com,353458,463653.537,105782,145059.3266276672
Sep-2026,Ahmedabad,113697,kush.joshi@zomato.com,biryani,bhavik.shah@zomato.com,214166,154881.30499999996,71895,63176.99514001718
Sep-2026,Ahmedabad,113756,kush.joshi@zomato.com,north indian,bhavik.shah@zomato.com,77282,45621.537,23178,19468.180565874613
Sep-2026,Ahmedabad,113757,kush.joshi@zomato.com,north indian,bhavik.shah@zomato.com,340331,135109.828,91755,46450.244319705875
Sep-2026,Ahmedabad,113900,kush.joshi@zomato.com,north indian,bhavik.shah@zomato.com,128310,159077.648,35494,47978.451817555506
Sep-2026,Ahmedabad,18264341,kush.joshi@zomato.com,desserts,bhavik.shah@zomato.com,0,34961.41,0,5572.3385771578105
Sep-2026,Ahmedabad,18275468,kush.joshi@zomato.com,north indian,bhavik.shah@zomato.com,71417,47827.788,22771,17745.219944889137
Sep-2026,Ahmedabad,18316049,kush.joshi@zomato.com,north indian,bhavik.shah@zomato.com,2089,4036.122,669,2915.136412469411
Sep-2026,Ahmedabad,18424789,kush.joshi@zomato.com,north indian,bhavik.shah@zomato.com,110202,98705.023,14743,9445.384284780497
Sep-2026,Ahmedabad,18456114,kush.joshi@zomato.com,north indian,bhavik.shah@zomato.com,125829,76768.27200000001,43721,33208.73405999988
Sep-2026,Ahmedabad,18549666,kush.joshi@zomato.com,north indian,bhavik.shah@zomato.com,647,153.13799999999998,80,47.36535508982208
Sep-2026,Ahmedabad,18554014,kush.joshi@zomato.com,north indian,bhavik.shah@zomato.com,55237,37107.846000000005,22791,16610.25933181685
Sep-2026,Ahmedabad,18571050,kush.joshi@zomato.com,desserts,bhavik.shah@zomato.com,49228,41927.152,23014,19922.41631689832
Sep-2026,Ahmedabad,18586455,kush.joshi@zomato.com,north indian,bhavik.shah@zomato.com,24271,28270.137999999995,4093,4148.444448017039
Sep-2026,Ahmedabad,18597720,kush.joshi@zomato.com,ice cream,bhavik.shah@zomato.com,428237,254204.987,145410,93964.19100608266
Sep-2026,Ahmedabad,18627705,kush.joshi@zomato.com,"wraps, rolls and sandwiches",bhavik.shah@zomato.com,67583,38161.136,41386,28038.06156754122
Sep-2026,Ahmedabad,18658162,kush.joshi@zomato.com,beverages,bhavik.shah@zomato.com,139914,35893.09399999999,36488,4370.189902021385
Sep-2026,Ahmedabad,18735713,kush.joshi@zomato.com,street food,bhavik.shah@zomato.com,33250,21787.079999999998,8980,4550.784002175128
Sep-2026,Ahmedabad,18768462,kush.joshi@zomato.com,north indian,bhavik.shah@zomato.com,19056,43729.76,2485,4484.634937614307
Sep-2026,Ahmedabad,18783088,kush.joshi@zomato.com,beverages,bhavik.shah@zomato.com,6704,11550.95,1016,-213.42731746432347
Sep-2026,Ahmedabad,18797251,kush.joshi@zomato.com,north indian,bhavik.shah@zomato.com,256461,99363.84500000002,73699,32578.025199060234
Sep-2026,Ahmedabad,18812983,kush.joshi@zomato.com,north indian,bhavik.shah@zomato.com,950,21275.808,139,2158.5911999712525
Sep-2026,Ahmedabad,19042413,kush.joshi@zomato.com,chinese,bhavik.shah@zomato.com,19598,14848.846,7852,5343.024756281556
Sep-2026,Ahmedabad,19100464,kush.joshi@zomato.com,street food,bhavik.shah@zomato.com,23540,36283.984000000004,5125,8877.288057524587
Sep-2026,Ahmedabad,19142843,kush.joshi@zomato.com,biryani,bhavik.shah@zomato.com,17190,5875.206,5009,850.5376406064851
Sep-2026,Ahmedabad,19302733,kush.joshi@zomato.com,street food,bhavik.shah@zomato.com,31614,39734.937000000005,6853,10443.722516243524
Sep-2026,Ahmedabad,19354819,kush.joshi@zomato.com,north indian,bhavik.shah@zomato.com,223844,329854.296,79554,93565.97973192747
Sep-2026,Ahmedabad,19438663,kush.joshi@zomato.com,biryani,bhavik.shah@zomato.com,9143,1282.0699999999997,2809,173.10280500221972
Sep-2026,Ahmedabad,19451806,kush.joshi@zomato.com,street food,bhavik.shah@zomato.com,8262,9160.538999999999,1326,1307.9708181474255
Sep-2026,Ahmedabad,19501887,kush.joshi@zomato.com,south indian,bhavik.shah@zomato.com,4826,5241.490000000001,1080,727.1293270640654
Sep-2026,Ahmedabad,19502622,kush.joshi@zomato.com,"wraps, rolls and sandwiches",bhavik.shah@zomato.com,268,539.676,-26,111.7482634519987
Sep-2026,Ahmedabad,19607803,kush.joshi@zomato.com,north indian,bhavik.shah@zomato.com,246992,232774.11800000002,55995,50922.305569716074
Sep-2026,Ahmedabad,19630920,kush.joshi@zomato.com,street food,bhavik.shah@zomato.com,3047,4793.1939999999995,344,340.04074474564237
Sep-2026,Ahmedabad,19770173,kush.joshi@zomato.com,beverages,bhavik.shah@zomato.com,64939,70926.05299999999,20110,24293.17546262432
Sep-2026,Ahmedabad,19820246,kush.joshi@zomato.com,"wraps, rolls and sandwiches",bhavik.shah@zomato.com,8609,1391.07,2597,655.4443674078748
Sep-2026,Ahmedabad,19850538,kush.joshi@zomato.com,chinese,bhavik.shah@zomato.com,35683,5982.2880000000005,17196,2132.844395845103
Sep-2026,Ahmedabad,19860021,kush.joshi@zomato.com,north indian,bhavik.shah@zomato.com,20836,20253.861999999997,5589,5432.005384358063
Sep-2026,Ahmedabad,19880875,kush.joshi@zomato.com,beverages,bhavik.shah@zomato.com,18611,5501.530000000001,4406,1322.9787735404684
Sep-2026,Ahmedabad,19942881,kush.joshi@zomato.com,chinese,bhavik.shah@zomato.com,74877,60759.672,25230,17689.75699043745
Sep-2026,Ahmedabad,19991580,kush.joshi@zomato.com,chinese,bhavik.shah@zomato.com,17268,9440.078,6748,1854.399043903288
Sep-2026,Ahmedabad,20023810,kush.joshi@zomato.com,north indian,bhavik.shah@zomato.com,145278,12927.400000000001,55122,7807.459594817396
Sep-2026,Ahmedabad,20042423,kush.joshi@zomato.com,street food,bhavik.shah@zomato.com,2591,7261.410000000001,700,1628.6736419986473
Sep-2026,Ahmedabad,20102820,kush.joshi@zomato.com,"wraps, rolls and sandwiches",bhavik.shah@zomato.com,74103,26650.808,23645,5504.683290063868
Sep-2026,Ahmedabad,20168347,kush.joshi@zomato.com,street food,bhavik.shah@zomato.com,21091,15099.56,4649,3805.159528831656
Sep-2026,Ahmedabad,20228531,kush.joshi@zomato.com,north indian,bhavik.shah@zomato.com,125362,274943.24900000007,43551,85776.33137026052
Sep-2026,Ahmedabad,20381423,kush.joshi@zomato.com,north indian,bhavik.shah@zomato.com,17787,8662.918,9897,4746.882858150306
Sep-2026,Ahmedabad,20407038,kush.joshi@zomato.com,street food,bhavik.shah@zomato.com,48366,71879.003,12620,20552.295093843582
Sep-2026,Ahmedabad,20464905,kush.joshi@zomato.com,north indian,bhavik.shah@zomato.com,31348,23110.106,9284,4203.5706558666425
Sep-2026,Ahmedabad,20543030,kush.joshi@zomato.com,desserts,bhavik.shah@zomato.com,264733,228761.06900000002,112417,76544.98552784859
Sep-2026,Ahmedabad,20550292,kush.joshi@zomato.com,street food,bhavik.shah@zomato.com,59386,79144.32999999999,16007,21779.649630272503
Sep-2026,Ahmedabad,20563552,kush.joshi@zomato.com,north indian,bhavik.shah@zomato.com,297829,293788.15799999994,110335,103965.1715556015
Sep-2026,Ahmedabad,20576210,kush.joshi@zomato.com,north indian,bhavik.shah@zomato.com,11886,10317.118,2855,2298.7140031002377
Sep-2026,Ahmedabad,20670358,kush.joshi@zomato.com,beverages,bhavik.shah@zomato.com,6427,4243.796,1248,1013.5510055946513
Sep-2026,Ahmedabad,20670405,kush.joshi@zomato.com,beverages,bhavik.shah@zomato.com,2281,3523.655,446,650.5496511754284
Sep-2026,Ahmedabad,20670450,kush.joshi@zomato.com,beverages,bhavik.shah@zomato.com,5851,11375.78,1560,2995.5195310755053
Sep-2026,Ahmedabad,20700913,kush.joshi@zomato.com,ice cream,bhavik.shah@zomato.com,221147,124524.536,55511,30666.314613883478
Sep-2026,Ahmedabad,20739440,kush.joshi@zomato.com,north indian,bhavik.shah@zomato.com,84283,93888.22399999999,28536,29518.17198287922
Sep-2026,Ahmedabad,20760640,kush.joshi@zomato.com,chinese,bhavik.shah@zomato.com,64332,66556.35,22479,21086.932247820634
Sep-2026,Ahmedabad,20764446,kush.joshi@zomato.com,north indian,bhavik.shah@zomato.com,34082,47789.006000000016,5359,4849.461669192621
Sep-2026,Ahmedabad,20783623,kush.joshi@zomato.com,street food,bhavik.shah@zomato.com,31908,39727.356,6580,7893.947598488787
Sep-2026,Ahmedabad,20810645,kush.joshi@zomato.com,beverages,bhavik.shah@zomato.com,3650,4205.8060000000005,385,-112.77013436811711
Sep-2026,Ahmedabad,20830461,kush.joshi@zomato.com,north indian,bhavik.shah@zomato.com,114967,162728.91,42316,63447.040287402764
Sep-2026,Ahmedabad,20856664,kush.joshi@zomato.com,street food,bhavik.shah@zomato.com,15390,21000.422,2809,2938.3143407634093
Sep-2026,Ahmedabad,20874748,kush.joshi@zomato.com,north indian,bhavik.shah@zomato.com,76733,39636.494000000006,12803,15158.608438613624
Sep-2026,Ahmedabad,20892417,kush.joshi@zomato.com,north indian,bhavik.shah@zomato.com,111009,92368.11900000002,36712,26618.600517253097
Sep-2026,Ahmedabad,20919844,kush.joshi@zomato.com,north indian,bhavik.shah@zomato.com,72491,60746.43799999999,21988,9474.895444855492
Sep-2026,Ahmedabad,20920850,kush.joshi@zomato.com,desserts,bhavik.shah@zomato.com,62785,34747.87299999999,20594,9631.39172032225
Sep-2026,Ahmedabad,20978602,kush.joshi@zomato.com,north indian,bhavik.shah@zomato.com,2174,5422.326000000001,526,1129.0017960618507
Sep-2026,Ahmedabad,21005957,kush.joshi@zomato.com,international,bhavik.shah@zomato.com,251948,185094.495,75846,47276.55015522867
Sep-2026,Ahmedabad,21015971,kush.joshi@zomato.com,na,bhavik.shah@zomato.com,113310,0.0,27137,0.0
Sep-2026,Ahmedabad,21116007,kush.joshi@zomato.com,north indian,bhavik.shah@zomato.com,7761,7614.04,1405,1662.696739947925
Sep-2026,Ahmedabad,21132381,kush.joshi@zomato.com,street food,bhavik.shah@zomato.com,114010,70152.227,34323,21938.674065425716
Sep-2026,Ahmedabad,21152884,kush.joshi@zomato.com,street food,bhavik.shah@zomato.com,55316,38556.88,16262,9925.376484034867
Sep-2026,Ahmedabad,21207188,kush.joshi@zomato.com,north indian,bhavik.shah@zomato.com,39447,0.0,12591,0.0
Sep-2026,Ahmedabad,21213471,kush.joshi@zomato.com,north indian,bhavik.shah@zomato.com,152337,74683.90500000001,44211,19528.431553910064
Sep-2026,Ahmedabad,21260238,kush.joshi@zomato.com,burger,bhavik.shah@zomato.com,72155,90206.58200000001,20165,21302.919951441865
Sep-2026,Ahmedabad,21260251,kush.joshi@zomato.com,na,bhavik.shah@zomato.com,1410,0.0,395,0.0
Sep-2026,Ahmedabad,21260941,kush.joshi@zomato.com,desserts,bhavik.shah@zomato.com,64010,83205.911,17874,24377.87728649842
Sep-2026,Ahmedabad,21266880,kush.joshi@zomato.com,street food,bhavik.shah@zomato.com,39006,45158.96,6988,6676.152253004256
Sep-2026,Ahmedabad,21306934,kush.joshi@zomato.com,street food,bhavik.shah@zomato.com,181413,132273.32400000002,64308,43621.77741499908
Sep-2026,Ahmedabad,21316926,kush.joshi@zomato.com,north indian,bhavik.shah@zomato.com,338586,358224.465,82716,88637.78770041473
Sep-2026,Ahmedabad,21336809,kush.joshi@zomato.com,north indian,bhavik.shah@zomato.com,51126,44897.393000000004,10746,10086.622138385701
Sep-2026,Ahmedabad,21366953,kush.joshi@zomato.com,international,bhavik.shah@zomato.com,130775,95493.09300000001,34313,24683.425734617682
Sep-2026,Ahmedabad,21488352,kush.joshi@zomato.com,na,bhavik.shah@zomato.com,3502,0.0,692,0.0
Sep-2026,Ahmedabad,21537389,kush.joshi@zomato.com,north indian,bhavik.shah@zomato.com,207196,46312.282,57125,5055.389774237607
Sep-2026,Ahmedabad,21540819,kush.joshi@zomato.com,south indian,bhavik.shah@zomato.com,49801,40347.599,15718,16101.25952604947
Sep-2026,Ahmedabad,21545306,kush.joshi@zomato.com,north indian,bhavik.shah@zomato.com,57827,44481.022000000004,14418,12966.96734054637
Sep-2026,Ahmedabad,21591970,kush.joshi@zomato.com,north indian,bhavik.shah@zomato.com,62329,47936.794,13931,9005.815241720607
Sep-2026,Ahmedabad,21595596,kush.joshi@zomato.com,north indian,bhavik.shah@zomato.com,135608,98962.14499999999,25995,17362.68280977985
Sep-2026,Ahmedabad,21642553,kush.joshi@zomato.com,north indian,bhavik.shah@zomato.com,16622,26355.913,8189,4851.4483816481825
Sep-2026,Ahmedabad,21654516,kush.joshi@zomato.com,international,bhavik.shah@zomato.com,219202,121849.58600000001,72495,40981.511969172534
Sep-2026,Ahmedabad,21705356,kush.joshi@zomato.com,chinese,bhavik.shah@zomato.com,92501,66159.674,33332,20668.952206863054
Sep-2026,Ahmedabad,21705397,kush.joshi@zomato.com,mithai,bhavik.shah@zomato.com,14437,46112.686000000016,2063,1833.5649036111363
Sep-2026,Ahmedabad,21731570,kush.joshi@zomato.com,north indian,bhavik.shah@zomato.com,6217,11653.446,4387,4665.604177879602
Sep-2026,Ahmedabad,21751651,kush.joshi@zomato.com,"wraps, rolls and sandwiches",bhavik.shah@zomato.com,34764,16775.684,23462,15826.87928842385
Sep-2026,Ahmedabad,21759814,kush.joshi@zomato.com,international,bhavik.shah@zomato.com,58704,103015.109,18696,39109.08736642206
Sep-2026,Ahmedabad,21801092,kush.joshi@zomato.com,street food,bhavik.shah@zomato.com,25382,61883.42999999999,5127,17211.008870506823
Sep-2026,Ahmedabad,21817880,kush.joshi@zomato.com,north indian,bhavik.shah@zomato.com,10489,30999.913999999997,1869,4653.061147404525
Sep-2026,Ahmedabad,21869927,kush.joshi@zomato.com,north indian,bhavik.shah@zomato.com,82566,66316.696,27672,21573.785307337643
Sep-2026,Ahmedabad,21872737,kush.joshi@zomato.com,ice cream,bhavik.shah@zomato.com,68669,54175.713,23484,19538.76867396833
Sep-2026,Ahmedabad,21885561,kush.joshi@zomato.com,na,bhavik.shah@zomato.com,7143,0.0,1377,0.0
Sep-2026,Ahmedabad,21897017,kush.joshi@zomato.com,north indian,bhavik.shah@zomato.com,1444,3821.9600000000005,2062,-606.804868436586
Sep-2026,Ahmedabad,21917264,kush.joshi@zomato.com,street food,bhavik.shah@zomato.com,46701,0.0,15632,0.0
Sep-2026,Ahmedabad,22016381,kush.joshi@zomato.com,"wraps, rolls and sandwiches",bhavik.shah@zomato.com,193976,0.0,66275,0.0
Sep-2026,Ahmedabad,22017923,kush.joshi@zomato.com,north indian,bhavik.shah@zomato.com,79143,58608.42300000001,35290,30008.611912447694
Sep-2026,Ahmedabad,22052466,kush.joshi@zomato.com,chinese,bhavik.shah@zomato.com,157924,105765.586,39796,21339.90986915181
Sep-2026,Ahmedabad,22071549,kush.joshi@zomato.com,north indian,bhavik.shah@zomato.com,57582,0.0,39315,0.0
Sep-2026,Ahmedabad,22101981,kush.joshi@zomato.com,biryani,bhavik.shah@zomato.com,124796,121965.509,28562,26993.370147794
Sep-2026,Ahmedabad,22116855,kush.joshi@zomato.com,international,bhavik.shah@zomato.com,346055,173437.60500000004,88717,46220.66427891085
Sep-2026,Ahmedabad,22142618,kush.joshi@zomato.com,north indian,bhavik.shah@zomato.com,64958,64538.667,18356,9541.324798883023
Sep-2026,Ahmedabad,22167008,kush.joshi@zomato.com,north indian,bhavik.shah@zomato.com,263413,83333.193,86690,25139.62149207035
Sep-2026,Ahmedabad,22167026,kush.joshi@zomato.com,street food,bhavik.shah@zomato.com,7109,7888.219999999999,3924,1579.5406336393578
Sep-2026,Ahmedabad,22167037,kush.joshi@zomato.com,north indian,bhavik.shah@zomato.com,11901,8328.3,4554,1604.0456533568247
Sep-2026,Ahmedabad,22175425,kush.joshi@zomato.com,beverages,bhavik.shah@zomato.com,6339,522.808,4220,106.54437169675954
Sep-2026,Ahmedabad,22196298,kush.joshi@zomato.com,street food,bhavik.shah@zomato.com,53681,317012.725,17693,94334.57843287171
Sep-2026,Ahmedabad,22212775,kush.joshi@zomato.com,north indian,bhavik.shah@zomato.com,170472,69846.64399999999,35425,13057.123226749161
Sep-2026,Ahmedabad,22217440,kush.joshi@zomato.com,international,bhavik.shah@zomato.com,108175,95391.73000000001,31873,19651.511831936274
Sep-2026,Ahmedabad,22240948,kush.joshi@zomato.com,"wraps, rolls and sandwiches",bhavik.shah@zomato.com,59349,31079.123,21873,8398.324887754112
Sep-2026,Ahmedabad,22244151,kush.joshi@zomato.com,north indian,bhavik.shah@zomato.com,4397,8282.27,1512,1931.2332623623763
Sep-2026,Ahmedabad,22293751,kush.joshi@zomato.com,south indian,bhavik.shah@zomato.com,15880,10163.62,2566,2524.6900592143365
Sep-2026,Ahmedabad,22295785,kush.joshi@zomato.com,beverages,bhavik.shah@zomato.com,17046,6018.234000000001,5356,963.3664345687328
Sep-2026,Ahmedabad,22414920,kush.joshi@zomato.com,cakes,bhavik.shah@zomato.com,549,384.032,0,91.08678913846649
Sep-2026,Ahmedabad,22427812,kush.joshi@zomato.com,north indian,bhavik.shah@zomato.com,162951,85731.884,61505,28437.9248432778
Sep-2026,Ahmedabad,22450159,kush.joshi@zomato.com,international,bhavik.shah@zomato.com,75470,39428.574,17557,12697.498375133498
Sep-2026,Ahmedabad,22461191,kush.joshi@zomato.com,south indian,bhavik.shah@zomato.com,237464,52155.656,95069,18949.868300607304
Sep-2026,Ahmedabad,22483986,kush.joshi@zomato.com,north indian,bhavik.shah@zomato.com,144793,421512.891,38395,111577.45464008774
Sep-2026,Ahmedabad,22500065,kush.joshi@zomato.com,"wraps, rolls and sandwiches",bhavik.shah@zomato.com,42695,55964.342,9082,13080.906171995557
Sep-2026,Ahmedabad,22511552,kush.joshi@zomato.com,international,bhavik.shah@zomato.com,58472,18093.306,23554,6383.866992942346
Sep-2026,Ahmedabad,22518825,kush.joshi@zomato.com,international,bhavik.shah@zomato.com,58544,41440.698,32734,7840.701541238537
Sep-2026,Ahmedabad,22548583,kush.joshi@zomato.com,international,bhavik.shah@zomato.com,2938,2340.692,876,529.9941179801936
Sep-2026,Ahmedabad,22579197,kush.joshi@zomato.com,na,bhavik.shah@zomato.com,940,0.0,-53,0.0
Sep-2026,Ahmedabad,22601271,kush.joshi@zomato.com,international,bhavik.shah@zomato.com,37298,36124.310000000005,13824,11775.284560567141
Sep-2026,Ahmedabad,22630002,kush.joshi@zomato.com,na,bhavik.shah@zomato.com,1641,0.0,27,0.0
Sep-2026,Ahmedabad,22662551,kush.joshi@zomato.com,na,bhavik.shah@zomato.com,278,0.0,0,0.0
Sep-2026,Ahmedabad,22663177,kush.joshi@zomato.com,north indian,bhavik.shah@zomato.com,1958,2309.1089999999995,-64,384.8016467900225
Sep-2026,Ahmedabad,22673797,kush.joshi@zomato.com,street food,bhavik.shah@zomato.com,14480,0.0,5357,0.0
Sep-2026,Ahmedabad,22679366,kush.joshi@zomato.com,na,bhavik.shah@zomato.com,753,0.0,-91,0.0
Sep-2026,Ahmedabad,22681577,kush.joshi@zomato.com,pizza,bhavik.shah@zomato.com,2144,10318.614000000001,374,7503.297255823143
Sep-2026,Ahmedabad,22682811,kush.joshi@zomato.com,street food,bhavik.shah@zomato.com,49921,125543.552,8582,33441.8387389097
Sep-2026,Ahmedabad,22688228,kush.joshi@zomato.com,burger,bhavik.shah@zomato.com,307,497.748,0,0.012049740746699006
Sep-2026,Ahmedabad,22691519,kush.joshi@zomato.com,international,bhavik.shah@zomato.com,12698,125834.73500000003,-545,33661.71301950959
Sep-2026,Ahmedabad,22696720,kush.joshi@zomato.com,burger,bhavik.shah@zomato.com,5882,5219.528,-445,262.4124022763674
Sep-2026,Ahmedabad,22708222,kush.joshi@zomato.com,"wraps, rolls and sandwiches",bhavik.shah@zomato.com,0,964.3499999999999,0,206.508797830577
Sep-2026,Ahmedabad,22715880,kush.joshi@zomato.com,"wraps, rolls and sandwiches",bhavik.shah@zomato.com,0,42347.072,0,7548.971989297498
Sep-2026,Ahmedabad,22721265,kush.joshi@zomato.com,na,bhavik.shah@zomato.com,2445,0.0,-198,0.0
Sep-2026,Ahmedabad,22726394,kush.joshi@zomato.com,street food,bhavik.shah@zomato.com,698,24181.324000000004,497,13333.39574784339
Sep-2026,Ahmedabad,22766426,kush.joshi@zomato.com,"wraps, rolls and sandwiches",bhavik.shah@zomato.com,0,22847.519999999997,0,7834.757543583738
Sep-2026,Ahmedabad,22815044,kush.joshi@zomato.com,pizza,bhavik.shah@zomato.com,0,82900.44300000001,0,24412.259263654432
Sep-2026,Ahmedabad,22837190,kush.joshi@zomato.com,international,bhavik.shah@zomato.com,0,69364.922,0,16590.231455634334
Sep-2026,Ahmedabad,22840174,kush.joshi@zomato.com,north indian,bhavik.shah@zomato.com,0,78141.077,0,23864.707585478733
Sep-2026,Ahmedabad,22859075,kush.joshi@zomato.com,international,bhavik.shah@zomato.com,0,6227.701999999999,0,1539.9586186611427
Sep-2026,Ahmedabad,22905301,kush.joshi@zomato.com,north indian,bhavik.shah@zomato.com,0,33489.147,0,-112.7082432750763
Sep-2026,Ahmedabad,110076,marlin.parmar@zomato.com,"wraps, rolls and sandwiches",bhavik.shah@zomato.com,380411,261685.32699999993,68891,49134.63265408321
Sep-2026,Ahmedabad,110097,marlin.parmar@zomato.com,pizza,bhavik.shah@zomato.com,406840,408132.48400000005,89502,99799.04988909773
Sep-2026,Ahmedabad,110136,marlin.parmar@zomato.com,street food,bhavik.shah@zomato.com,125506,75736.907,42808,31043.60556366837
Sep-2026,Ahmedabad,110144,marlin.parmar@zomato.com,north indian,bhavik.shah@zomato.com,62268,85941.31500000002,8507,11355.511468004188
Sep-2026,Ahmedabad,110280,marlin.parmar@zomato.com,north indian,bhavik.shah@zomato.com,241886,324273.29400000005,29616,96123.02294350497
Sep-2026,Ahmedabad,110281,marlin.parmar@zomato.com,north indian,bhavik.shah@zomato.com,458933,546134.881,60551,107604.79028148515
Sep-2026,Ahmedabad,110282,marlin.parmar@zomato.com,north indian,bhavik.shah@zomato.com,295723,345416.98699999996,35575,78557.39415847792
Sep-2026,Ahmedabad,110317,marlin.parmar@zomato.com,pizza,bhavik.shah@zomato.com,257009,158372.285,79895,71192.94580096335
Sep-2026,Ahmedabad,110318,marlin.parmar@zomato.com,pizza,bhavik.shah@zomato.com,200694,113790.468,67957,58643.86731241201
Sep-2026,Ahmedabad,110412,marlin.parmar@zomato.com,"wraps, rolls and sandwiches",bhavik.shah@zomato.com,293158,206710.985,58195,39182.86176228992
Sep-2026,Ahmedabad,110458,marlin.parmar@zomato.com,north indian,bhavik.shah@zomato.com,459082,272859.917,152581,107274.9616013063
Sep-2026,Ahmedabad,110462,marlin.parmar@zomato.com,international,bhavik.shah@zomato.com,386788,521419.9870000001,53983,140386.9049803699
Sep-2026,Ahmedabad,110562,marlin.parmar@zomato.com,"wraps, rolls and sandwiches",bhavik.shah@zomato.com,513483,426076.40299999993,96076,81906.84092892126
Sep-2026,Ahmedabad,110568,marlin.parmar@zomato.com,north indian,bhavik.shah@zomato.com,456238,530610.7729999999,55332,110014.21701688861
Sep-2026,Ahmedabad,110947,marlin.parmar@zomato.com,north indian,bhavik.shah@zomato.com,308615,448962.80900000007,39050,100717.46709643591
Sep-2026,Ahmedabad,112016,marlin.parmar@zomato.com,street food,bhavik.shah@zomato.com,289678,337787.369,69192,108644.84852865225
Sep-2026,Ahmedabad,112075,marlin.parmar@zomato.com,street food,bhavik.shah@zomato.com,324635,200970.67500000002,68369,63479.881149139845
Sep-2026,Ahmedabad,112334,marlin.parmar@zomato.com,south indian,bhavik.shah@zomato.com,123615,84899.41500000001,41461,15125.083765993713
Sep-2026,Ahmedabad,112445,marlin.parmar@zomato.com,north indian,bhavik.shah@zomato.com,306124,373723.86900000006,73229,74958.44666277652
Sep-2026,Ahmedabad,112523,marlin.parmar@zomato.com,biryani,bhavik.shah@zomato.com,794325,948200.535,238665,321207.9017910929
Sep-2026,Ahmedabad,113136,marlin.parmar@zomato.com,north indian,bhavik.shah@zomato.com,451029,545526.7599999998,150369,156231.45026143506
Sep-2026,Ahmedabad,113154,marlin.parmar@zomato.com,"wraps, rolls and sandwiches",bhavik.shah@zomato.com,405296,383944.5600000001,75278,73794.92947537763
Sep-2026,Ahmedabad,113204,marlin.parmar@zomato.com,pizza,bhavik.shah@zomato.com,690307,546574.077,126640,109881.12404809573
Sep-2026,Ahmedabad,113325,marlin.parmar@zomato.com,international,bhavik.shah@zomato.com,887807,974527.2949999998,192382,245012.20701094135
Sep-2026,Ahmedabad,113495,marlin.parmar@zomato.com,international,bhavik.shah@zomato.com,638195,808947.0570000001,83020,192945.50148929955
Sep-2026,Ahmedabad,113551,marlin.parmar@zomato.com,south indian,bhavik.shah@zomato.com,289501,358260.86299999995,74335,92632.40531637648
Sep-2026,Ahmedabad,18143128,marlin.parmar@zomato.com,north indian,bhavik.shah@zomato.com,387691,22414.082,94574,3986.5906178323703
Sep-2026,Ahmedabad,18161765,marlin.parmar@zomato.com,street food,bhavik.shah@zomato.com,100525,165432.55899999998,20050,70770.20371864963
Sep-2026,Ahmedabad,18319300,marlin.parmar@zomato.com,pizza,bhavik.shah@zomato.com,421175,344320.097,92225,77868.64150536314
Sep-2026,Ahmedabad,18338820,marlin.parmar@zomato.com,north indian,bhavik.shah@zomato.com,216294,206921.573,53666,26731.103734614262
Sep-2026,Ahmedabad,18354042,marlin.parmar@zomato.com,north indian,bhavik.shah@zomato.com,255,313731.971,54,118987.0200245448
Sep-2026,Ahmedabad,18396236,marlin.parmar@zomato.com,pizza,bhavik.shah@zomato.com,401864,300389.95800000004,77753,58405.38289457158
Sep-2026,Ahmedabad,18480129,marlin.parmar@zomato.com,north indian,bhavik.shah@zomato.com,105672,186514.502,14032,40785.095721515834
Sep-2026,Ahmedabad,18533668,marlin.parmar@zomato.com,south indian,bhavik.shah@zomato.com,348391,320990.538,89876,89224.59232332479
Sep-2026,Ahmedabad,18545544,marlin.parmar@zomato.com,north indian,bhavik.shah@zomato.com,237608,117911.72000000002,62253,19955.593535195665
Sep-2026,Ahmedabad,18563708,marlin.parmar@zomato.com,international,bhavik.shah@zomato.com,705839,871872.1239999998,149973,209473.1366232209
Sep-2026,Ahmedabad,18566061,marlin.parmar@zomato.com,pizza,bhavik.shah@zomato.com,209022,215047.09699999998,47399,48063.3002047595
Sep-2026,Ahmedabad,18685388,marlin.parmar@zomato.com,pizza,bhavik.shah@zomato.com,171690,54633.30499999999,57653,27319.20430335085
Sep-2026,Ahmedabad,18737306,marlin.parmar@zomato.com,north indian,bhavik.shah@zomato.com,316296,183912.38299999997,62043,36191.941292433075
Sep-2026,Ahmedabad,18749716,marlin.parmar@zomato.com,south indian,bhavik.shah@zomato.com,187611,124488.94600000001,43475,28912.157302774547
Sep-2026,Ahmedabad,18763529,marlin.parmar@zomato.com,pizza,bhavik.shah@zomato.com,54992,80682.75499999999,11917,36963.501886441816
Sep-2026,Ahmedabad,18769641,marlin.parmar@zomato.com,north indian,bhavik.shah@zomato.com,613360,579140.6679999996,164471,173010.31194904106
Sep-2026,Ahmedabad,18855835,marlin.parmar@zomato.com,north indian,bhavik.shah@zomato.com,264174,198283.142,63913,32263.69861762735
Sep-2026,Ahmedabad,18857355,marlin.parmar@zomato.com,north indian,bhavik.shah@zomato.com,207574,133731.54900000003,59030,25152.298562189637
Sep-2026,Ahmedabad,18902811,marlin.parmar@zomato.com,north indian,bhavik.shah@zomato.com,378754,534374.664,101294,149952.9625888463
Sep-2026,Ahmedabad,18932883,marlin.parmar@zomato.com,pizza,bhavik.shah@zomato.com,427192,429314.102,108992,106884.7778072593
Sep-2026,Ahmedabad,18943407,marlin.parmar@zomato.com,international,bhavik.shah@zomato.com,398672,495344.511,47883,91406.785548257
Sep-2026,Ahmedabad,19061171,marlin.parmar@zomato.com,south indian,bhavik.shah@zomato.com,0,7561.9980000000005,0,3067.4383858226006
Sep-2026,Ahmedabad,19135323,marlin.parmar@zomato.com,north indian,bhavik.shah@zomato.com,128359,163453.26399999997,25038,32948.21807292825
Sep-2026,Ahmedabad,19142193,marlin.parmar@zomato.com,international,bhavik.shah@zomato.com,422968,612036.215,92816,151956.71339057147
Sep-2026,Ahmedabad,19191166,marlin.parmar@zomato.com,south indian,bhavik.shah@zomato.com,239893,220884.169,63364,63548.19008700746
Sep-2026,Ahmedabad,19230540,marlin.parmar@zomato.com,north indian,bhavik.shah@zomato.com,466954,333918.16599999997,136644,140735.1451780605
Sep-2026,Ahmedabad,19280489,marlin.parmar@zomato.com,north indian,bhavik.shah@zomato.com,305533,218081.84999999998,77558,73063.52013642361
Sep-2026,Ahmedabad,19282108,marlin.parmar@zomato.com,north indian,bhavik.shah@zomato.com,191183,4452.284,72427,1077.2142911893086
Sep-2026,Ahmedabad,19338404,marlin.parmar@zomato.com,"wraps, rolls and sandwiches",bhavik.shah@zomato.com,156323,99404.405,44378,12726.545859030542
Sep-2026,Ahmedabad,19344192,marlin.parmar@zomato.com,north indian,bhavik.shah@zomato.com,184129,368501.15799999994,48455,103796.34650515523
Sep-2026,Ahmedabad,19345031,marlin.parmar@zomato.com,south indian,bhavik.shah@zomato.com,202655,113867.18400000001,50428,30939.357024058423
Sep-2026,Ahmedabad,19373033,marlin.parmar@zomato.com,pizza,bhavik.shah@zomato.com,252642,149137.636,69127,31656.90668293003
Sep-2026,Ahmedabad,19442890,marlin.parmar@zomato.com,"wraps, rolls and sandwiches",bhavik.shah@zomato.com,99499,65305.571,27008,2080.072426692113
Sep-2026,Ahmedabad,19467188,marlin.parmar@zomato.com,"wraps, rolls and sandwiches",bhavik.shah@zomato.com,73060,79200.451,18153,17107.605238521315
Sep-2026,Ahmedabad,19499258,marlin.parmar@zomato.com,biryani,bhavik.shah@zomato.com,111263,142769.80500000002,39441,52902.65807573305
Sep-2026,Ahmedabad,19506416,marlin.parmar@zomato.com,north indian,bhavik.shah@zomato.com,178820,153204.31900000005,56152,46866.311537053116
Sep-2026,Ahmedabad,19561070,marlin.parmar@zomato.com,cakes,bhavik.shah@zomato.com,100671,124815.66700000002,32224,38038.26649672722
Sep-2026,Ahmedabad,19574597,marlin.parmar@zomato.com,street food,bhavik.shah@zomato.com,151854,108087.916,32557,7261.562532914338
Sep-2026,Ahmedabad,19583090,marlin.parmar@zomato.com,cakes,bhavik.shah@zomato.com,76766,104443.419,26712,31139.41086971284
Sep-2026,Ahmedabad,19603563,marlin.parmar@zomato.com,cakes,bhavik.shah@zomato.com,141658,206999.532,39181,57414.50637111909
Sep-2026,Ahmedabad,19639651,marlin.parmar@zomato.com,north indian,bhavik.shah@zomato.com,294478,323428.49,43394,49352.689162991664
Sep-2026,Ahmedabad,19657560,marlin.parmar@zomato.com,pizza,bhavik.shah@zomato.com,198012,141781.18200000003,61756,43945.75743023096
Sep-2026,Ahmedabad,19683437,marlin.parmar@zomato.com,north indian,bhavik.shah@zomato.com,280833,227851.58800000002,50043,43360.9398901108
Sep-2026,Ahmedabad,19712602,marlin.parmar@zomato.com,street food,bhavik.shah@zomato.com,210489,164222.62300000002,43401,41052.681166680515
Sep-2026,Ahmedabad,19743616,marlin.parmar@zomato.com,burger,bhavik.shah@zomato.com,13336,9235.608,4082,104.60566758219417
Sep-2026,Ahmedabad,19753225,marlin.parmar@zomato.com,cakes,bhavik.shah@zomato.com,177500,200991.124,48442,64152.00417942655
Sep-2026,Ahmedabad,19772840,marlin.parmar@zomato.com,cakes,bhavik.shah@zomato.com,131190,158438.064,35852,47255.52858662642
Sep-2026,Ahmedabad,19772850,marlin.parmar@zomato.com,cakes,bhavik.shah@zomato.com,153938,193941.42599999998,43589,56053.292613435886
Sep-2026,Ahmedabad,19805523,marlin.parmar@zomato.com,pizza,bhavik.shah@zomato.com,132269,98089.72899999999,37263,25149.732269817916
Sep-2026,Ahmedabad,19815160,marlin.parmar@zomato.com,north indian,bhavik.shah@zomato.com,203668,154550.54700000005,55917,46655.302363143834
Sep-2026,Ahmedabad,19826411,marlin.parmar@zomato.com,north indian,bhavik.shah@zomato.com,362319,189377.61199999996,86203,41606.35771761664
Sep-2026,Ahmedabad,19832288,marlin.parmar@zomato.com,mithai,bhavik.shah@zomato.com,46442,49289.80200000001,25708,31549.59198423064
Sep-2026,Ahmedabad,19868058,marlin.parmar@zomato.com,cakes,bhavik.shah@zomato.com,103410,149451.72699999998,27604,43499.68235687248
Sep-2026,Ahmedabad,19894845,marlin.parmar@zomato.com,street food,bhavik.shah@zomato.com,362759,183587.10299999997,80689,44880.06166259169
Sep-2026,Ahmedabad,19904078,marlin.parmar@zomato.com,north indian,bhavik.shah@zomato.com,371605,519312.42100000003,93498,195359.1546519298
Sep-2026,Ahmedabad,19921631,marlin.parmar@zomato.com,pizza,bhavik.shah@zomato.com,103158,191115.373,27209,64728.048485007355
Sep-2026,Ahmedabad,19921645,marlin.parmar@zomato.com,pizza,bhavik.shah@zomato.com,216155,210430.98899999997,62929,69461.49838233645
Sep-2026,Ahmedabad,19931452,marlin.parmar@zomato.com,north indian,bhavik.shah@zomato.com,212245,192743.016,44964,36035.965871132175
Sep-2026,Ahmedabad,19958262,marlin.parmar@zomato.com,cakes,bhavik.shah@zomato.com,122475,178171.843,27811,45881.29882865819
Sep-2026,Ahmedabad,19975555,marlin.parmar@zomato.com,burger,bhavik.shah@zomato.com,11223,8420.354,5011,959.9407388754856
Sep-2026,Ahmedabad,19975570,marlin.parmar@zomato.com,burger,bhavik.shah@zomato.com,9661,9701.966000000002,3377,1191.3198779645356
Sep-2026,Ahmedabad,19991362,marlin.parmar@zomato.com,south indian,bhavik.shah@zomato.com,58283,58129.563,11542,11209.213430198628
Sep-2026,Ahmedabad,19999010,marlin.parmar@zomato.com,pizza,bhavik.shah@zomato.com,24443,38232.273,5399,8299.650860064434
Sep-2026,Ahmedabad,20035756,marlin.parmar@zomato.com,international,bhavik.shah@zomato.com,605038,842492.845,130847,213665.3778350534
Sep-2026,Ahmedabad,20095139,marlin.parmar@zomato.com,north indian,bhavik.shah@zomato.com,94095,94745.689,26997,26421.65365123251
Sep-2026,Ahmedabad,20115968,marlin.parmar@zomato.com,mithai,bhavik.shah@zomato.com,150539,101423.954,58861,46715.712602628424
Sep-2026,Ahmedabad,20129389,marlin.parmar@zomato.com,street food,bhavik.shah@zomato.com,142226,110069.828,43293,23232.637352984617
Sep-2026,Ahmedabad,20236091,marlin.parmar@zomato.com,pizza,bhavik.shah@zomato.com,77437,0.0,25448,0.0
Sep-2026,Ahmedabad,20259212,marlin.parmar@zomato.com,pizza,bhavik.shah@zomato.com,54572,0.0,7891,0.0
Sep-2026,Ahmedabad,20337127,marlin.parmar@zomato.com,beverages,bhavik.shah@zomato.com,36774,8090.350000000001,10503,1039.4477091384736
Sep-2026,Ahmedabad,20337151,marlin.parmar@zomato.com,beverages,bhavik.shah@zomato.com,53622,9626.644000000002,13157,634.1756786416897
Sep-2026,Ahmedabad,20356482,marlin.parmar@zomato.com,pizza,bhavik.shah@zomato.com,209301,256345.01299999995,69237,59199.031049630954
Sep-2026,Ahmedabad,20372164,marlin.parmar@zomato.com,beverages,bhavik.shah@zomato.com,68064,44330.379,17371,8969.862699444602
Sep-2026,Ahmedabad,20372185,marlin.parmar@zomato.com,beverages,bhavik.shah@zomato.com,57833,7842.9839999999995,15307,1220.437230822376
Sep-2026,Ahmedabad,20398805,marlin.parmar@zomato.com,pizza,bhavik.shah@zomato.com,351657,368759.51800000004,87372,108453.81755575411
Sep-2026,Ahmedabad,20437209,marlin.parmar@zomato.com,beverages,bhavik.shah@zomato.com,65880,69334.006,14994,10217.038826537602
Sep-2026,Ahmedabad,20438135,marlin.parmar@zomato.com,north indian,bhavik.shah@zomato.com,106040,195631.80700000003,16023,51313.53903548614
Sep-2026,Ahmedabad,20443880,marlin.parmar@zomato.com,international,bhavik.shah@zomato.com,278181,397708.189,89448,115841.26584130546
Sep-2026,Ahmedabad,20479725,marlin.parmar@zomato.com,ice cream,bhavik.shah@zomato.com,0,7757.7,0,1632.4599148884856
Sep-2026,Ahmedabad,20482036,marlin.parmar@zomato.com,cakes,bhavik.shah@zomato.com,118705,184337.56,28901,54071.18795189509
Sep-2026,Ahmedabad,20496545,marlin.parmar@zomato.com,north indian,bhavik.shah@zomato.com,254591,392270.27300000004,40034,91344.58992831719
Sep-2026,Ahmedabad,20496553,marlin.parmar@zomato.com,international,bhavik.shah@zomato.com,220353,159189.604,37183,28801.749548583964
Sep-2026,Ahmedabad,20502184,marlin.parmar@zomato.com,beverages,bhavik.shah@zomato.com,27098,19078.432,11277,3430.447919539546
Sep-2026,Ahmedabad,20512260,marlin.parmar@zomato.com,desserts,bhavik.shah@zomato.com,98962,0.0,17262,0.0
Sep-2026,Ahmedabad,20512310,marlin.parmar@zomato.com,desserts,bhavik.shah@zomato.com,18507,0.0,3434,0.0
Sep-2026,Ahmedabad,20512997,marlin.parmar@zomato.com,desserts,bhavik.shah@zomato.com,66699,0.0,11904,0.0
Sep-2026,Ahmedabad,20608415,marlin.parmar@zomato.com,south indian,bhavik.shah@zomato.com,158246,184172.07800000004,48979,58044.0967498321
Sep-2026,Ahmedabad,20639402,marlin.parmar@zomato.com,north indian,bhavik.shah@zomato.com,304825,276085.188,88858,72185.21428297611
Sep-2026,Ahmedabad,20663492,marlin.parmar@zomato.com,pizza,bhavik.shah@zomato.com,157230,130399.44200000001,42561,30373.246409068834
Sep-2026,Ahmedabad,20667638,marlin.parmar@zomato.com,cakes,bhavik.shah@zomato.com,116518,129174.31899999999,34639,40093.08614767726
Sep-2026,Ahmedabad,20683525,marlin.parmar@zomato.com,pizza,bhavik.shah@zomato.com,352234,341759.515,97072,105337.80898634349
Sep-2026,Ahmedabad,20721880,marlin.parmar@zomato.com,north indian,bhavik.shah@zomato.com,382,30146.252000000004,115,7583.204166332761
Sep-2026,Ahmedabad,20731288,marlin.parmar@zomato.com,na,bhavik.shah@zomato.com,44442,0.0,14604,0.0
Sep-2026,Ahmedabad,20748322,marlin.parmar@zomato.com,north indian,bhavik.shah@zomato.com,108387,0.0,32548,0.0
Sep-2026,Ahmedabad,20806946,marlin.parmar@zomato.com,pizza,bhavik.shah@zomato.com,405563,201661.26200000002,115776,65580.8433182357
Sep-2026,Ahmedabad,20812617,marlin.parmar@zomato.com,international,bhavik.shah@zomato.com,257169,201187.936,52446,37578.10393248711
Sep-2026,Ahmedabad,20817339,marlin.parmar@zomato.com,"wraps, rolls and sandwiches",bhavik.shah@zomato.com,306153,198768.626,97759,60655.190205658
Sep-2026,Ahmedabad,20824095,marlin.parmar@zomato.com,cakes,bhavik.shah@zomato.com,114661,156984.01900000003,33826,43577.15237926124
Sep-2026,Ahmedabad,20830483,marlin.parmar@zomato.com,north indian,bhavik.shah@zomato.com,49551,0.0,18803,0.0
Sep-2026,Ahmedabad,20851384,marlin.parmar@zomato.com,chinese,bhavik.shah@zomato.com,346940,183510.62300000002,117062,59574.59589938307
Sep-2026,Ahmedabad,20860779,marlin.parmar@zomato.com,beverages,bhavik.shah@zomato.com,61707,5048.258,17881,741.9792638415076
Sep-2026,Ahmedabad,20862188,marlin.parmar@zomato.com,north indian,bhavik.shah@zomato.com,159761,167082.039,26584,63193.89794953268
Sep-2026,Ahmedabad,20893719,marlin.parmar@zomato.com,pizza,bhavik.shah@zomato.com,55039,61356.062000000005,20838,21209.220968399793
Sep-2026,Ahmedabad,20898273,marlin.parmar@zomato.com,south indian,bhavik.shah@zomato.com,432626,366081.37299999996,130615,121205.36779648607
Sep-2026,Ahmedabad,20950663,marlin.parmar@zomato.com,international,bhavik.shah@zomato.com,223479,486665.27899999986,60797,143963.07168369478
Sep-2026,Ahmedabad,20977372,marlin.parmar@zomato.com,north indian,bhavik.shah@zomato.com,198012,138535.13299999997,69744,29812.16383148933
Sep-2026,Ahmedabad,20986208,marlin.parmar@zomato.com,north indian,bhavik.shah@zomato.com,445464,430427.57199999987,93976,77912.1729262949
Sep-2026,Ahmedabad,20987400,marlin.parmar@zomato.com,beverages,bhavik.shah@zomato.com,23847,0.0,6342,0.0
Sep-2026,Ahmedabad,20987569,marlin.parmar@zomato.com,beverages,bhavik.shah@zomato.com,23886,9675.543999999998,8180,1303.2673230364571
Sep-2026,Ahmedabad,21043576,marlin.parmar@zomato.com,pizza,bhavik.shah@zomato.com,48572,39687.494999999995,17878,17987.982709394637
Sep-2026,Ahmedabad,21046093,marlin.parmar@zomato.com,north indian,bhavik.shah@zomato.com,214131,192699.478,65361,54789.58978525982
Sep-2026,Ahmedabad,21076236,marlin.parmar@zomato.com,cakes,bhavik.shah@zomato.com,157189,187529.19,45198,57581.512928262324
Sep-2026,Ahmedabad,21097703,marlin.parmar@zomato.com,"wraps, rolls and sandwiches",bhavik.shah@zomato.com,35690,20262.169,6531,4546.257875111784
Sep-2026,Ahmedabad,21137468,marlin.parmar@zomato.com,desserts,bhavik.shah@zomato.com,7718,171368.40600000002,1949,30329.788463442997
Sep-2026,Ahmedabad,21137764,marlin.parmar@zomato.com,desserts,bhavik.shah@zomato.com,0,161764.576,0,26066.475814993708
Sep-2026,Ahmedabad,21167587,marlin.parmar@zomato.com,north indian,bhavik.shah@zomato.com,75474,99603.057,18196,20930.49416822684
Sep-2026,Ahmedabad,21170439,marlin.parmar@zomato.com,street food,bhavik.shah@zomato.com,169752,196147.37300000002,41630,61906.57344108228
Sep-2026,Ahmedabad,21185049,marlin.parmar@zomato.com,cakes,bhavik.shah@zomato.com,111309,154308.40699999998,33298,47251.665597746105
Sep-2026,Ahmedabad,21198791,marlin.parmar@zomato.com,south indian,bhavik.shah@zomato.com,88050,63263.433000000005,29971,23685.617399619383
Sep-2026,Ahmedabad,21200526,marlin.parmar@zomato.com,pizza,bhavik.shah@zomato.com,22648,30870.515999999996,4360,3631.9917541714494
Sep-2026,Ahmedabad,21248144,marlin.parmar@zomato.com,south indian,bhavik.shah@zomato.com,79617,77469.97299999998,18449,19314.896274334267
Sep-2026,Ahmedabad,21329889,marlin.parmar@zomato.com,pizza,bhavik.shah@zomato.com,46152,56914.997,11051,14117.422262933616
Sep-2026,Ahmedabad,21332679,marlin.parmar@zomato.com,international,bhavik.shah@zomato.com,240327,1247.914,57127,0.0568522676349263
Sep-2026,Ahmedabad,21428499,marlin.parmar@zomato.com,north indian,bhavik.shah@zomato.com,847588,527159.4099999999,234826,130085.91959160853
Sep-2026,Ahmedabad,21439131,marlin.parmar@zomato.com,international,bhavik.shah@zomato.com,203032,332577.667,57804,111436.61205924001
Sep-2026,Ahmedabad,21487985,marlin.parmar@zomato.com,na,bhavik.shah@zomato.com,24075,0.0,9187,0.0
Sep-2026,Ahmedabad,21505351,marlin.parmar@zomato.com,north indian,bhavik.shah@zomato.com,115673,107447.852,33564,34141.935405907476
Sep-2026,Ahmedabad,21508342,marlin.parmar@zomato.com,cakes,bhavik.shah@zomato.com,187296,162486.89,44793,50922.41978449378
Sep-2026,Ahmedabad,21514052,marlin.parmar@zomato.com,pizza,bhavik.shah@zomato.com,47117,81007.40199999999,13082,57055.11566050751
Sep-2026,Ahmedabad,21593216,marlin.parmar@zomato.com,street food,bhavik.shah@zomato.com,94853,83181.17199999999,22500,6874.910929957843
Sep-2026,Ahmedabad,21599326,marlin.parmar@zomato.com,street food,bhavik.shah@zomato.com,177389,104526.34599999999,38203,13582.79147117616
Sep-2026,Ahmedabad,21674309,marlin.parmar@zomato.com,north indian,bhavik.shah@zomato.com,137656,269339.347,50078,100782.77153232176
Sep-2026,Ahmedabad,21748609,marlin.parmar@zomato.com,street food,bhavik.shah@zomato.com,164029,249188.587,42051,78243.13295657981
Sep-2026,Ahmedabad,21795615,marlin.parmar@zomato.com,pizza,bhavik.shah@zomato.com,20773,28493.617,10157,7622.644184755216
Sep-2026,Ahmedabad,21855064,marlin.parmar@zomato.com,street food,bhavik.shah@zomato.com,228815,143345.09,56654,20219.358077597983
Sep-2026,Ahmedabad,21869779,marlin.parmar@zomato.com,north indian,bhavik.shah@zomato.com,312873,323007.11000000004,69389,59650.63592578503
Sep-2026,Ahmedabad,21928426,marlin.parmar@zomato.com,north indian,bhavik.shah@zomato.com,380815,246472.92400000006,75542,38312.86998948819
Sep-2026,Ahmedabad,21958564,marlin.parmar@zomato.com,street food,bhavik.shah@zomato.com,130755,91242.154,27716,10574.71509952925
Sep-2026,Ahmedabad,21958566,marlin.parmar@zomato.com,street food,bhavik.shah@zomato.com,156726,116332.78,27397,6630.24845326053
Sep-2026,Ahmedabad,21958579,marlin.parmar@zomato.com,street food,bhavik.shah@zomato.com,191656,130053.767,39212,10617.95448391357
Sep-2026,Ahmedabad,21958584,marlin.parmar@zomato.com,street food,bhavik.shah@zomato.com,207130,141492.50900000002,44203,24197.896203673045
Sep-2026,Ahmedabad,21958836,marlin.parmar@zomato.com,street food,bhavik.shah@zomato.com,207846,107560.72200000001,58195,15321.786107191048
Sep-2026,Ahmedabad,22000374,marlin.parmar@zomato.com,south indian,bhavik.shah@zomato.com,178649,239182.08100000006,50884,68400.35173732637
Sep-2026,Ahmedabad,22134257,marlin.parmar@zomato.com,pizza,bhavik.shah@zomato.com,0,6489.442,0,1809.1463168775886
Sep-2026,Ahmedabad,22153613,marlin.parmar@zomato.com,street food,bhavik.shah@zomato.com,106762,359247.6349999999,21712,98677.160135359
Sep-2026,Ahmedabad,22169613,marlin.parmar@zomato.com,beverages,bhavik.shah@zomato.com,180849,72852.71800000001,100248,41626.220652524615
Sep-2026,Ahmedabad,22179673,marlin.parmar@zomato.com,pizza,bhavik.shah@zomato.com,60893,65286.05699999999,18116,24769.323129410368
Sep-2026,Ahmedabad,22297181,marlin.parmar@zomato.com,south indian,bhavik.shah@zomato.com,405152,240608.461,111224,65269.161468025035
Sep-2026,Ahmedabad,22305507,marlin.parmar@zomato.com,ice cream,bhavik.shah@zomato.com,152,0.0,20,0.0
Sep-2026,Ahmedabad,22305641,marlin.parmar@zomato.com,ice cream,bhavik.shah@zomato.com,111,0.0,3,0.0
Sep-2026,Ahmedabad,22386336,marlin.parmar@zomato.com,street food,bhavik.shah@zomato.com,74035,37609.036,10305,2902.0425415166465
Sep-2026,Ahmedabad,22528912,marlin.parmar@zomato.com,pizza,bhavik.shah@zomato.com,13204,12137.908,2454,1061.3304795250804
Sep-2026,Ahmedabad,22667450,marlin.parmar@zomato.com,street food,bhavik.shah@zomato.com,8486,221543.08599999995,1507,58321.789014139875
Sep-2026,Ahmedabad,22699235,marlin.parmar@zomato.com,south indian,bhavik.shah@zomato.com,65900,207619.07500000007,14681,57367.553315916244
Sep-2026,Ahmedabad,22723947,marlin.parmar@zomato.com,biryani,bhavik.shah@zomato.com,0,767.388,0,198.06216054330153
Sep-2026,Ahmedabad,22724699,marlin.parmar@zomato.com,north indian,bhavik.shah@zomato.com,85560,512708.0319999996,-1244,120822.24363303889
Sep-2026,Ahmedabad,22771677,marlin.parmar@zomato.com,pizza,bhavik.shah@zomato.com,0,41046.187000000005,0,8187.045760076543
Sep-2026,Ahmedabad,22788140,marlin.parmar@zomato.com,street food,bhavik.shah@zomato.com,0,28951.727,0,5011.754106453906
Sep-2026,Ahmedabad,22788976,marlin.parmar@zomato.com,pizza,bhavik.shah@zomato.com,0,10348.065,0,851.0846192132137
Sep-2026,Ahmedabad,22840698,marlin.parmar@zomato.com,street food,bhavik.shah@zomato.com,0,49715.926999999996,0,11767.684490077403
Sep-2026,Ahmedabad,22853202,marlin.parmar@zomato.com,pizza,bhavik.shah@zomato.com,0,2653.0640000000003,0,-188.81422193245535
Sep-2026,Ahmedabad,22862752,marlin.parmar@zomato.com,pizza,bhavik.shah@zomato.com,0,18460.374,0,2862.848122891199
Sep-2026,Ahmedabad,22891691,marlin.parmar@zomato.com,mithai,bhavik.shah@zomato.com,0,9209.474000000002,0,2228.0157946538216
Sep-2026,Ahmedabad,110216,vijay.patadiya@zomato.com,north indian,bhavik.shah@zomato.com,6833,26050.666000000005,965,2567.9458386469373
Sep-2026,Ahmedabad,110764,vijay.patadiya@zomato.com,north indian,bhavik.shah@zomato.com,37828,54730.344000000005,6925,9661.66408231197
Sep-2026,Ahmedabad,111786,vijay.patadiya@zomato.com,north indian,bhavik.shah@zomato.com,99590,69179.378,21373,26923.615915933453
Sep-2026,Ahmedabad,112354,vijay.patadiya@zomato.com,street food,bhavik.shah@zomato.com,118573,125861.998,38285,44342.19397381248
Sep-2026,Ahmedabad,112575,vijay.patadiya@zomato.com,north indian,bhavik.shah@zomato.com,42198,38992.499,10841,7777.680207540867
Sep-2026,Ahmedabad,18261004,vijay.patadiya@zomato.com,street food,bhavik.shah@zomato.com,66324,58642.015000000014,14939,16278.829832864263
Sep-2026,Ahmedabad,18261013,vijay.patadiya@zomato.com,international,bhavik.shah@zomato.com,86111,70380.74,24824,25619.136974595902
Sep-2026,Ahmedabad,18561069,vijay.patadiya@zomato.com,burger,bhavik.shah@zomato.com,44527,438.00199999999995,15707,84.77842613381746
Sep-2026,Ahmedabad,18583116,vijay.patadiya@zomato.com,north indian,bhavik.shah@zomato.com,40816,62739.169,9342,13796.737896089267
Sep-2026,Ahmedabad,18615472,vijay.patadiya@zomato.com,north indian,bhavik.shah@zomato.com,75721,54891.225999999995,13844,11919.761861817144
Sep-2026,Ahmedabad,18616443,vijay.patadiya@zomato.com,"wraps, rolls and sandwiches",bhavik.shah@zomato.com,24064,9077.038999999999,2532,447.40911233842655
Sep-2026,Ahmedabad,18622069,vijay.patadiya@zomato.com,"wraps, rolls and sandwiches",bhavik.shah@zomato.com,0,9095.545999999998,0,-72.20488764201252
Sep-2026,Ahmedabad,18629691,vijay.patadiya@zomato.com,na,bhavik.shah@zomato.com,207,0.0,50,0.0
Sep-2026,Ahmedabad,18644172,vijay.patadiya@zomato.com,na,bhavik.shah@zomato.com,7709,0.0,1063,0.0
Sep-2026,Ahmedabad,18711166,vijay.patadiya@zomato.com,chinese,bhavik.shah@zomato.com,22595,10718.544,7593,7806.52842840095
Sep-2026,Ahmedabad,18719705,vijay.patadiya@zomato.com,north indian,bhavik.shah@zomato.com,14092,32082.061999999998,1224,4212.951134362439
Sep-2026,Ahmedabad,18738903,vijay.patadiya@zomato.com,south indian,bhavik.shah@zomato.com,11853,10958.848000000002,1324,-217.0388470577256
Sep-2026,Ahmedabad,18739819,vijay.patadiya@zomato.com,street food,bhavik.shah@zomato.com,49232,60141.634000000005,12300,13938.644534830417
Sep-2026,Ahmedabad,18758237,vijay.patadiya@zomato.com,"wraps, rolls and sandwiches",bhavik.shah@zomato.com,52871,63949.90800000001,12732,10073.245741345145
Sep-2026,Ahmedabad,18777262,vijay.patadiya@zomato.com,north indian,bhavik.shah@zomato.com,9404,1754.808,1209,300.92655827893554
Sep-2026,Ahmedabad,18783408,vijay.patadiya@zomato.com,street food,bhavik.shah@zomato.com,2120,1037.5959999999998,402,436.6437918904526
Sep-2026,Ahmedabad,18806880,vijay.patadiya@zomato.com,street food,bhavik.shah@zomato.com,3130,1978.266,562,-71.57259777744288
Sep-2026,Ahmedabad,18819499,vijay.patadiya@zomato.com,north indian,bhavik.shah@zomato.com,81359,113708.56600000002,26483,42139.203060081854
Sep-2026,Ahmedabad,18884878,vijay.patadiya@zomato.com,beverages,bhavik.shah@zomato.com,11856,6721.835999999998,4504,1431.2373045790293
Sep-2026,Ahmedabad,19041298,vijay.patadiya@zomato.com,na,bhavik.shah@zomato.com,15345,0.0,4755,0.0
Sep-2026,Ahmedabad,19127486,vijay.patadiya@zomato.com,north indian,bhavik.shah@zomato.com,37991,0.0,12503,0.0
Sep-2026,Ahmedabad,19185350,vijay.patadiya@zomato.com,north indian,bhavik.shah@zomato.com,2898,17890.89,400,3325.67003692461
Sep-2026,Ahmedabad,19283652,vijay.patadiya@zomato.com,street food,bhavik.shah@zomato.com,7164,4170.416,1284,732.9811452294127
Sep-2026,Ahmedabad,19303169,vijay.patadiya@zomato.com,south indian,bhavik.shah@zomato.com,3428,3384.692,600,630.7305728132187
Sep-2026,Ahmedabad,19472615,vijay.patadiya@zomato.com,desserts,bhavik.shah@zomato.com,1801,1021.862,727,472.62887104228963
Sep-2026,Ahmedabad,19498686,vijay.patadiya@zomato.com,beverages,bhavik.shah@zomato.com,6788,4833.435999999999,1033,881.6656640626691
Sep-2026,Ahmedabad,19540177,vijay.patadiya@zomato.com,street food,bhavik.shah@zomato.com,662,972.2099999999999,84,62.601956876328316
Sep-2026,Ahmedabad,19555013,vijay.patadiya@zomato.com,beverages,bhavik.shah@zomato.com,6581,6700.219999999999,987,1378.2327384875468
Sep-2026,Ahmedabad,19582381,vijay.patadiya@zomato.com,desserts,bhavik.shah@zomato.com,20150,10150.684,5724,5328.843173904701
Sep-2026,Ahmedabad,19585669,vijay.patadiya@zomato.com,street food,bhavik.shah@zomato.com,65849,65736.667,22018,20200.486395373286
Sep-2026,Ahmedabad,19611407,vijay.patadiya@zomato.com,burger,bhavik.shah@zomato.com,23577,20277.604000000003,7469,4418.275774468535
Sep-2026,Ahmedabad,19612881,vijay.patadiya@zomato.com,street food,bhavik.shah@zomato.com,4684,2689.4680000000003,482,196.43120388845085
Sep-2026,Ahmedabad,19639277,vijay.patadiya@zomato.com,street food,bhavik.shah@zomato.com,8168,876.396,1699,145.3179828356694
Sep-2026,Ahmedabad,19644246,vijay.patadiya@zomato.com,chinese,bhavik.shah@zomato.com,17296,5102.672,4891,1826.5547410434833
Sep-2026,Ahmedabad,19775338,vijay.patadiya@zomato.com,north indian,bhavik.shah@zomato.com,12959,4039.0559999999996,2478,1979.1004483122426
Sep-2026,Ahmedabad,19790372,vijay.patadiya@zomato.com,street food,bhavik.shah@zomato.com,9304,9646.986,1438,1150.5703241410324
Sep-2026,Ahmedabad,19816567,vijay.patadiya@zomato.com,street food,bhavik.shah@zomato.com,8262,30753.464,2169,10174.526219047195
Sep-2026,Ahmedabad,19836253,vijay.patadiya@zomato.com,street food,bhavik.shah@zomato.com,9231,11748.908,1703,2313.8806832259606
Sep-2026,Ahmedabad,19842486,vijay.patadiya@zomato.com,street food,bhavik.shah@zomato.com,5227,7005.079999999999,849,1389.540466416992
Sep-2026,Ahmedabad,19847960,vijay.patadiya@zomato.com,street food,bhavik.shah@zomato.com,1713,2873.726,107,373.290405056556
Sep-2026,Ahmedabad,19850395,vijay.patadiya@zomato.com,north indian,bhavik.shah@zomato.com,55288,55113.966,10380,15031.80661583568
Sep-2026,Ahmedabad,19889758,vijay.patadiya@zomato.com,"wraps, rolls and sandwiches",bhavik.shah@zomato.com,4117,18895.606,1152,4125.948327621515
Sep-2026,Ahmedabad,19930297,vijay.patadiya@zomato.com,north indian,bhavik.shah@zomato.com,12446,8734.195,3778,3114.248556398775
Sep-2026,Ahmedabad,19957870,vijay.patadiya@zomato.com,street food,bhavik.shah@zomato.com,11538,8119.276999999999,2809,1686.5413057032529
Sep-2026,Ahmedabad,19958416,vijay.patadiya@zomato.com,street food,bhavik.shah@zomato.com,4684,2812.3860000000004,540,123.54380851828142
Sep-2026,Ahmedabad,19974398,vijay.patadiya@zomato.com,north indian,bhavik.shah@zomato.com,10458,14664.82,2231,3389.4916419233564
Sep-2026,Ahmedabad,20007446,vijay.patadiya@zomato.com,"wraps, rolls and sandwiches",bhavik.shah@zomato.com,38349,38716.332,13360,11185.93333936701
Sep-2026,Ahmedabad,20068893,vijay.patadiya@zomato.com,street food,bhavik.shah@zomato.com,77195,63970.458000000006,19607,12409.441994156796
Sep-2026,Ahmedabad,20076281,vijay.patadiya@zomato.com,north indian,bhavik.shah@zomato.com,15040,15713.004,8378,7800.912067679331
Sep-2026,Ahmedabad,20078560,vijay.patadiya@zomato.com,na,bhavik.shah@zomato.com,40561,0.0,12519,0.0
Sep-2026,Ahmedabad,20092894,vijay.patadiya@zomato.com,street food,bhavik.shah@zomato.com,31832,34984.656,4306,4781.316965577969
Sep-2026,Ahmedabad,20115677,vijay.patadiya@zomato.com,north indian,bhavik.shah@zomato.com,849,7726.4220000000005,356,2908.446271033346
Sep-2026,Ahmedabad,20186495,vijay.patadiya@zomato.com,chinese,bhavik.shah@zomato.com,6375,8361.938,1225,1356.9473929659193
Sep-2026,Ahmedabad,20281629,vijay.patadiya@zomato.com,street food,bhavik.shah@zomato.com,96252,61238.264,27407,19143.989828810747
Sep-2026,Ahmedabad,20336744,vijay.patadiya@zomato.com,south indian,bhavik.shah@zomato.com,0,7517.608,0,1285.5170074884645
Sep-2026,Ahmedabad,20356672,vijay.patadiya@zomato.com,street food,bhavik.shah@zomato.com,55009,49873.978,20252,10791.351953920825
Sep-2026,Ahmedabad,20367589,vijay.patadiya@zomato.com,north indian,bhavik.shah@zomato.com,81656,94415.43900000001,15179,18432.007118479127
Sep-2026,Ahmedabad,20386068,vijay.patadiya@zomato.com,street food,bhavik.shah@zomato.com,4940,0.0,1175,0.0
Sep-2026,Ahmedabad,20391408,vijay.patadiya@zomato.com,north indian,bhavik.shah@zomato.com,7033,2275.756,631,332.62723003404835
Sep-2026,Ahmedabad,20401616,vijay.patadiya@zomato.com,burger,bhavik.shah@zomato.com,5738,11667.057999999999,1291,2634.39627932834
Sep-2026,Ahmedabad,20419561,vijay.patadiya@zomato.com,na,bhavik.shah@zomato.com,1195,0.0,124,0.0
Sep-2026,Ahmedabad,20471058,vijay.patadiya@zomato.com,na,bhavik.shah@zomato.com,659,0.0,86,0.0
Sep-2026,Ahmedabad,20479328,vijay.patadiya@zomato.com,na,bhavik.shah@zomato.com,2096,0.0,329,0.0
Sep-2026,Ahmedabad,20506212,vijay.patadiya@zomato.com,desserts,bhavik.shah@zomato.com,32043,8657.518,8195,1830.3728622808499
Sep-2026,Ahmedabad,20506497,vijay.patadiya@zomato.com,street food,bhavik.shah@zomato.com,44325,24313.368,7520,2942.094000303954
Sep-2026,Ahmedabad,20510293,vijay.patadiya@zomato.com,na,bhavik.shah@zomato.com,11317,0.0,7053,0.0
Sep-2026,Ahmedabad,20529996,vijay.patadiya@zomato.com,beverages,bhavik.shah@zomato.com,987,22588.171,176,3964.958865667578
Sep-2026,Ahmedabad,20553496,vijay.patadiya@zomato.com,"wraps, rolls and sandwiches",bhavik.shah@zomato.com,7515,4997.612000000001,7712,4479.811702080842
Sep-2026,Ahmedabad,20561996,vijay.patadiya@zomato.com,north indian,bhavik.shah@zomato.com,15565,30318.502999999993,2135,2677.524321217452
Sep-2026,Ahmedabad,20563067,vijay.patadiya@zomato.com,cakes,bhavik.shah@zomato.com,5133,9035.488000000001,1001,2167.1523650105996
Sep-2026,Ahmedabad,20581265,vijay.patadiya@zomato.com,"wraps, rolls and sandwiches",bhavik.shah@zomato.com,61844,94172.63199999998,18683,30485.34502615226
Sep-2026,Ahmedabad,20582129,vijay.patadiya@zomato.com,street food,bhavik.shah@zomato.com,5506,0.0,1207,0.0
Sep-2026,Ahmedabad,20591706,vijay.patadiya@zomato.com,"wraps, rolls and sandwiches",bhavik.shah@zomato.com,34804,27558.911999999997,10773,6210.631751876035
Sep-2026,Ahmedabad,20592360,vijay.patadiya@zomato.com,"wraps, rolls and sandwiches",bhavik.shah@zomato.com,13431,4960.960000000001,4728,1247.1391581859066
Sep-2026,Ahmedabad,20600038,vijay.patadiya@zomato.com,na,bhavik.shah@zomato.com,6894,0.0,1607,0.0
Sep-2026,Ahmedabad,20600723,vijay.patadiya@zomato.com,na,bhavik.shah@zomato.com,42189,0.0,11863,0.0
Sep-2026,Ahmedabad,20604545,vijay.patadiya@zomato.com,street food,bhavik.shah@zomato.com,11682,8699.304,2581,2047.085568689038
Sep-2026,Ahmedabad,20621608,vijay.patadiya@zomato.com,burger,bhavik.shah@zomato.com,4810,6163.898,436,443.81609605875326
Sep-2026,Ahmedabad,20623970,vijay.patadiya@zomato.com,north indian,bhavik.shah@zomato.com,31168,89890.22300000001,4387,24203.002447143634
Sep-2026,Ahmedabad,20635210,vijay.patadiya@zomato.com,street food,bhavik.shah@zomato.com,113827,69955.01800000001,27166,26024.95762900071
Sep-2026,Ahmedabad,20660228,vijay.patadiya@zomato.com,street food,bhavik.shah@zomato.com,18093,28357.89,11715,14536.518541956066
Sep-2026,Ahmedabad,20661003,vijay.patadiya@zomato.com,north indian,bhavik.shah@zomato.com,19827,35651.342000000004,3959,6464.292676829425
Sep-2026,Ahmedabad,20662058,vijay.patadiya@zomato.com,ice cream,bhavik.shah@zomato.com,20509,55210.5,4469,16206.006163157166
Sep-2026,Ahmedabad,20689253,vijay.patadiya@zomato.com,north indian,bhavik.shah@zomato.com,836,395.688,202,76.31766054330153
Sep-2026,Ahmedabad,20711734,vijay.patadiya@zomato.com,beverages,bhavik.shah@zomato.com,13215,8895.972,3064,2125.9716030469385
Sep-2026,Ahmedabad,20716780,vijay.patadiya@zomato.com,beverages,bhavik.shah@zomato.com,911,0.0,126,0.0
Sep-2026,Ahmedabad,20733065,vijay.patadiya@zomato.com,desserts,bhavik.shah@zomato.com,2522,3628.062,1043,1762.0246435900376
Sep-2026,Ahmedabad,20745665,vijay.patadiya@zomato.com,street food,bhavik.shah@zomato.com,1733,4280.288,276,1173.379406652803
Sep-2026,Ahmedabad,20747975,vijay.patadiya@zomato.com,north indian,bhavik.shah@zomato.com,57989,80254.967,13450,16780.238565208012
Sep-2026,Ahmedabad,20749734,vijay.patadiya@zomato.com,"wraps, rolls and sandwiches",bhavik.shah@zomato.com,7079,9392.843,1596,1482.7786257275511
Sep-2026,Ahmedabad,20753110,vijay.patadiya@zomato.com,north indian,bhavik.shah@zomato.com,99487,72789.857,35422,27810.970218286904
Sep-2026,Ahmedabad,20768455,vijay.patadiya@zomato.com,"wraps, rolls and sandwiches",bhavik.shah@zomato.com,75201,7776.058,23695,1639.500820120406
Sep-2026,Ahmedabad,20779035,vijay.patadiya@zomato.com,north indian,bhavik.shah@zomato.com,11108,37673.057,3197,7423.654755478764
Sep-2026,Ahmedabad,20784924,vijay.patadiya@zomato.com,burger,bhavik.shah@zomato.com,63494,58575.051999999996,17891,12019.038707184458
Sep-2026,Ahmedabad,20788441,vijay.patadiya@zomato.com,north indian,bhavik.shah@zomato.com,90037,42775.417,25597,15927.040850959133
Sep-2026,Ahmedabad,20793316,vijay.patadiya@zomato.com,"wraps, rolls and sandwiches",bhavik.shah@zomato.com,7914,0.0,1790,0.0
Sep-2026,Ahmedabad,20805170,vijay.patadiya@zomato.com,north indian,bhavik.shah@zomato.com,9724,3226.24,3208,985.3870742692523
Sep-2026,Ahmedabad,20805961,vijay.patadiya@zomato.com,north indian,bhavik.shah@zomato.com,4730,50045.354,1003,13271.084041006672
Sep-2026,Ahmedabad,20808812,vijay.patadiya@zomato.com,"wraps, rolls and sandwiches",bhavik.shah@zomato.com,210364,167388.325,62345,54995.66857702172
Sep-2026,Ahmedabad,20821291,vijay.patadiya@zomato.com,desserts,bhavik.shah@zomato.com,9090,3516.124,1892,842.6678406360899
Sep-2026,Ahmedabad,20824139,vijay.patadiya@zomato.com,north indian,bhavik.shah@zomato.com,105323,30222.108,32524,6968.503976066289
Sep-2026,Ahmedabad,20845434,vijay.patadiya@zomato.com,"wraps, rolls and sandwiches",bhavik.shah@zomato.com,5606,15581.676,1206,2263.709762415318
Sep-2026,Ahmedabad,20851250,vijay.patadiya@zomato.com,na,bhavik.shah@zomato.com,649,0.0,94,0.0
Sep-2026,Ahmedabad,20855096,vijay.patadiya@zomato.com,"wraps, rolls and sandwiches",bhavik.shah@zomato.com,18551,17611.735999999997,2587,5477.238516296922
Sep-2026,Ahmedabad,20858857,vijay.patadiya@zomato.com,street food,bhavik.shah@zomato.com,49848,42496.024000000005,16943,13818.351756286676
Sep-2026,Ahmedabad,20866053,vijay.patadiya@zomato.com,north indian,bhavik.shah@zomato.com,351,0.0,0,0.0
Sep-2026,Ahmedabad,20868779,vijay.patadiya@zomato.com,north indian,bhavik.shah@zomato.com,2357,3356.688,401,991.0477948745659
Sep-2026,Ahmedabad,20880508,vijay.patadiya@zomato.com,north indian,bhavik.shah@zomato.com,26936,23126.789999999997,5865,3079.380505402937
Sep-2026,Ahmedabad,20907336,vijay.patadiya@zomato.com,desserts,bhavik.shah@zomato.com,10515,12238.55,2812,3247.535251357017
Sep-2026,Ahmedabad,20926990,vijay.patadiya@zomato.com,street food,bhavik.shah@zomato.com,3889,9718.79,2148,5146.016707771002
Sep-2026,Ahmedabad,20930911,vijay.patadiya@zomato.com,north indian,bhavik.shah@zomato.com,0,9875.329999999998,0,2295.8207827726724
Sep-2026,Ahmedabad,20965425,vijay.patadiya@zomato.com,beverages,bhavik.shah@zomato.com,4000,16496.052,704,3173.9586886905367
Sep-2026,Ahmedabad,20972534,vijay.patadiya@zomato.com,pizza,bhavik.shah@zomato.com,548,442.99799999999993,119,115.1907270928206
Sep-2026,Ahmedabad,20973799,vijay.patadiya@zomato.com,na,bhavik.shah@zomato.com,13313,0.0,1577,0.0
Sep-2026,Ahmedabad,20973855,vijay.patadiya@zomato.com,international,bhavik.shah@zomato.com,7406,25497.470000000005,1690,10032.988690976716
Sep-2026,Ahmedabad,20976680,vijay.patadiya@zomato.com,north indian,bhavik.shah@zomato.com,14682,10472.369,2731,487.8273691633929
Sep-2026,Ahmedabad,20999251,vijay.patadiya@zomato.com,beverages,bhavik.shah@zomato.com,1638,635.5440000000001,385,167.5763620043491
Sep-2026,Ahmedabad,21019775,vijay.patadiya@zomato.com,north indian,bhavik.shah@zomato.com,55933,18216.529,18862,5121.945732885019
Sep-2026,Ahmedabad,21028334,vijay.patadiya@zomato.com,desserts,bhavik.shah@zomato.com,5388,5830.369,912,2982.3418734865895
Sep-2026,Ahmedabad,21030604,vijay.patadiya@zomato.com,north indian,bhavik.shah@zomato.com,62161,88053.927,19171,26621.557840697416
Sep-2026,Ahmedabad,21051908,vijay.patadiya@zomato.com,north indian,bhavik.shah@zomato.com,16116,28561.316000000006,3342,7158.248905106719
Sep-2026,Ahmedabad,21057111,vijay.patadiya@zomato.com,north indian,bhavik.shah@zomato.com,5540,1738.568,853,312.8290998624015
Sep-2026,Ahmedabad,21069338,vijay.patadiya@zomato.com,north indian,bhavik.shah@zomato.com,14537,0.0,2810,0.0
Sep-2026,Ahmedabad,21159054,vijay.patadiya@zomato.com,north indian,bhavik.shah@zomato.com,35186,44852.323,15559,14557.724408813772
Sep-2026,Ahmedabad,21175374,vijay.patadiya@zomato.com,beverages,bhavik.shah@zomato.com,12655,7550.468000000001,11225,2653.1986884172948
Sep-2026,Ahmedabad,21182284,vijay.patadiya@zomato.com,street food,bhavik.shah@zomato.com,81629,5086.197999999999,34752,1602.6983944353487
Sep-2026,Ahmedabad,21184737,vijay.patadiya@zomato.com,na,bhavik.shah@zomato.com,64125,0.0,23052,0.0
Sep-2026,Ahmedabad,21211315,vijay.patadiya@zomato.com,chinese,bhavik.shah@zomato.com,3351,0.0,547,0.0
Sep-2026,Ahmedabad,21211922,vijay.patadiya@zomato.com,international,bhavik.shah@zomato.com,8631,16215.942000000001,2961,5409.210778087957
Sep-2026,Ahmedabad,21217360,vijay.patadiya@zomato.com,na,bhavik.shah@zomato.com,10035,0.0,1994,0.0
Sep-2026,Ahmedabad,21221323,vijay.patadiya@zomato.com,north indian,bhavik.shah@zomato.com,36834,24505.436,10869,5995.747329220369
Sep-2026,Ahmedabad,21239431,vijay.patadiya@zomato.com,north indian,bhavik.shah@zomato.com,2328,870.534,468,165.5065507911662
Sep-2026,Ahmedabad,21240932,vijay.patadiya@zomato.com,beverages,bhavik.shah@zomato.com,32841,32572.072000000004,7814,7295.349187290526
Sep-2026,Ahmedabad,21271374,vijay.patadiya@zomato.com,north indian,bhavik.shah@zomato.com,11471,21280.716000000004,3666,8783.451860401869
Sep-2026,Ahmedabad,21274528,vijay.patadiya@zomato.com,beverages,bhavik.shah@zomato.com,18196,27458.454999999998,8728,12474.878795243687
Sep-2026,Ahmedabad,21276289,vijay.patadiya@zomato.com,north indian,bhavik.shah@zomato.com,43830,54795.35399999999,12906,16430.71467845528
Sep-2026,Ahmedabad,21300045,vijay.patadiya@zomato.com,north indian,bhavik.shah@zomato.com,1467,2441.9939999999997,181,325.523424372637
Sep-2026,Ahmedabad,21302381,vijay.patadiya@zomato.com,north indian,bhavik.shah@zomato.com,108987,21821.516,32173,6211.471705241252
Sep-2026,Ahmedabad,21324287,vijay.patadiya@zomato.com,north indian,bhavik.shah@zomato.com,68651,17068.604,21446,2229.4676159841374
Sep-2026,Ahmedabad,21333075,vijay.patadiya@zomato.com,street food,bhavik.shah@zomato.com,11296,0.0,1464,0.0
Sep-2026,Ahmedabad,21334597,vijay.patadiya@zomato.com,ice cream,bhavik.shah@zomato.com,34031,0.0,10441,0.0
Sep-2026,Ahmedabad,21356546,vijay.patadiya@zomato.com,north indian,bhavik.shah@zomato.com,8361,8089.598000000001,5146,2974.853964447875
Sep-2026,Ahmedabad,21359204,vijay.patadiya@zomato.com,north indian,bhavik.shah@zomato.com,15417,29715.685999999998,3924,6616.529190023583
Sep-2026,Ahmedabad,21366236,vijay.patadiya@zomato.com,"wraps, rolls and sandwiches",bhavik.shah@zomato.com,86307,88751.85399999999,23516,29024.181299777138
Sep-2026,Ahmedabad,21371088,vijay.patadiya@zomato.com,street food,bhavik.shah@zomato.com,0,45238.172,0,10782.855329154314
Sep-2026,Ahmedabad,21372889,vijay.patadiya@zomato.com,street food,bhavik.shah@zomato.com,313,497.1359999999999,41,35.126940757413024
Sep-2026,Ahmedabad,21400630,vijay.patadiya@zomato.com,street food,bhavik.shah@zomato.com,40187,20926.396,16001,7314.022069167375
Sep-2026,Ahmedabad,21401054,vijay.patadiya@zomato.com,street food,bhavik.shah@zomato.com,23845,61690.372,3878,18682.13125366612
Sep-2026,Ahmedabad,21411832,vijay.patadiya@zomato.com,beverages,bhavik.shah@zomato.com,2812,6071.266,661,1599.1091438007988
Sep-2026,Ahmedabad,21425070,vijay.patadiya@zomato.com,north indian,bhavik.shah@zomato.com,13688,0.0,1852,0.0
Sep-2026,Ahmedabad,21434155,vijay.patadiya@zomato.com,street food,bhavik.shah@zomato.com,46060,1776.5359999999996,8025,38.881379985520425
Sep-2026,Ahmedabad,21507965,vijay.patadiya@zomato.com,na,bhavik.shah@zomato.com,18412,0.0,3907,0.0
Sep-2026,Ahmedabad,21517470,vijay.patadiya@zomato.com,street food,bhavik.shah@zomato.com,13124,30903.965999999997,2531,8746.071247189524
Sep-2026,Ahmedabad,21518448,vijay.patadiya@zomato.com,biryani,bhavik.shah@zomato.com,13619,3936.2720000000004,9345,2406.4712128709825
Sep-2026,Ahmedabad,21564515,vijay.patadiya@zomato.com,"wraps, rolls and sandwiches",bhavik.shah@zomato.com,38621,60641.45000000001,16563,15978.015875020512
Sep-2026,Ahmedabad,21582979,vijay.patadiya@zomato.com,street food,bhavik.shah@zomato.com,78934,24606.338,31697,3447.042712413891
Sep-2026,Ahmedabad,21607769,vijay.patadiya@zomato.com,international,bhavik.shah@zomato.com,4016,4713.919999999999,624,985.1741807437833
Sep-2026,Ahmedabad,21609443,vijay.patadiya@zomato.com,street food,bhavik.shah@zomato.com,998,3147.4660000000003,121,1653.8327664037688
Sep-2026,Ahmedabad,21655728,vijay.patadiya@zomato.com,street food,bhavik.shah@zomato.com,6119,4229.593999999999,1010,646.1550470070576
Sep-2026,Ahmedabad,21669558,vijay.patadiya@zomato.com,south indian,bhavik.shah@zomato.com,1290,6526.773999999999,148,-725.6838430269615
Sep-2026,Ahmedabad,21678931,vijay.patadiya@zomato.com,street food,bhavik.shah@zomato.com,35279,30418.045999999995,6989,6264.468349464338
Sep-2026,Ahmedabad,21688839,vijay.patadiya@zomato.com,north indian,bhavik.shah@zomato.com,12947,11421.072,1588,1438.9368376353978
Sep-2026,Ahmedabad,21706152,vijay.patadiya@zomato.com,north indian,bhavik.shah@zomato.com,10584,35796.748999999996,1995,9400.528938267244
Sep-2026,Ahmedabad,21722076,vijay.patadiya@zomato.com,"wraps, rolls and sandwiches",bhavik.shah@zomato.com,5191,3000.8500000000004,940,380.40824166251025
Sep-2026,Ahmedabad,21744824,vijay.patadiya@zomato.com,chinese,bhavik.shah@zomato.com,3061,3846.488,521,702.8041071033673
Sep-2026,Ahmedabad,21745113,vijay.patadiya@zomato.com,north indian,bhavik.shah@zomato.com,17005,17048.95,4997,5124.365248672868
Sep-2026,Ahmedabad,21751094,vijay.patadiya@zomato.com,na,bhavik.shah@zomato.com,282,0.0,76,0.0
Sep-2026,Ahmedabad,21755897,vijay.patadiya@zomato.com,north indian,bhavik.shah@zomato.com,105381,35501.192,51317,12304.675219877678
Sep-2026,Ahmedabad,21758580,vijay.patadiya@zomato.com,na,bhavik.shah@zomato.com,7079,0.0,1376,0.0
Sep-2026,Ahmedabad,21778970,vijay.patadiya@zomato.com,chinese,bhavik.shah@zomato.com,5435,18899.775,550,5632.009379890411
Sep-2026,Ahmedabad,21781861,vijay.patadiya@zomato.com,street food,bhavik.shah@zomato.com,12846,14731.642,3482,2520.081651160019
Sep-2026,Ahmedabad,21787747,vijay.patadiya@zomato.com,na,bhavik.shah@zomato.com,936,0.0,235,0.0
Sep-2026,Ahmedabad,21790233,vijay.patadiya@zomato.com,cakes,bhavik.shah@zomato.com,35309,70877.705,11582,27479.57062676748
Sep-2026,Ahmedabad,21790512,vijay.patadiya@zomato.com,south indian,bhavik.shah@zomato.com,9484,29441.166,1051,5367.840560343934
Sep-2026,Ahmedabad,21802382,vijay.patadiya@zomato.com,na,bhavik.shah@zomato.com,72,0.0,19,0.0
Sep-2026,Ahmedabad,21820778,vijay.patadiya@zomato.com,burger,bhavik.shah@zomato.com,45545,1247.884,17163,19.738842983390494
Sep-2026,Ahmedabad,21831432,vijay.patadiya@zomato.com,north indian,bhavik.shah@zomato.com,61267,73966.98199999999,27798,23453.766725406873
Sep-2026,Ahmedabad,21862889,vijay.patadiya@zomato.com,north indian,bhavik.shah@zomato.com,162968,57075.56099999999,68998,24219.08041158086
Sep-2026,Ahmedabad,21869541,vijay.patadiya@zomato.com,international,bhavik.shah@zomato.com,72752,2031.1079999999997,22244,506.8125594646027
Sep-2026,Ahmedabad,21873166,vijay.patadiya@zomato.com,na,bhavik.shah@zomato.com,1082,0.0,157,0.0
Sep-2026,Ahmedabad,21878261,vijay.patadiya@zomato.com,na,bhavik.shah@zomato.com,27839,0.0,9164,0.0
Sep-2026,Ahmedabad,21882842,vijay.patadiya@zomato.com,ice cream,bhavik.shah@zomato.com,3584,170.938,2715,30.97234056684286
Sep-2026,Ahmedabad,21882843,vijay.patadiya@zomato.com,north indian,bhavik.shah@zomato.com,119,432.27599999999995,50,80.24658080169114
Sep-2026,Ahmedabad,21899006,vijay.patadiya@zomato.com,street food,bhavik.shah@zomato.com,0,1414.54,0,904.4960106083626
Sep-2026,Ahmedabad,21899108,vijay.patadiya@zomato.com,beverages,bhavik.shah@zomato.com,0,311.582,0,0.10662249819005581
Sep-2026,Ahmedabad,21899163,vijay.patadiya@zomato.com,street food,bhavik.shah@zomato.com,4465,9189.524,929,545.5183015812497
Sep-2026,Ahmedabad,21920480,vijay.patadiya@zomato.com,pizza,bhavik.shah@zomato.com,49146,102011.62499999999,11682,22110.019018329214
Sep-2026,Ahmedabad,21920512,vijay.patadiya@zomato.com,"wraps, rolls and sandwiches",bhavik.shah@zomato.com,10847,9185.286,3895,3381.248899555196
Sep-2026,Ahmedabad,21928506,vijay.patadiya@zomato.com,north indian,bhavik.shah@zomato.com,213,0.0,0,0.0
Sep-2026,Ahmedabad,21931992,vijay.patadiya@zomato.com,street food,bhavik.shah@zomato.com,3893,875.8239999999998,1896,144.6133161484238
Sep-2026,Ahmedabad,21961206,vijay.patadiya@zomato.com,"wraps, rolls and sandwiches",bhavik.shah@zomato.com,393,209.29600000000002,0,-62.961895550465215
Sep-2026,Ahmedabad,21990228,vijay.patadiya@zomato.com,na,bhavik.shah@zomato.com,11465,0.0,3705,0.0
Sep-2026,Ahmedabad,22013204,vijay.patadiya@zomato.com,biryani,bhavik.shah@zomato.com,5603,5144.35,1346,-132.01366189445133
Sep-2026,Ahmedabad,22021686,vijay.patadiya@zomato.com,street food,bhavik.shah@zomato.com,684,6977.673999999998,115,1147.1688861017988
Sep-2026,Ahmedabad,22024336,vijay.patadiya@zomato.com,biryani,bhavik.shah@zomato.com,0,8054.321999999998,0,5201.290661751054
Sep-2026,Ahmedabad,22034213,vijay.patadiya@zomato.com,south indian,bhavik.shah@zomato.com,23135,0.0,9673,0.0
Sep-2026,Ahmedabad,22034258,vijay.patadiya@zomato.com,na,bhavik.shah@zomato.com,604,0.0,3,0.0
Sep-2026,Ahmedabad,22037483,vijay.patadiya@zomato.com,north indian,bhavik.shah@zomato.com,3977,1358.9519999999998,658,347.46768572215507
Sep-2026,Ahmedabad,22063572,vijay.patadiya@zomato.com,street food,bhavik.shah@zomato.com,17289,20331.48,3176,4170.864748603274
Sep-2026,Ahmedabad,22097950,vijay.patadiya@zomato.com,street food,bhavik.shah@zomato.com,14687,13109.303999999998,3478,2839.7727728302407
Sep-2026,Ahmedabad,22120154,vijay.patadiya@zomato.com,street food,bhavik.shah@zomato.com,0,182.01800000000003,0,0.05426797252687079
Sep-2026,Ahmedabad,22139591,vijay.patadiya@zomato.com,ice cream,bhavik.shah@zomato.com,18262,16995.985999999997,6123,3861.3452097456347
Sep-2026,Ahmedabad,22151336,vijay.patadiya@zomato.com,north indian,bhavik.shah@zomato.com,70968,203596.62300000002,13763,56920.32084873955
Sep-2026,Ahmedabad,22182053,vijay.patadiya@zomato.com,na,bhavik.shah@zomato.com,183,0.0,29,0.0
Sep-2026,Ahmedabad,22204666,vijay.patadiya@zomato.com,street food,bhavik.shah@zomato.com,28889,0.0,14973,0.0
Sep-2026,Ahmedabad,22214257,vijay.patadiya@zomato.com,na,bhavik.shah@zomato.com,708,0.0,132,0.0
Sep-2026,Ahmedabad,22215181,vijay.patadiya@zomato.com,na,bhavik.shah@zomato.com,127,0.0,0,0.0
Sep-2026,Ahmedabad,22218293,vijay.patadiya@zomato.com,street food,bhavik.shah@zomato.com,7980,5223.233999999999,4674,3860.7289031909686
Sep-2026,Ahmedabad,22222286,vijay.patadiya@zomato.com,biryani,bhavik.shah@zomato.com,15365,0.0,4425,0.0
Sep-2026,Ahmedabad,22223845,vijay.patadiya@zomato.com,na,bhavik.shah@zomato.com,1345,0.0,-27,0.0
Sep-2026,Ahmedabad,22239133,vijay.patadiya@zomato.com,north indian,bhavik.shah@zomato.com,23425,15041.385999999997,9795,7013.726566245412
Sep-2026,Ahmedabad,22280542,vijay.patadiya@zomato.com,international,bhavik.shah@zomato.com,25466,1207.252,3560,268.4686718901075
Sep-2026,Ahmedabad,22308813,vijay.patadiya@zomato.com,na,bhavik.shah@zomato.com,7073,0.0,1970,0.0
Sep-2026,Ahmedabad,22321412,vijay.patadiya@zomato.com,street food,bhavik.shah@zomato.com,32802,12711.326,6246,7075.272634539643
Sep-2026,Ahmedabad,22349136,vijay.patadiya@zomato.com,north indian,bhavik.shah@zomato.com,42109,75862.40699999999,12702,24321.435766056664
Sep-2026,Ahmedabad,22419240,vijay.patadiya@zomato.com,north indian,bhavik.shah@zomato.com,38384,53931.537000000004,8943,14264.672874454302
Sep-2026,Ahmedabad,22435437,vijay.patadiya@zomato.com,north indian,bhavik.shah@zomato.com,3721,3532.648,543,1490.3566802136816
Sep-2026,Ahmedabad,22455571,vijay.patadiya@zomato.com,north indian,bhavik.shah@zomato.com,45141,4986.415999999999,13733,341.0632587896135
Sep-2026,Ahmedabad,22458450,vijay.patadiya@zomato.com,"wraps, rolls and sandwiches",bhavik.shah@zomato.com,23413,49412.051,8195,14919.392297109835
Sep-2026,Ahmedabad,22477560,vijay.patadiya@zomato.com,cakes,bhavik.shah@zomato.com,3956,0.0,1347,0.0
Sep-2026,Ahmedabad,22488531,vijay.patadiya@zomato.com,ice cream,bhavik.shah@zomato.com,33690,32459.822999999997,9807,11032.52188358348
Sep-2026,Ahmedabad,22492391,vijay.patadiya@zomato.com,pizza,bhavik.shah@zomato.com,12451,5910.722,4115,3254.8566148770096
Sep-2026,Ahmedabad,22512873,vijay.patadiya@zomato.com,"wraps, rolls and sandwiches",bhavik.shah@zomato.com,30058,0.0,13301,0.0
Sep-2026,Ahmedabad,22521877,vijay.patadiya@zomato.com,street food,bhavik.shah@zomato.com,47170,18236.948,11888,3364.526183581427
Sep-2026,Ahmedabad,22548905,vijay.patadiya@zomato.com,"wraps, rolls and sandwiches",bhavik.shah@zomato.com,0,4150.662,0,852.1032379252422
Sep-2026,Ahmedabad,22566101,vijay.patadiya@zomato.com,north indian,bhavik.shah@zomato.com,31334,124732.03199999998,11696,31951.19208187325
Sep-2026,Ahmedabad,22571637,vijay.patadiya@zomato.com,cakes,bhavik.shah@zomato.com,30099,11029.282,4558,3341.8108563525007
Sep-2026,Ahmedabad,22588120,vijay.patadiya@zomato.com,street food,bhavik.shah@zomato.com,4283,19666.546,892,3655.977443165993
Sep-2026,Ahmedabad,22610082,vijay.patadiya@zomato.com,na,bhavik.shah@zomato.com,6386,0.0,659,0.0
Sep-2026,Ahmedabad,22616662,vijay.patadiya@zomato.com,beverages,bhavik.shah@zomato.com,8388,8714.528,1310,2550.408698530535
Sep-2026,Ahmedabad,22616679,vijay.patadiya@zomato.com,"wraps, rolls and sandwiches",bhavik.shah@zomato.com,3580,478.998,168,0.049647881565472694
Sep-2026,Ahmedabad,22618220,vijay.patadiya@zomato.com,south indian,bhavik.shah@zomato.com,6515,59045.654,246,16569.397758899748
Sep-2026,Ahmedabad,22630217,vijay.patadiya@zomato.com,north indian,bhavik.shah@zomato.com,10170,9787.780999999999,1338,5212.149249097623
Sep-2026,Ahmedabad,22633395,vijay.patadiya@zomato.com,na,bhavik.shah@zomato.com,7287,0.0,2263,0.0
Sep-2026,Ahmedabad,22637986,vijay.patadiya@zomato.com,street food,bhavik.shah@zomato.com,13282,3823.3999999999996,573,657.3659322722858
Sep-2026,Ahmedabad,22642700,vijay.patadiya@zomato.com,street food,bhavik.shah@zomato.com,22397,11930.418,338,1519.1868151225763
Sep-2026,Ahmedabad,22643121,vijay.patadiya@zomato.com,street food,bhavik.shah@zomato.com,46547,13136.736,4364,323.35042888145364
Sep-2026,Ahmedabad,22649409,vijay.patadiya@zomato.com,na,bhavik.shah@zomato.com,1091,0.0,40,0.0
Sep-2026,Ahmedabad,22650743,vijay.patadiya@zomato.com,street food,bhavik.shah@zomato.com,5622,40110.685999999994,369,10339.719186697399
Sep-2026,Ahmedabad,22656633,vijay.patadiya@zomato.com,burger,bhavik.shah@zomato.com,14638,65044.600000000006,-1219,17233.119654771
Sep-2026,Ahmedabad,22657189,vijay.patadiya@zomato.com,north indian,bhavik.shah@zomato.com,12082,6482.937000000001,732,2933.4217654030995
Sep-2026,Ahmedabad,22659437,vijay.patadiya@zomato.com,north indian,bhavik.shah@zomato.com,22078,74473.031,807,17173.46807696374
Sep-2026,Ahmedabad,22663140,vijay.patadiya@zomato.com,north indian,bhavik.shah@zomato.com,345,30097.901000000013,0,16.533234357170613
Sep-2026,Ahmedabad,22663851,vijay.patadiya@zomato.com,na,bhavik.shah@zomato.com,7894,0.0,280,0.0
Sep-2026,Ahmedabad,22664186,vijay.patadiya@zomato.com,north indian,bhavik.shah@zomato.com,5720,0.0,-312,0.0
Sep-2026,Ahmedabad,22667293,vijay.patadiya@zomato.com,international,bhavik.shah@zomato.com,23150,3224.901,2510,1045.0372480837327
Sep-2026,Ahmedabad,22670559,vijay.patadiya@zomato.com,na,bhavik.shah@zomato.com,313,0.0,0,0.0
Sep-2026,Ahmedabad,22672750,vijay.patadiya@zomato.com,burger,bhavik.shah@zomato.com,5752,22642.892,445,4986.551635555755
Sep-2026,Ahmedabad,22677751,vijay.patadiya@zomato.com,street food,bhavik.shah@zomato.com,2662,62977.04799999999,44,24003.1893300954
Sep-2026,Ahmedabad,22678637,vijay.patadiya@zomato.com,street food,bhavik.shah@zomato.com,9641,51906.928,-971,6044.074881755422
Sep-2026,Ahmedabad,22692229,vijay.patadiya@zomato.com,street food,bhavik.shah@zomato.com,2801,12314.551000000001,3,2446.8142948811724
Sep-2026,Ahmedabad,22696919,vijay.patadiya@zomato.com,north indian,bhavik.shah@zomato.com,0,11421.582,0,4994.649221785784
Sep-2026,Ahmedabad,22710359,vijay.patadiya@zomato.com,international,bhavik.shah@zomato.com,5950,58312.736,851,17771.95490266598
Sep-2026,Ahmedabad,22712990,vijay.patadiya@zomato.com,"wraps, rolls and sandwiches",bhavik.shah@zomato.com,3414,1650.982,-460,436.11578754306635
Sep-2026,Ahmedabad,22716474,vijay.patadiya@zomato.com,north indian,bhavik.shah@zomato.com,1227,18035.674000000003,25,6060.852995175202
Sep-2026,Ahmedabad,22720495,vijay.patadiya@zomato.com,na,bhavik.shah@zomato.com,1708,0.0,-620,0.0
Sep-2026,Ahmedabad,22721546,vijay.patadiya@zomato.com,north indian,bhavik.shah@zomato.com,681,47910.38799999999,0,16196.328094802158
Sep-2026,Ahmedabad,22726091,vijay.patadiya@zomato.com,chinese,bhavik.shah@zomato.com,9313,0.0,-230,0.0
Sep-2026,Ahmedabad,22729353,vijay.patadiya@zomato.com,south indian,bhavik.shah@zomato.com,802,418.034,26,103.29500156033465
Sep-2026,Ahmedabad,22730220,vijay.patadiya@zomato.com,street food,bhavik.shah@zomato.com,0,3590.364,0,560.9738634925112
Sep-2026,Ahmedabad,22730392,vijay.patadiya@zomato.com,na,bhavik.shah@zomato.com,907,0.0,-141,0.0
Sep-2026,Ahmedabad,22730611,vijay.patadiya@zomato.com,street food,bhavik.shah@zomato.com,407,156575.94699999996,-114,56139.66917188507
Sep-2026,Ahmedabad,22810493,vijay.patadiya@zomato.com,north indian,bhavik.shah@zomato.com,0,7033.797999999999,0,4120.981538269178
Sep-2026,Ahmedabad,22870604,vijay.patadiya@zomato.com,street food,bhavik.shah@zomato.com,0,718.9259999999999,0,483.43303344269043
Sep-2026,Ahmedabad,22871974,vijay.patadiya@zomato.com,street food,bhavik.shah@zomato.com,0,11775.664,0,4161.043711739943
Sep-2026,Ahmedabad,110237,vyas.aditya@zomato.com,north indian,bhavik.shah@zomato.com,690985,638805.246,110167,101603.25962656329
Sep-2026,Ahmedabad,110246,vyas.aditya@zomato.com,street food,bhavik.shah@zomato.com,92663,85121.78199999999,31489,27615.60769067991
Sep-2026,Ahmedabad,110248,vyas.aditya@zomato.com,north indian,bhavik.shah@zomato.com,904753,628049.6039999999,256480,202163.9749195313
Sep-2026,Ahmedabad,110320,vyas.aditya@zomato.com,ice cream,bhavik.shah@zomato.com,344204,444312.6789999998,128115,165520.0855534495
Sep-2026,Ahmedabad,110367,vyas.aditya@zomato.com,north indian,bhavik.shah@zomato.com,878114,884160.8159999999,184952,195498.67369636797
Sep-2026,Ahmedabad,111232,vyas.aditya@zomato.com,beverages,bhavik.shah@zomato.com,140629,88703.447,21218,18313.06722452418
Sep-2026,Ahmedabad,111432,vyas.aditya@zomato.com,north indian,bhavik.shah@zomato.com,564108,601828.0479999997,141032,123956.80080260104
Sep-2026,Ahmedabad,111443,vyas.aditya@zomato.com,north indian,bhavik.shah@zomato.com,886769,1094800.458,248452,306093.7460637553
Sep-2026,Ahmedabad,111498,vyas.aditya@zomato.com,beverages,bhavik.shah@zomato.com,140106,68126.78700000001,23033,13510.551815049199
Sep-2026,Ahmedabad,111753,vyas.aditya@zomato.com,street food,bhavik.shah@zomato.com,343172,496973.44999999995,79622,123886.24731641817
Sep-2026,Ahmedabad,111851,vyas.aditya@zomato.com,beverages,bhavik.shah@zomato.com,176322,116883.52300000002,30552,23288.805478594346
Sep-2026,Ahmedabad,111887,vyas.aditya@zomato.com,beverages,bhavik.shah@zomato.com,69709,75095.52,10257,10492.144968742828
Sep-2026,Ahmedabad,112976,vyas.aditya@zomato.com,street food,bhavik.shah@zomato.com,421593,243073.263,109386,41142.19835853621
Sep-2026,Ahmedabad,113379,vyas.aditya@zomato.com,beverages,bhavik.shah@zomato.com,174625,147952.73,33384,26777.27939541237
Sep-2026,Ahmedabad,113488,vyas.aditya@zomato.com,"wraps, rolls and sandwiches",bhavik.shah@zomato.com,131918,15408.524,45755,6615.73662011295
Sep-2026,Ahmedabad,113640,vyas.aditya@zomato.com,street food,bhavik.shah@zomato.com,46159,36033.399999999994,13680,10119.187993622314
Sep-2026,Ahmedabad,113895,vyas.aditya@zomato.com,"wraps, rolls and sandwiches",bhavik.shah@zomato.com,416164,568208.4540000001,91144,145718.32283224494
Sep-2026,Ahmedabad,113905,vyas.aditya@zomato.com,north indian,bhavik.shah@zomato.com,320562,222860.777,85456,65030.10445012913
Sep-2026,Ahmedabad,113908,vyas.aditya@zomato.com,pizza,bhavik.shah@zomato.com,747345,940009.475,138402,217039.96062860676
Sep-2026,Ahmedabad,18231902,vyas.aditya@zomato.com,street food,bhavik.shah@zomato.com,158482,137611.559,52404,46750.52927705735
Sep-2026,Ahmedabad,18299274,vyas.aditya@zomato.com,north indian,bhavik.shah@zomato.com,11977,14764.232,2198,2358.6594773837796
Sep-2026,Ahmedabad,18458216,vyas.aditya@zomato.com,north indian,bhavik.shah@zomato.com,100062,57598.856,13396,8105.894953208085
Sep-2026,Ahmedabad,18539026,vyas.aditya@zomato.com,north indian,bhavik.shah@zomato.com,111435,303545.377,32438,85466.9567873276
Sep-2026,Ahmedabad,18570024,vyas.aditya@zomato.com,north indian,bhavik.shah@zomato.com,1661972,1150649.1699999992,246938,162370.48025438533
Sep-2026,Ahmedabad,18575415,vyas.aditya@zomato.com,international,bhavik.shah@zomato.com,988389,791700.23,127035,112590.63800211418
Sep-2026,Ahmedabad,18590398,vyas.aditya@zomato.com,na,bhavik.shah@zomato.com,730,0.0,90,0.0
Sep-2026,Ahmedabad,18590830,vyas.aditya@zomato.com,north indian,bhavik.shah@zomato.com,0,42857.777,0,5694.759416470133
Sep-2026,Ahmedabad,18662620,vyas.aditya@zomato.com,north indian,bhavik.shah@zomato.com,1872991,2025813.4030000002,451599,492469.58738425706
Sep-2026,Ahmedabad,18779701,vyas.aditya@zomato.com,international,bhavik.shah@zomato.com,1739782,1502267.7089999998,231212,212557.40316198175
Sep-2026,Ahmedabad,18882467,vyas.aditya@zomato.com,international,bhavik.shah@zomato.com,7614,93343.963,1757,19561.210141212337
Sep-2026,Ahmedabad,18945272,vyas.aditya@zomato.com,north indian,bhavik.shah@zomato.com,26472,63855.38599999999,23726,28325.07239634265
Sep-2026,Ahmedabad,19003565,vyas.aditya@zomato.com,international,bhavik.shah@zomato.com,446135,376366.4579999999,91256,83365.1504703029
Sep-2026,Ahmedabad,19043395,vyas.aditya@zomato.com,beverages,bhavik.shah@zomato.com,93789,66140.606,14170,9173.114064038955
Sep-2026,Ahmedabad,19070365,vyas.aditya@zomato.com,north indian,bhavik.shah@zomato.com,837861,502285.3789999999,263791,100645.70800800285
Sep-2026,Ahmedabad,19123522,vyas.aditya@zomato.com,north indian,bhavik.shah@zomato.com,225087,263298.288,53064,76649.1623020697
Sep-2026,Ahmedabad,19144548,vyas.aditya@zomato.com,beverages,bhavik.shah@zomato.com,805300,769543.44,220482,214184.00854781692
Sep-2026,Ahmedabad,19290125,vyas.aditya@zomato.com,pizza,bhavik.shah@zomato.com,217967,305415.711,34442,62663.15194272282
Sep-2026,Ahmedabad,19297740,vyas.aditya@zomato.com,beverages,bhavik.shah@zomato.com,115442,55391.431000000004,19101,11327.611773428123
Sep-2026,Ahmedabad,19335424,vyas.aditya@zomato.com,north indian,bhavik.shah@zomato.com,15228,7252.606999999999,2213,1327.5833682059254
Sep-2026,Ahmedabad,19351230,vyas.aditya@zomato.com,na,bhavik.shah@zomato.com,7908,0.0,5848,0.0
Sep-2026,Ahmedabad,19417054,vyas.aditya@zomato.com,na,bhavik.shah@zomato.com,3181,0.0,439,0.0
Sep-2026,Ahmedabad,19447256,vyas.aditya@zomato.com,north indian,bhavik.shah@zomato.com,23775,65726.53600000001,7766,17792.995763046707
Sep-2026,Ahmedabad,19490995,vyas.aditya@zomato.com,north indian,bhavik.shah@zomato.com,195093,246742.18299999996,73864,69495.73449975427
Sep-2026,Ahmedabad,19515573,vyas.aditya@zomato.com,north indian,bhavik.shah@zomato.com,535075,394861.44,171417,141525.669806453
Sep-2026,Ahmedabad,19542350,vyas.aditya@zomato.com,international,bhavik.shah@zomato.com,235280,394513.565,66090,116329.45821825622
Sep-2026,Ahmedabad,19689497,vyas.aditya@zomato.com,pizza,bhavik.shah@zomato.com,219718,411370.76600000006,50981,115571.33632154111
Sep-2026,Ahmedabad,19708611,vyas.aditya@zomato.com,pizza,bhavik.shah@zomato.com,165536,225366.01,34554,57960.87174145607
Sep-2026,Ahmedabad,19711677,vyas.aditya@zomato.com,pizza,bhavik.shah@zomato.com,0,192426.12600000002,0,53339.937839630074
Sep-2026,Ahmedabad,19711734,vyas.aditya@zomato.com,pizza,bhavik.shah@zomato.com,69345,121480.106,16323,29834.086362565165
Sep-2026,Ahmedabad,19711794,vyas.aditya@zomato.com,pizza,bhavik.shah@zomato.com,77147,85615.484,19188,19478.554232327515
Sep-2026,Ahmedabad,19711809,vyas.aditya@zomato.com,pizza,bhavik.shah@zomato.com,142133,132417.21600000001,29933,37743.51891468144
Sep-2026,Ahmedabad,19712933,vyas.aditya@zomato.com,pizza,bhavik.shah@zomato.com,73279,140244.38199999998,13158,36627.08548766895
Sep-2026,Ahmedabad,19722537,vyas.aditya@zomato.com,pizza,bhavik.shah@zomato.com,89801,95981.05200000001,19830,24228.834626027397
Sep-2026,Ahmedabad,19722640,vyas.aditya@zomato.com,pizza,bhavik.shah@zomato.com,218507,123840.30399999999,46047,28442.691964311227
Sep-2026,Ahmedabad,19722668,vyas.aditya@zomato.com,pizza,bhavik.shah@zomato.com,159685,103296.88099999998,31355,27938.95737187614
Sep-2026,Ahmedabad,19722690,vyas.aditya@zomato.com,pizza,bhavik.shah@zomato.com,47141,37730.488,8785,9399.611969605545
Sep-2026,Ahmedabad,19770157,vyas.aditya@zomato.com,pizza,bhavik.shah@zomato.com,0,139586.744,0,32373.454373727207
Sep-2026,Ahmedabad,19791632,vyas.aditya@zomato.com,pizza,bhavik.shah@zomato.com,356841,200672.088,73553,50881.533151492644
Sep-2026,Ahmedabad,19823848,vyas.aditya@zomato.com,chinese,bhavik.shah@zomato.com,54237,105778.35399999999,11014,31959.267521514997
Sep-2026,Ahmedabad,19841933,vyas.aditya@zomato.com,north indian,bhavik.shah@zomato.com,42873,17755.686,8706,-1033.6512393290436
Sep-2026,Ahmedabad,19846159,vyas.aditya@zomato.com,international,bhavik.shah@zomato.com,255337,124649.82500000001,81994,25137.297220550096
Sep-2026,Ahmedabad,19847815,vyas.aditya@zomato.com,street food,bhavik.shah@zomato.com,84378,46982.162000000004,37221,10518.691485755859
Sep-2026,Ahmedabad,19852467,vyas.aditya@zomato.com,pizza,bhavik.shah@zomato.com,119341,124962.66699999999,23856,29205.80177372985
Sep-2026,Ahmedabad,19874449,vyas.aditya@zomato.com,pizza,bhavik.shah@zomato.com,77413,74709.594,17881,18957.248189032493
Sep-2026,Ahmedabad,19901310,vyas.aditya@zomato.com,pizza,bhavik.shah@zomato.com,138514,154216.42099999997,27414,32757.990507558337
Sep-2026,Ahmedabad,19901905,vyas.aditya@zomato.com,pizza,bhavik.shah@zomato.com,181195,152309.489,33438,48473.198687870616
Sep-2026,Ahmedabad,19901958,vyas.aditya@zomato.com,pizza,bhavik.shah@zomato.com,406838,331098.5339999999,81759,86107.5609212966
Sep-2026,Ahmedabad,19933274,vyas.aditya@zomato.com,beverages,bhavik.shah@zomato.com,44125,75358.97100000002,12992,19957.591972722134
Sep-2026,Ahmedabad,19948177,vyas.aditya@zomato.com,north indian,bhavik.shah@zomato.com,846922,938658.9600000001,258252,263077.10350776906
Sep-2026,Ahmedabad,19958116,vyas.aditya@zomato.com,pizza,bhavik.shah@zomato.com,68969,194461.414,11719,45859.33694426445
Sep-2026,Ahmedabad,19977069,vyas.aditya@zomato.com,north indian,bhavik.shah@zomato.com,311317,343341.10800000007,87552,77303.52968043364
Sep-2026,Ahmedabad,19979590,vyas.aditya@zomato.com,pizza,bhavik.shah@zomato.com,166050,119041.37599999999,30187,23409.86307510485
Sep-2026,Ahmedabad,20024739,vyas.aditya@zomato.com,pizza,bhavik.shah@zomato.com,72804,0.0,14740,0.0
Sep-2026,Ahmedabad,20054460,vyas.aditya@zomato.com,street food,bhavik.shah@zomato.com,134232,115993.783,49459,36425.57490581177
Sep-2026,Ahmedabad,20072476,vyas.aditya@zomato.com,international,bhavik.shah@zomato.com,125882,98591.704,23241,26774.975911551068
Sep-2026,Ahmedabad,20168890,vyas.aditya@zomato.com,beverages,bhavik.shah@zomato.com,51776,40781.016,7115,7350.949638384855
Sep-2026,Ahmedabad,20243012,vyas.aditya@zomato.com,international,bhavik.shah@zomato.com,427772,374242.45600000006,87274,80937.37673508254
Sep-2026,Ahmedabad,20267380,vyas.aditya@zomato.com,beverages,bhavik.shah@zomato.com,24931,0.0,3759,0.0
Sep-2026,Ahmedabad,20312478,vyas.aditya@zomato.com,pizza,bhavik.shah@zomato.com,133358,206563.42500000002,23469,51445.660294140594
Sep-2026,Ahmedabad,20365764,vyas.aditya@zomato.com,north indian,bhavik.shah@zomato.com,152800,169942.69499999998,54241,60348.49680963131
Sep-2026,Ahmedabad,20440290,vyas.aditya@zomato.com,pizza,bhavik.shah@zomato.com,175757,142940.012,27260,22683.70561690448
Sep-2026,Ahmedabad,20443610,vyas.aditya@zomato.com,international,bhavik.shah@zomato.com,89399,53702.744000000006,30811,11492.911436870365
Sep-2026,Ahmedabad,20464809,vyas.aditya@zomato.com,beverages,bhavik.shah@zomato.com,65354,61300.149999999994,10982,11817.364325795834
Sep-2026,Ahmedabad,20476577,vyas.aditya@zomato.com,north indian,bhavik.shah@zomato.com,53062,129778.483,12901,43672.08126493067
Sep-2026,Ahmedabad,20494242,vyas.aditya@zomato.com,international,bhavik.shah@zomato.com,247770,288434.103,100857,101797.58125398454
Sep-2026,Ahmedabad,20504637,vyas.aditya@zomato.com,pizza,bhavik.shah@zomato.com,95458,117250.71900000001,20080,28958.689646654686
Sep-2026,Ahmedabad,20504691,vyas.aditya@zomato.com,international,bhavik.shah@zomato.com,130191,56224.945999999996,21598,14011.535476073223
Sep-2026,Ahmedabad,20508297,vyas.aditya@zomato.com,north indian,bhavik.shah@zomato.com,412167,368767.3999999999,92101,84741.57295844337
Sep-2026,Ahmedabad,20517250,vyas.aditya@zomato.com,north indian,bhavik.shah@zomato.com,458751,236452.56300000002,129341,56319.50859598465
Sep-2026,Ahmedabad,20570250,vyas.aditya@zomato.com,north indian,bhavik.shah@zomato.com,187932,0.0,67520,0.0
Sep-2026,Ahmedabad,20570290,vyas.aditya@zomato.com,north indian,bhavik.shah@zomato.com,63240,0.0,18900,0.0
Sep-2026,Ahmedabad,20574143,vyas.aditya@zomato.com,beverages,bhavik.shah@zomato.com,77301,86854.465,16372,21229.825950389302
Sep-2026,Ahmedabad,20601151,vyas.aditya@zomato.com,beverages,bhavik.shah@zomato.com,85220,69460.10600000001,14879,13924.542890290428
Sep-2026,Ahmedabad,20606414,vyas.aditya@zomato.com,street food,bhavik.shah@zomato.com,6906,11693.659999999998,1220,3601.3934827104686
Sep-2026,Ahmedabad,20619097,vyas.aditya@zomato.com,international,bhavik.shah@zomato.com,80444,51246.28999999999,27625,22137.92695806234
Sep-2026,Ahmedabad,20631129,vyas.aditya@zomato.com,beverages,bhavik.shah@zomato.com,57970,36135.41299999999,9541,6880.707605622389
Sep-2026,Ahmedabad,20633890,vyas.aditya@zomato.com,beverages,bhavik.shah@zomato.com,84354,57880.62899999999,15020,13465.25774933076
Sep-2026,Ahmedabad,20728539,vyas.aditya@zomato.com,beverages,bhavik.shah@zomato.com,223342,143138.68099999998,45324,33035.941024336265
Sep-2026,Ahmedabad,20828243,vyas.aditya@zomato.com,north indian,bhavik.shah@zomato.com,91575,125622.09700000001,34607,50824.280330153735
Sep-2026,Ahmedabad,20895386,vyas.aditya@zomato.com,north indian,bhavik.shah@zomato.com,113581,100991.99100000001,20529,9547.333352692247
Sep-2026,Ahmedabad,20898744,vyas.aditya@zomato.com,pizza,bhavik.shah@zomato.com,78748,99387.39499999999,16020,25324.24248183077
Sep-2026,Ahmedabad,20900844,vyas.aditya@zomato.com,beverages,bhavik.shah@zomato.com,25268,0.0,4257,0.0
Sep-2026,Ahmedabad,20911256,vyas.aditya@zomato.com,north indian,bhavik.shah@zomato.com,168902,184787.63399999996,51884,53789.860146709245
Sep-2026,Ahmedabad,20920431,vyas.aditya@zomato.com,pizza,bhavik.shah@zomato.com,68077,175826.14100000006,11211,40345.920287161614
Sep-2026,Ahmedabad,20921708,vyas.aditya@zomato.com,north indian,bhavik.shah@zomato.com,277961,313116.502,98779,114761.45025807782
Sep-2026,Ahmedabad,20972531,vyas.aditya@zomato.com,street food,bhavik.shah@zomato.com,147338,125469.00400000002,54546,53494.697269466604
Sep-2026,Ahmedabad,20991466,vyas.aditya@zomato.com,north indian,bhavik.shah@zomato.com,318565,297785.226,113570,124990.60057307505
Sep-2026,Ahmedabad,21028444,vyas.aditya@zomato.com,north indian,bhavik.shah@zomato.com,52334,83685.748,18835,22570.65711682205
Sep-2026,Ahmedabad,21033355,vyas.aditya@zomato.com,street food,bhavik.shah@zomato.com,144167,74709.122,38508,20230.663691574067
Sep-2026,Ahmedabad,21035670,vyas.aditya@zomato.com,beverages,bhavik.shah@zomato.com,26871,0.0,4001,0.0
Sep-2026,Ahmedabad,21122955,vyas.aditya@zomato.com,street food,bhavik.shah@zomato.com,205243,146620.02700000003,67593,55105.4539446126
Sep-2026,Ahmedabad,21183865,vyas.aditya@zomato.com,beverages,bhavik.shah@zomato.com,32291,35823.62,7256,7249.812181999762
Sep-2026,Ahmedabad,21215168,vyas.aditya@zomato.com,beverages,bhavik.shah@zomato.com,103628,138248.253,20305,27188.026241686206
Sep-2026,Ahmedabad,21229452,vyas.aditya@zomato.com,north indian,bhavik.shah@zomato.com,118321,71690.632,26822,15438.784903627728
Sep-2026,Ahmedabad,21273718,vyas.aditya@zomato.com,north indian,bhavik.shah@zomato.com,129675,65586.659,30604,14291.174650173081
Sep-2026,Ahmedabad,21322678,vyas.aditya@zomato.com,"wraps, rolls and sandwiches",bhavik.shah@zomato.com,168838,17128.379999999997,44295,6548.765863782037
Sep-2026,Ahmedabad,21355614,vyas.aditya@zomato.com,north indian,bhavik.shah@zomato.com,367047,291937.22500000003,112782,93198.96369760003
Sep-2026,Ahmedabad,21390966,vyas.aditya@zomato.com,beverages,bhavik.shah@zomato.com,83513,68771.77799999999,15841,13449.00371737717
Sep-2026,Ahmedabad,21410835,vyas.aditya@zomato.com,pizza,bhavik.shah@zomato.com,34821,83935.18400000001,5580,22468.913017549326
Sep-2026,Ahmedabad,21414259,vyas.aditya@zomato.com,international,bhavik.shah@zomato.com,4046,1429.4399999999998,801,299.3329171789521
Sep-2026,Ahmedabad,21449398,vyas.aditya@zomato.com,street food,bhavik.shah@zomato.com,192215,143317.53100000002,34247,23579.964731465458
Sep-2026,Ahmedabad,21453465,vyas.aditya@zomato.com,beverages,bhavik.shah@zomato.com,27871,21289.241,3904,3624.125720712002
Sep-2026,Ahmedabad,21469606,vyas.aditya@zomato.com,beverages,bhavik.shah@zomato.com,144477,89006.30799999999,29074,17544.07421877693
Sep-2026,Ahmedabad,21476316,vyas.aditya@zomato.com,street food,bhavik.shah@zomato.com,18567,6597.005,4769,1810.2380938120737
Sep-2026,Ahmedabad,21476324,vyas.aditya@zomato.com,na,bhavik.shah@zomato.com,25968,0.0,15396,0.0
Sep-2026,Ahmedabad,21476394,vyas.aditya@zomato.com,north indian,bhavik.shah@zomato.com,12954,67484.68400000001,5807,34895.37862865868
Sep-2026,Ahmedabad,21476483,vyas.aditya@zomato.com,international,bhavik.shah@zomato.com,109900,120063.773,36996,28593.46853767927
Sep-2026,Ahmedabad,21476650,vyas.aditya@zomato.com,na,bhavik.shah@zomato.com,355067,0.0,153894,0.0
Sep-2026,Ahmedabad,21476663,vyas.aditya@zomato.com,na,bhavik.shah@zomato.com,16512,0.0,9235,0.0
Sep-2026,Ahmedabad,21503610,vyas.aditya@zomato.com,pizza,bhavik.shah@zomato.com,41135,0.0,7729,0.0
Sep-2026,Ahmedabad,21531514,vyas.aditya@zomato.com,"wraps, rolls and sandwiches",bhavik.shah@zomato.com,7606,5743.147999999998,1552,1393.3940323681943
Sep-2026,Ahmedabad,21550109,vyas.aditya@zomato.com,international,bhavik.shah@zomato.com,111936,104864.75200000001,36823,24469.157577754388
Sep-2026,Ahmedabad,21560921,vyas.aditya@zomato.com,street food,bhavik.shah@zomato.com,5137,23035.194,859,6036.709551472717
Sep-2026,Ahmedabad,21570794,vyas.aditya@zomato.com,international,bhavik.shah@zomato.com,286235,354578.404,70681,91175.35385209903
Sep-2026,Ahmedabad,21578011,vyas.aditya@zomato.com,street food,bhavik.shah@zomato.com,86085,41984.888000000006,17309,8564.693643932023
Sep-2026,Ahmedabad,21592919,vyas.aditya@zomato.com,na,bhavik.shah@zomato.com,55918,0.0,27624,0.0
Sep-2026,Ahmedabad,21597520,vyas.aditya@zomato.com,na,bhavik.shah@zomato.com,17758,0.0,16408,0.0
Sep-2026,Ahmedabad,21628023,vyas.aditya@zomato.com,beverages,bhavik.shah@zomato.com,147912,183718.755,35955,43472.031793443646
Sep-2026,Ahmedabad,21690095,vyas.aditya@zomato.com,north indian,bhavik.shah@zomato.com,148015,34137.10999999999,50238,22060.434242488227
Sep-2026,Ahmedabad,21706900,vyas.aditya@zomato.com,pizza,bhavik.shah@zomato.com,0,240452.20399999997,0,62256.083171465565
Sep-2026,Ahmedabad,21722386,vyas.aditya@zomato.com,chinese,bhavik.shah@zomato.com,110769,0.0,47135,0.0
Sep-2026,Ahmedabad,21764714,vyas.aditya@zomato.com,pizza,bhavik.shah@zomato.com,114111,74807.37000000001,21671,21377.037032469514
Sep-2026,Ahmedabad,21817257,vyas.aditya@zomato.com,beverages,bhavik.shah@zomato.com,23393,26104.070000000003,6175,6834.901926528734
Sep-2026,Ahmedabad,21824296,vyas.aditya@zomato.com,north indian,bhavik.shah@zomato.com,280738,378010.0279999997,79999,99266.04278720236
Sep-2026,Ahmedabad,21882391,vyas.aditya@zomato.com,street food,bhavik.shah@zomato.com,1169306,550924.832,306785,194822.78133034747
Sep-2026,Ahmedabad,21912968,vyas.aditya@zomato.com,international,bhavik.shah@zomato.com,89308,56728.602,31411,15408.053540483414
Sep-2026,Ahmedabad,21929647,vyas.aditya@zomato.com,street food,bhavik.shah@zomato.com,54313,41473.89200000001,11195,7959.132331578077
Sep-2026,Ahmedabad,21949495,vyas.aditya@zomato.com,international,bhavik.shah@zomato.com,650165,719983.9589999999,82174,101007.2818098185
Sep-2026,Ahmedabad,21972432,vyas.aditya@zomato.com,pizza,bhavik.shah@zomato.com,115098,245048.61700000003,21344,61872.678003955174
Sep-2026,Ahmedabad,22052620,vyas.aditya@zomato.com,beverages,bhavik.shah@zomato.com,22286,12582.97,8325,4026.335496113421
Sep-2026,Ahmedabad,22066984,vyas.aditya@zomato.com,street food,bhavik.shah@zomato.com,66075,35021.135,32266,7465.61010912043
Sep-2026,Ahmedabad,22134722,vyas.aditya@zomato.com,international,bhavik.shah@zomato.com,17500,12391.708,7334,6082.677292832632
Sep-2026,Ahmedabad,22134725,vyas.aditya@zomato.com,north indian,bhavik.shah@zomato.com,198273,120201.138,51608,32394.153959230025
Sep-2026,Ahmedabad,22134727,vyas.aditya@zomato.com,na,bhavik.shah@zomato.com,7452,0.0,2510,0.0
Sep-2026,Ahmedabad,22134728,vyas.aditya@zomato.com,international,bhavik.shah@zomato.com,1502,50059.718,375,31209.677120079738
Sep-2026,Ahmedabad,22134729,vyas.aditya@zomato.com,north indian,bhavik.shah@zomato.com,9400,41490.124,7733,17145.949400255242
Sep-2026,Ahmedabad,22142901,vyas.aditya@zomato.com,beverages,bhavik.shah@zomato.com,525609,891389.9859999998,137071,237036.86094237908
Sep-2026,Ahmedabad,22175105,vyas.aditya@zomato.com,"wraps, rolls and sandwiches",bhavik.shah@zomato.com,35209,66211.88399999999,14030,19414.116121615472
Sep-2026,Ahmedabad,22181951,vyas.aditya@zomato.com,north indian,bhavik.shah@zomato.com,308352,127435.68399999998,98309,34921.62004435974
Sep-2026,Ahmedabad,22269756,vyas.aditya@zomato.com,street food,bhavik.shah@zomato.com,206656,502.266,65192,122.72480077512301
Sep-2026,Ahmedabad,22323799,vyas.aditya@zomato.com,north indian,bhavik.shah@zomato.com,7676,0.0,1281,0.0
Sep-2026,Ahmedabad,22323825,vyas.aditya@zomato.com,north indian,bhavik.shah@zomato.com,65966,3939.524,28785,724.8703151613722
Sep-2026,Ahmedabad,22323840,vyas.aditya@zomato.com,north indian,bhavik.shah@zomato.com,34914,0.0,23674,0.0
Sep-2026,Ahmedabad,22336047,vyas.aditya@zomato.com,beverages,bhavik.shah@zomato.com,29806,14906.027999999998,12907,3336.784815319542
Sep-2026,Ahmedabad,22375183,vyas.aditya@zomato.com,north indian,bhavik.shah@zomato.com,72720,97787.991,34588,43057.01777806841
Sep-2026,Ahmedabad,22390480,vyas.aditya@zomato.com,street food,bhavik.shah@zomato.com,120691,66938.81499999999,39578,15386.274044963742
Sep-2026,Ahmedabad,22455529,vyas.aditya@zomato.com,street food,bhavik.shah@zomato.com,60648,39782.30500000001,22692,8952.95818367063
Sep-2026,Ahmedabad,22472767,vyas.aditya@zomato.com,south indian,bhavik.shah@zomato.com,32182,192779.81599999996,23204,75482.27827305692
Sep-2026,Ahmedabad,22614557,vyas.aditya@zomato.com,street food,bhavik.shah@zomato.com,0,473749.952,0,162296.53224796418
Sep-2026,Ahmedabad,22665347,vyas.aditya@zomato.com,"wraps, rolls and sandwiches",bhavik.shah@zomato.com,10256,67259.041,1368,20934.362557163346
Sep-2026,Ahmedabad,22683416,vyas.aditya@zomato.com,"wraps, rolls and sandwiches",bhavik.shah@zomato.com,0,82976.384,0,26840.785713874404
Sep-2026,Ahmedabad,22707772,vyas.aditya@zomato.com,international,bhavik.shah@zomato.com,76380,381585.43899999995,4257,129900.32881146361
Sep-2026,Ahmedabad,22722722,vyas.aditya@zomato.com,beverages,bhavik.shah@zomato.com,187,1370.808,0,87.93019091768112
Sep-2026,Ahmedabad,22731735,vyas.aditya@zomato.com,street food,bhavik.shah@zomato.com,7720,128835.46399999999,-764,30926.208940130888
Sep-2026,Ahmedabad,22748990,vyas.aditya@zomato.com,street food,bhavik.shah@zomato.com,1104,25401.622,-5,5911.223059055257
Sep-2026,Ahmedabad,22839825,vyas.aditya@zomato.com,burger,bhavik.shah@zomato.com,0,5334.756000000001,0,2723.6583019756413
Sep-2026,Ahmedabad,22857781,vyas.aditya@zomato.com,street food,bhavik.shah@zomato.com,0,12643.248,0,2488.7389894102043
Sep-2026,Ahmedabad,21980814,kunal.surulkar@zomato.com,desserts,divya.gugle@zomato.com,62242,44795.04,12391,17949.901164203427
Sep-2026,Ahmedabad,21968330,shounak.prabhukeluskar@zomato.com,beverages,divya.gugle@zomato.com,101781,13584.912,27019,3773.6099696783017
Sep-2026,Ahmedabad,22242429,shounak.prabhukeluskar@zomato.com,beverages,divya.gugle@zomato.com,64509,0.0,21020,0.0
Sep-2026,Ahmedabad,19564367,arora.aakansh@zomato.com,na,gaurav.si@zomato.com,36957,0.0,5522,0.0
Sep-2026,Ahmedabad,19076141,aditya.manze@zomato.com,ice cream,gunjan.gupta@zomato.com,73009,73474.229,11090,10477.190194986466
Sep-2026,Ahmedabad,19726179,aditya.manze@zomato.com,ice cream,gunjan.gupta@zomato.com,243948,122985.56700000001,37626,16419.551724256085
Sep-2026,Ahmedabad,19753666,aditya.manze@zomato.com,cakes,gunjan.gupta@zomato.com,0,270.088,0,34.25234056684286
Sep-2026,Ahmedabad,19769418,aditya.manze@zomato.com,cakes,gunjan.gupta@zomato.com,1218,1038.939,-29,225.40234056684287
Sep-2026,Ahmedabad,19839506,aditya.manze@zomato.com,ice cream,gunjan.gupta@zomato.com,19165,35481.312,4285,7745.789721782316
Sep-2026,Ahmedabad,20739758,aditya.manze@zomato.com,beverages,gunjan.gupta@zomato.com,0,1152.938,0,216.32329287584756
Sep-2026,Ahmedabad,20865822,aditya.manze@zomato.com,ice cream,gunjan.gupta@zomato.com,72196,58107.05999999999,11930,9302.946192399104
Sep-2026,Ahmedabad,20865826,aditya.manze@zomato.com,beverages,gunjan.gupta@zomato.com,799,0.0,134,0.0
Sep-2026,Ahmedabad,20865827,aditya.manze@zomato.com,cakes,gunjan.gupta@zomato.com,1079,2388.1100000000006,-45,-33.618805834193125
Sep-2026,Ahmedabad,21037222,aditya.manze@zomato.com,ice cream,gunjan.gupta@zomato.com,34236,0.0,4889,0.0
Sep-2026,Ahmedabad,21400423,aditya.manze@zomato.com,ice cream,gunjan.gupta@zomato.com,169254,82867.765,26463,10162.184320807026
Sep-2026,Ahmedabad,21400425,aditya.manze@zomato.com,cakes,gunjan.gupta@zomato.com,491,631.865,68,9.928426133817467
Sep-2026,Ahmedabad,21464683,aditya.manze@zomato.com,cakes,gunjan.gupta@zomato.com,1881,0.0,150,0.0
Sep-2026,Ahmedabad,21464691,aditya.manze@zomato.com,ice cream,gunjan.gupta@zomato.com,99645,58881.384999999995,14662,9036.68144452165
Sep-2026,Ahmedabad,21491972,aditya.manze@zomato.com,ice cream,gunjan.gupta@zomato.com,104533,73935.49899999998,15986,11076.93674536256
Sep-2026,Ahmedabad,21491987,aditya.manze@zomato.com,beverages,gunjan.gupta@zomato.com,228,329.938,43,48.32329287584756
Sep-2026,Ahmedabad,21491993,aditya.manze@zomato.com,cakes,gunjan.gupta@zomato.com,824,3046.203,66,362.11036909918096
Sep-2026,Ahmedabad,21837979,aditya.manze@zomato.com,ice cream,gunjan.gupta@zomato.com,169808,118241.52799999999,27298,18353.733674482595
Sep-2026,Ahmedabad,21837989,aditya.manze@zomato.com,cakes,gunjan.gupta@zomato.com,3434,1019.841,226,63.289695985920915
Sep-2026,Ahmedabad,22504321,aditya.manze@zomato.com,ice cream,gunjan.gupta@zomato.com,35237,49439.19000000001,5057,8572.700333158156
Sep-2026,Ahmedabad,22504381,aditya.manze@zomato.com,cakes,gunjan.gupta@zomato.com,3184,1280.165,305,15.856949591010661
Sep-2026,Ahmedabad,19108233,mohammad.nekooi@zomato.com,ice cream,gunjan.gupta@zomato.com,46560,31031.203999999998,10999,8997.118415617768
Sep-2026,Ahmedabad,19128035,mohammad.nekooi@zomato.com,ice cream,gunjan.gupta@zomato.com,111970,55387.119,26718,14908.707481320025
Sep-2026,Ahmedabad,19355681,mohammad.nekooi@zomato.com,ice cream,gunjan.gupta@zomato.com,86647,59213.763000000006,19450,15221.563319354716
Sep-2026,Ahmedabad,20172547,mohammad.nekooi@zomato.com,ice cream,gunjan.gupta@zomato.com,91704,70532.682,22166,17470.875576556376
Sep-2026,Ahmedabad,20616609,mohammad.nekooi@zomato.com,desserts,gunjan.gupta@zomato.com,95852,88318.13999999998,23872,19947.092417312666
Sep-2026,Ahmedabad,21189015,mohammad.nekooi@zomato.com,desserts,gunjan.gupta@zomato.com,94716,99773.378,23441,23259.392511642585
Sep-2026,Ahmedabad,21344339,mohammad.nekooi@zomato.com,desserts,gunjan.gupta@zomato.com,126561,94849.023,27359,19282.5082696633
Sep-2026,Ahmedabad,20816697,suhani.agarwal@zomato.com,chinese,gunjan.gupta@zomato.com,896171,597375.3269999999,171399,116027.58809216873
Sep-2026,Ahmedabad,20855070,suhani.agarwal@zomato.com,ice cream,gunjan.gupta@zomato.com,7992,5948.713,970,2394.0054242711476
Sep-2026,Ahmedabad,22865647,suhani.agarwal@zomato.com,desserts,gunjan.gupta@zomato.com,0,131331.50799999997,0,37194.45533714208
Sep-2026,Ahmedabad,22771302,jaydip.thakkar@zomato.com,north indian,hemant.ojha@zomato.com,0,9918.603,0,1949.1065894557319
Sep-2026,Ahmedabad,22547959,harmanpreet.sondh@zomato.com,desserts,ishan.mehta@zomato.com,60361,109926.621,23581,5901.108688472361
Sep-2026,Ahmedabad,22030949,ishika.ghosh@zomato.com,beverages,ishan.mehta@zomato.com,298776,277836.62,98809,79262.17624814162
Sep-2026,Ahmedabad,22094866,ishika.ghosh@zomato.com,beverages,ishan.mehta@zomato.com,160160,176494.487,43085,41639.29669253216
Sep-2026,Ahmedabad,22671120,ishika.ghosh@zomato.com,beverages,ishan.mehta@zomato.com,6622,71948.4,1299,16211.599993846272
Sep-2026,Ahmedabad,22711644,ishika.ghosh@zomato.com,beverages,ishan.mehta@zomato.com,18558,110093.892,3603,29238.463329605314
Sep-2026,Ahmedabad,22748973,ishika.ghosh@zomato.com,beverages,ishan.mehta@zomato.com,0,83417.711,0,19247.271413229
Sep-2026,Ahmedabad,22869706,ishika.ghosh@zomato.com,beverages,ishan.mehta@zomato.com,0,22367.582,0,8133.5580225383765
Sep-2026,Ahmedabad,22895672,ishika.ghosh@zomato.com,beverages,ishan.mehta@zomato.com,0,18877.424,0,5311.499356027209
Sep-2026,Ahmedabad,110026,subhas.nag@zomato.com,north indian,kartik.mady@zomato.com,129866,75127.538,21288,11555.56451711328
Sep-2026,Ahmedabad,110052,subhas.nag@zomato.com,beverages,kartik.mady@zomato.com,43671,28617.558,12994,8715.501966280632
Sep-2026,Ahmedabad,110054,subhas.nag@zomato.com,beverages,kartik.mady@zomato.com,65937,91248.14899999999,18171,24881.702265926626
Sep-2026,Ahmedabad,113399,subhas.nag@zomato.com,north indian,kartik.mady@zomato.com,243821,206649.885,47694,34000.153396627844
Sep-2026,Ahmedabad,18226411,subhas.nag@zomato.com,beverages,kartik.mady@zomato.com,44021,20631.052,12940,7282.230175087863
Sep-2026,Ahmedabad,18974899,subhas.nag@zomato.com,north indian,kartik.mady@zomato.com,156071,36145.064,26974,4410.586446689543
Sep-2026,Ahmedabad,18978380,subhas.nag@zomato.com,north indian,kartik.mady@zomato.com,182539,88946.658,33275,13208.345615275626
Sep-2026,Ahmedabad,20350213,subhas.nag@zomato.com,north indian,kartik.mady@zomato.com,235215,212069.03200000004,46190,44878.44143181626
Sep-2026,Ahmedabad,20350223,subhas.nag@zomato.com,north indian,kartik.mady@zomato.com,66059,66574.095,11842,9579.828355446318
Sep-2026,Ahmedabad,20383712,subhas.nag@zomato.com,biryani,kartik.mady@zomato.com,205809,168476.589,44091,21986.01393917169
Sep-2026,Ahmedabad,20383714,subhas.nag@zomato.com,biryani,kartik.mady@zomato.com,175691,178810.854,33665,17348.166986202446
Sep-2026,Ahmedabad,20383717,subhas.nag@zomato.com,biryani,kartik.mady@zomato.com,74129,75464.00099999999,14477,10507.89604191463
Sep-2026,Ahmedabad,22290629,subhas.nag@zomato.com,north indian,kartik.mady@zomato.com,241953,133280.262,111857,21632.01980691602
Sep-2026,Ahmedabad,22338744,subhas.nag@zomato.com,biryani,kartik.mady@zomato.com,46506,44524.935000000005,11904,7273.509798020568
Sep-2026,Ahmedabad,22352338,subhas.nag@zomato.com,north indian,kartik.mady@zomato.com,98212,29659.237000000005,35050,6795.510745396903
Sep-2026,Ahmedabad,22080642,tej.rastogi@zomato.com,north indian,kartik.mady@zomato.com,120782,55888.489,46835,19150.662592083358
Sep-2026,Ahmedabad,22080643,tej.rastogi@zomato.com,north indian,kartik.mady@zomato.com,30146,0.0,14964,0.0
Sep-2026,Ahmedabad,22080649,tej.rastogi@zomato.com,north indian,kartik.mady@zomato.com,51809,0.0,26714,0.0
Sep-2026,Ahmedabad,22080652,tej.rastogi@zomato.com,north indian,kartik.mady@zomato.com,8830,0.0,5720,0.0
Sep-2026,Ahmedabad,22080852,tej.rastogi@zomato.com,north indian,kartik.mady@zomato.com,6077,57558.54,2804,31731.237972589064
Sep-2026,Ahmedabad,22080865,tej.rastogi@zomato.com,north indian,kartik.mady@zomato.com,134356,11432.086,63143,2824.1546794813767
Sep-2026,Ahmedabad,22080866,tej.rastogi@zomato.com,street food,kartik.mady@zomato.com,202,0.0,23,0.0
Sep-2026,Ahmedabad,22080876,tej.rastogi@zomato.com,north indian,kartik.mady@zomato.com,41697,58530.852,19114,21587.459160125356
Sep-2026,Ahmedabad,22080888,tej.rastogi@zomato.com,north indian,kartik.mady@zomato.com,200328,174820.91999999998,108150,98038.50116666559
Sep-2026,Ahmedabad,22080898,tej.rastogi@zomato.com,north indian,kartik.mady@zomato.com,44475,39452.303,26813,15560.188179580868
Sep-2026,Ahmedabad,22080905,tej.rastogi@zomato.com,street food,kartik.mady@zomato.com,12197,9589.186000000002,7459,2071.4891919113334
Sep-2026,Ahmedabad,22080906,tej.rastogi@zomato.com,north indian,kartik.mady@zomato.com,52670,25318.219999999998,29011,12121.794412656729
Sep-2026,Ahmedabad,22081582,tej.rastogi@zomato.com,street food,kartik.mady@zomato.com,8366,8283.442000000001,2291,1681.2330093923283
Sep-2026,Ahmedabad,22081583,tej.rastogi@zomato.com,north indian,kartik.mady@zomato.com,50329,0.0,21225,0.0
Sep-2026,Ahmedabad,22157257,tej.rastogi@zomato.com,north indian,kartik.mady@zomato.com,355,0.0,25,0.0
Sep-2026,Ahmedabad,22157258,tej.rastogi@zomato.com,street food,kartik.mady@zomato.com,6116,5442.654,994,1291.40332031685
Sep-2026,Ahmedabad,22176636,tej.rastogi@zomato.com,street food,kartik.mady@zomato.com,112153,42104.23299999999,44415,22716.2892835493
Sep-2026,Ahmedabad,22176638,tej.rastogi@zomato.com,street food,kartik.mady@zomato.com,1644,49.22799999999995,167,48.823659298083115
Sep-2026,Ahmedabad,22176639,tej.rastogi@zomato.com,north indian,kartik.mady@zomato.com,153902,110059.125,81664,55252.4191510231
Sep-2026,Ahmedabad,22185025,tej.rastogi@zomato.com,street food,kartik.mady@zomato.com,173215,26371.944,80511,12129.923820444696
Sep-2026,Ahmedabad,22185029,tej.rastogi@zomato.com,north indian,kartik.mady@zomato.com,331084,175154.264,129439,81698.78580441893
Sep-2026,Ahmedabad,22200463,tej.rastogi@zomato.com,street food,kartik.mady@zomato.com,305,0.0,0,0.0
Sep-2026,Ahmedabad,22200464,tej.rastogi@zomato.com,north indian,kartik.mady@zomato.com,190650,114786.136,97676,74729.03995640698
Sep-2026,Ahmedabad,22200482,tej.rastogi@zomato.com,north indian,kartik.mady@zomato.com,21673,80200.24899999998,5869,33521.56903997585
Sep-2026,Ahmedabad,22200497,tej.rastogi@zomato.com,north indian,kartik.mady@zomato.com,3764,204.63599999999997,7507,-180.45917181542802
Sep-2026,Ahmedabad,22290655,tej.rastogi@zomato.com,north indian,kartik.mady@zomato.com,173904,89883.25000000001,64396,39484.256333894795
Sep-2026,Ahmedabad,22290656,tej.rastogi@zomato.com,street food,kartik.mady@zomato.com,11875,0.0,4974,0.0
Sep-2026,Ahmedabad,22290657,tej.rastogi@zomato.com,north indian,kartik.mady@zomato.com,33253,32414.367,18659,16985.59693474247
Sep-2026,Ahmedabad,22325270,tej.rastogi@zomato.com,street food,kartik.mady@zomato.com,10344,0.0,5152,0.0
Sep-2026,Ahmedabad,22325271,tej.rastogi@zomato.com,north indian,kartik.mady@zomato.com,18238,60096.346,7595,35509.222153833856
Sep-2026,Ahmedabad,22363556,tej.rastogi@zomato.com,north indian,kartik.mady@zomato.com,0,910.826,0,143.8926678929926
Sep-2026,Ahmedabad,22444211,tej.rastogi@zomato.com,north indian,kartik.mady@zomato.com,3482,34842.911,1748,31881.752824578285
Sep-2026,Ahmedabad,22502479,tej.rastogi@zomato.com,north indian,kartik.mady@zomato.com,6229,0.0,1749,0.0
Sep-2026,Ahmedabad,22502515,tej.rastogi@zomato.com,north indian,kartik.mady@zomato.com,5292,4148.951999999999,2138,700.5543337492091
Sep-2026,Ahmedabad,22502532,tej.rastogi@zomato.com,north indian,kartik.mady@zomato.com,18429,10089.024,8141,2056.0674664712883
Sep-2026,Ahmedabad,22509502,tej.rastogi@zomato.com,north indian,kartik.mady@zomato.com,4459,0.0,3294,0.0
Sep-2026,Ahmedabad,22509514,tej.rastogi@zomato.com,north indian,kartik.mady@zomato.com,25524,1184.3660000000002,12572,134.2863402858645
Sep-2026,Ahmedabad,22509525,tej.rastogi@zomato.com,north indian,kartik.mady@zomato.com,13841,6510.568000000001,6852,1101.7978279655126
Sep-2026,Ahmedabad,22509527,tej.rastogi@zomato.com,north indian,kartik.mady@zomato.com,19669,10470.074,7963,2206.5852285041965
Sep-2026,Ahmedabad,22509530,tej.rastogi@zomato.com,north indian,kartik.mady@zomato.com,816,0.0,118,0.0
Sep-2026,Ahmedabad,22509540,tej.rastogi@zomato.com,north indian,kartik.mady@zomato.com,36924,7415.026000000001,18546,1470.7132522820982
Sep-2026,Ahmedabad,22509543,tej.rastogi@zomato.com,north indian,kartik.mady@zomato.com,19169,10876.670000000002,8560,2360.51701447817
Sep-2026,Ahmedabad,22509549,tej.rastogi@zomato.com,north indian,kartik.mady@zomato.com,9496,0.0,7113,0.0
Sep-2026,Ahmedabad,22509577,tej.rastogi@zomato.com,north indian,kartik.mady@zomato.com,63178,15596.524,32092,3066.0391989274453
Sep-2026,Ahmedabad,22509586,tej.rastogi@zomato.com,north indian,kartik.mady@zomato.com,54746,19271.341000000004,23509,7453.60839837547
Sep-2026,Ahmedabad,22580687,tej.rastogi@zomato.com,north indian,kartik.mady@zomato.com,25657,37733.33700000001,11872,8426.69301880851
Sep-2026,Ahmedabad,22584751,tej.rastogi@zomato.com,north indian,kartik.mady@zomato.com,0,6084.04,0,1297.1611799610837
Sep-2026,Ahmedabad,22584762,tej.rastogi@zomato.com,north indian,kartik.mady@zomato.com,315,24978.828000000005,224,3671.0909182938826
Sep-2026,Ahmedabad,22821885,tej.rastogi@zomato.com,north indian,kartik.mady@zomato.com,0,6239.282,0,1496.6530374565236
Sep-2026,Ahmedabad,22821886,tej.rastogi@zomato.com,north indian,kartik.mady@zomato.com,0,42303.306,0,8760.77163063663
Sep-2026,Ahmedabad,22828265,tej.rastogi@zomato.com,north indian,kartik.mady@zomato.com,0,28725.35,0,11426.715718856423
Sep-2026,Ahmedabad,22847456,tej.rastogi@zomato.com,south indian,kartik.mady@zomato.com,0,74438.814,0,23407.291856326046
Sep-2026,Ahmedabad,22847457,tej.rastogi@zomato.com,north indian,kartik.mady@zomato.com,0,3163.7599999999998,0,2592.769358044313
Sep-2026,Ahmedabad,22847458,tej.rastogi@zomato.com,north indian,kartik.mady@zomato.com,0,58421.504,0,21321.52133944886
Sep-2026,Ahmedabad,22861406,tej.rastogi@zomato.com,south indian,kartik.mady@zomato.com,0,12955.985999999997,0,1922.1376963714144
Sep-2026,Ahmedabad,22873382,tej.rastogi@zomato.com,north indian,kartik.mady@zomato.com,0,294.00800000000004,0,0.10437169675953605
Sep-2026,Ahmedabad,22873383,tej.rastogi@zomato.com,north indian,kartik.mady@zomato.com,0,936.48,0,0.13769922005639296
Sep-2026,Ahmedabad,22873384,tej.rastogi@zomato.com,north indian,kartik.mady@zomato.com,0,378.658,0,0.05234056684285872
Sep-2026,Ahmedabad,20621442,kashyap.hrithik@zomato.com,chinese,kartikay.bhardwaj@zomato.com,236452,187974.723,54577,31751.169178704517
Sep-2026,Ahmedabad,20621466,kashyap.hrithik@zomato.com,north indian,kartikay.bhardwaj@zomato.com,104628,62555.263000000006,24834,9651.590037268747
Sep-2026,Ahmedabad,20674467,kashyap.hrithik@zomato.com,north indian,kartikay.bhardwaj@zomato.com,524078,480619.431,105982,91582.80575189626
Sep-2026,Ahmedabad,20712108,kashyap.hrithik@zomato.com,north indian,kartikay.bhardwaj@zomato.com,23935,46547.276999999995,5052,6327.873858260557
Sep-2026,Ahmedabad,20751535,kashyap.hrithik@zomato.com,desserts,kartikay.bhardwaj@zomato.com,195189,196687.542,36915,33156.695931086346
Sep-2026,Ahmedabad,21301993,kashyap.hrithik@zomato.com,desserts,kartikay.bhardwaj@zomato.com,81363,57655.592000000004,16252,11713.925889680819
Sep-2026,Ahmedabad,21929245,kashyap.hrithik@zomato.com,desserts,kartikay.bhardwaj@zomato.com,120669,69806.911,30831,21372.400691784096
Sep-2026,Ahmedabad,22170894,kashyap.hrithik@zomato.com,international,kartikay.bhardwaj@zomato.com,36535,28644.423,8168,7436.215999765733
Sep-2026,Ahmedabad,22820498,kashyap.hrithik@zomato.com,chinese,kartikay.bhardwaj@zomato.com,0,302776.812,0,47493.051300960105
Sep-2026,Ahmedabad,18676949,simran.khullar@zomato.com,beverages,kartikay.bhardwaj@zomato.com,299555,164144.721,66617,37902.327042602585
Sep-2026,Ahmedabad,18744395,simran.khullar@zomato.com,beverages,kartikay.bhardwaj@zomato.com,264777,129288.26999999999,64303,31026.295904863604
Sep-2026,Ahmedabad,18788760,simran.khullar@zomato.com,beverages,kartikay.bhardwaj@zomato.com,126865,22206.017999999996,31739,4364.298393541078
Sep-2026,Ahmedabad,19417784,simran.khullar@zomato.com,street food,kartikay.bhardwaj@zomato.com,34841,25420.683999999997,12935,8968.689424670654
Sep-2026,Ahmedabad,19417789,simran.khullar@zomato.com,street food,kartikay.bhardwaj@zomato.com,4393,2811.7,1277,242.2347275835877
Sep-2026,Ahmedabad,19418167,simran.khullar@zomato.com,street food,kartikay.bhardwaj@zomato.com,5366,4509.638,1475,518.8598214682348
Sep-2026,Ahmedabad,19625618,simran.khullar@zomato.com,street food,kartikay.bhardwaj@zomato.com,9718,12793.188000000002,3400,5424.255705914144
Sep-2026,Ahmedabad,19892271,simran.khullar@zomato.com,ice cream,kartikay.bhardwaj@zomato.com,6975,8758.662999999999,1994,3021.162312442801
Sep-2026,Ahmedabad,19929266,simran.khullar@zomato.com,ice cream,kartikay.bhardwaj@zomato.com,2888,1002.194,1829,139.07173433244776
Sep-2026,Ahmedabad,19929861,simran.khullar@zomato.com,ice cream,kartikay.bhardwaj@zomato.com,7915,7429.9,3390,5414.324392466075
Sep-2026,Ahmedabad,20678756,simran.khullar@zomato.com,beverages,kartikay.bhardwaj@zomato.com,70313,72482.206,11375,15882.26092147074
Sep-2026,Ahmedabad,20678763,simran.khullar@zomato.com,ice cream,kartikay.bhardwaj@zomato.com,1810,377.12800000000004,183,49.232049740746696
Sep-2026,Ahmedabad,20852190,simran.khullar@zomato.com,street food,kartikay.bhardwaj@zomato.com,2724,5027.871999999999,457,352.7069148715668
Sep-2026,Ahmedabad,21068004,simran.khullar@zomato.com,street food,kartikay.bhardwaj@zomato.com,7166,3891.596,1031,2366.5128748075444
Sep-2026,Ahmedabad,21374678,simran.khullar@zomato.com,street food,kartikay.bhardwaj@zomato.com,7470,14785.876,435,5356.928417538681
Sep-2026,Ahmedabad,21374835,simran.khullar@zomato.com,street food,kartikay.bhardwaj@zomato.com,6312,9658.562,2593,2091.362363972446
Sep-2026,Ahmedabad,21498645,simran.khullar@zomato.com,beverages,kartikay.bhardwaj@zomato.com,501400,467470.29,114472,105303.48335410528
Sep-2026,Ahmedabad,21594986,simran.khullar@zomato.com,beverages,kartikay.bhardwaj@zomato.com,479273,441023.61799999984,111508,97644.24836012057
Sep-2026,Ahmedabad,21840019,simran.khullar@zomato.com,street food,kartikay.bhardwaj@zomato.com,979,1691.8400000000001,95,44.972515839670066
Sep-2026,Ahmedabad,21840782,simran.khullar@zomato.com,street food,kartikay.bhardwaj@zomato.com,562,263.99799999999993,95,50.2855999204657
Sep-2026,Ahmedabad,21840803,simran.khullar@zomato.com,street food,kartikay.bhardwaj@zomato.com,1109,462.5899999999999,531,89.35620481181323
Sep-2026,Ahmedabad,22017335,simran.khullar@zomato.com,beverages,kartikay.bhardwaj@zomato.com,53881,43507.920999999995,17885,12216.208221364262
Sep-2026,Ahmedabad,22017336,simran.khullar@zomato.com,ice cream,kartikay.bhardwaj@zomato.com,402,579.3050000000001,52,100.6140994814934
Sep-2026,Ahmedabad,22087232,simran.khullar@zomato.com,street food,kartikay.bhardwaj@zomato.com,562,6709.322,94,762.013163468077
Sep-2026,Ahmedabad,22596046,simran.khullar@zomato.com,street food,kartikay.bhardwaj@zomato.com,899,1919.0959999999998,159,341.1434303294578
Sep-2026,Ahmedabad,22596054,simran.khullar@zomato.com,street food,kartikay.bhardwaj@zomato.com,691,2362.0559999999996,104,230.1215109364469
Sep-2026,Ahmedabad,22596097,simran.khullar@zomato.com,street food,kartikay.bhardwaj@zomato.com,8521,4316.545,1265,1218.8040594811202
Sep-2026,Ahmedabad,22598567,simran.khullar@zomato.com,street food,kartikay.bhardwaj@zomato.com,0,256.98199999999997,0,45.50908913846648
Sep-2026,Ahmedabad,22598750,simran.khullar@zomato.com,street food,kartikay.bhardwaj@zomato.com,145,0.0,23,0.0
Sep-2026,Ahmedabad,22765338,simran.khullar@zomato.com,street food,kartikay.bhardwaj@zomato.com,0,14694.124000000002,0,2087.038786931592
Sep-2026,Ahmedabad,22765343,simran.khullar@zomato.com,street food,kartikay.bhardwaj@zomato.com,0,463.48600000000005,0,15.861485789045517
Sep-2026,Ahmedabad,22765812,simran.khullar@zomato.com,beverages,kartikay.bhardwaj@zomato.com,0,1578.6039999999998,0,239.16352973994333
Sep-2026,Ahmedabad,20508044,simran.sachdeva@zomato.com,north indian,kartikay.bhardwaj@zomato.com,162499,178837.48099999997,21409,29102.597251829597
Sep-2026,Ahmedabad,20508052,simran.sachdeva@zomato.com,north indian,kartikay.bhardwaj@zomato.com,25792,33604.717000000004,5706,9515.056049243187
Sep-2026,Ahmedabad,20508058,simran.sachdeva@zomato.com,north indian,kartikay.bhardwaj@zomato.com,49987,67989.551,8859,15706.026240145056
Sep-2026,Ahmedabad,20517415,simran.sachdeva@zomato.com,north indian,kartikay.bhardwaj@zomato.com,21279,38828.628,5908,3887.0517799854415
Sep-2026,Ahmedabad,20692403,simran.sachdeva@zomato.com,north indian,kartikay.bhardwaj@zomato.com,40838,62525.63499999999,7228,15623.039161246925
Sep-2026,Ahmedabad,21200809,simran.sachdeva@zomato.com,international,kartikay.bhardwaj@zomato.com,451915,494477.7689999999,77246,84904.9310800192
Sep-2026,Ahmedabad,21433990,simran.sachdeva@zomato.com,burger,kartikay.bhardwaj@zomato.com,21789,20294.649999999998,2331,1827.238063931814
Sep-2026,Ahmedabad,20858706,sarthak.kuthari@zomato.com,ice cream,kaustubh.krishna@zomato.com,11726,11082.734000000002,2764,2218.5973993950506
Sep-2026,Ahmedabad,21611469,lakshay.mehta@zomato.com,burger,kaustubh.purohit@zomato.com,274636,162728.93999999994,64015,30704.082111247386
Sep-2026,Ahmedabad,22675243,lakshay.mehta@zomato.com,burger,kaustubh.purohit@zomato.com,34523,143500.96099999998,8133,28029.463989289186
Sep-2026,Ahmedabad,22832955,lakshay.mehta@zomato.com,burger,kaustubh.purohit@zomato.com,0,119046.28099999999,0,25714.319013357916
Sep-2026,Ahmedabad,21656294,riddhi.srivastava@zomato.com,north indian,kumel.rangwala@zomato.com,269472,219073.75900000002,123037,91989.0182354793
Sep-2026,Ahmedabad,21750323,riddhi.srivastava@zomato.com,north indian,kumel.rangwala@zomato.com,49457,50219.164,22266,19220.733317795624
Sep-2026,Ahmedabad,21750406,riddhi.srivastava@zomato.com,street food,kumel.rangwala@zomato.com,108355,88554.62299999998,48603,35461.249899787064
Sep-2026,Ahmedabad,22098229,riddhi.srivastava@zomato.com,street food,kumel.rangwala@zomato.com,136572,153409.241,56265,63912.353013868014
Sep-2026,Ahmedabad,20563581,riya.s@zomato.com,north indian,kumel.rangwala@zomato.com,176678,175213.978,51322,55428.2210090443
Sep-2026,Ahmedabad,21807871,riya.s@zomato.com,pizza,kumel.rangwala@zomato.com,600083,530227.8890000001,84079,94578.15656051243
Sep-2026,Ahmedabad,22484967,riya.s@zomato.com,chinese,kumel.rangwala@zomato.com,120334,201973.79799999998,17223,42152.18471032478
Sep-2026,Ahmedabad,22734553,riya.s@zomato.com,pizza,kumel.rangwala@zomato.com,0,289159.37799999997,0,58804.7011530233
Sep-2026,Ahmedabad,20020495,xavier.riya@zomato.com,chinese,kumel.rangwala@zomato.com,481462,377431.32499999995,97913,79619.74170325541
Sep-2026,Ahmedabad,20898516,xavier.riya@zomato.com,chinese,kumel.rangwala@zomato.com,535444,546140.2509999999,102712,119912.36333310409
Sep-2026,Ahmedabad,21966768,xavier.riya@zomato.com,south indian,kumel.rangwala@zomato.com,337538,139376.39500000005,96663,38241.91483708558
Sep-2026,Ahmedabad,22665836,ahuja.harshit@zomato.com,beverages,lakshay.trehan@zomato.com,0,34229.573,0,7669.346923916372
Sep-2026,Ahmedabad,22857616,ahuja.harshit@zomato.com,beverages,lakshay.trehan@zomato.com,0,6484.5,0,1935.1037418610842
Sep-2026,Ahmedabad,21424505,nitika.bhatt@zomato.com,beverages,lakshay.trehan@zomato.com,9181,0.0,3482,0.0
Sep-2026,Ahmedabad,22847996,sarthak.gajwani@zomato.com,south indian,lakshay.trehan@zomato.com,0,112104.79700000002,0,49221.214859837564
Sep-2026,Ahmedabad,22346791,belani.het@zomato.com,north indian,megha.duggar@zomato.com,99754,66452.207,18011,13535.128039940091
Sep-2026,Ahmedabad,21945642,farhaan.topia@zomato.com,street food,megha.duggar@zomato.com,283105,95419.37000000001,62522,21586.975604426512
Sep-2026,Ahmedabad,22749834,sooraj.wankvani@zomato.com,north indian,megha.duggar@zomato.com,0,7813.3859999999995,0,1902.5282078963523
Sep-2026,Ahmedabad,22909250,jaynil.thakker@zomato.com,ice cream,mihika.chadha@zomato.com,0,655.688,0,10.868847881565474
Sep-2026,Ahmedabad,20995815,anshuman.sharma@zomato.com,street food,mohammed.bhaiji@zomato.com,3881,7081.545999999999,854,2636.97455484148
Sep-2026,Ahmedabad,20811784,dhruv.shetty@zomato.com,desserts,mohammed.bhaiji@zomato.com,9080,36960.924,3894,29038.717530389364
Sep-2026,Ahmedabad,110752,himanshu.parkar@zomato.com,mithai,mohammed.bhaiji@zomato.com,196573,101743.6,23397,11004.960805964132
Sep-2026,Ahmedabad,20647993,r.vishnu@zomato.com,chinese,mohammed.bhaiji@zomato.com,439721,422118.0469999999,68928,50331.874589777355
Sep-2026,Ahmedabad,20651913,r.vishnu@zomato.com,desserts,mohammed.bhaiji@zomato.com,118697,156882.812,21273,29421.7040195994
Sep-2026,Ahmedabad,20986035,r.vishnu@zomato.com,desserts,mohammed.bhaiji@zomato.com,22105,26358.974000000002,3616,2428.937713334564
Sep-2026,Paonta Sahib,21187511,o2help@zomato.com,north indian,mohit.wadhwa@zomato.com,26124,22487.932,7091,7775.5774505403115
Sep-2026,Ahmedabad,18549832,shivika.mehrotra@zomato.com,burger,nishchal.sharma@zomato.com,840839,629528.4850000001,143419,93880.11165255023
Sep-2026,Ahmedabad,18609065,shivika.mehrotra@zomato.com,burger,nishchal.sharma@zomato.com,1228166,1003957.2019999998,204880,146611.2300678478
Sep-2026,Ahmedabad,18665251,shivika.mehrotra@zomato.com,burger,nishchal.sharma@zomato.com,87854,0.0,15258,0.0
Sep-2026,Ahmedabad,18855707,shivika.mehrotra@zomato.com,burger,nishchal.sharma@zomato.com,1295997,966179.8480000002,210728,141897.959919354
Sep-2026,Ahmedabad,18921699,shivika.mehrotra@zomato.com,burger,nishchal.sharma@zomato.com,1032712,822407.6190000001,162391,120206.57359847592
Sep-2026,Ahmedabad,20510753,shivika.mehrotra@zomato.com,burger,nishchal.sharma@zomato.com,1106835,716461.3739999998,147478,104554.44354196644
Sep-2026,Ahmedabad,20665995,shivika.mehrotra@zomato.com,burger,nishchal.sharma@zomato.com,1185354,385062.51999999996,199757,50747.16387508018
Sep-2026,Ahmedabad,20728343,shivika.mehrotra@zomato.com,burger,nishchal.sharma@zomato.com,1136074,588969.7189999999,163696,71239.49986781595
Sep-2026,Ahmedabad,20754072,shivika.mehrotra@zomato.com,burger,nishchal.sharma@zomato.com,930558,821969.538,156161,124986.5073150972
Sep-2026,Ahmedabad,20789969,shivika.mehrotra@zomato.com,burger,nishchal.sharma@zomato.com,918963,579493.3499999999,137108,87100.17669183692
Sep-2026,Ahmedabad,20989545,shivika.mehrotra@zomato.com,burger,nishchal.sharma@zomato.com,1015155,958298.081,170152,146312.60249055116
Sep-2026,Ahmedabad,20996775,shivika.mehrotra@zomato.com,burger,nishchal.sharma@zomato.com,417302,446615.767,70844,66298.33110918026
Sep-2026,Ahmedabad,21320647,shivika.mehrotra@zomato.com,burger,nishchal.sharma@zomato.com,852692,213482.72100000002,136549,26088.159654960484
Sep-2026,Ahmedabad,21503753,shivika.mehrotra@zomato.com,burger,nishchal.sharma@zomato.com,245953,149940.551,49056,19412.962508252236
Sep-2026,Ahmedabad,21841640,shivika.mehrotra@zomato.com,burger,nishchal.sharma@zomato.com,644587,315239.143,123781,51738.05797575994
Sep-2026,Ahmedabad,22771283,shivika.mehrotra@zomato.com,burger,nishchal.sharma@zomato.com,0,620488.851,0,95945.92255400943
Sep-2026,Ahmedabad,20465515,paridhi.shrivastava@zomato.com,desserts,pratik.tare@zomato.com,20017,23176.284,5245,5615.01340512949
Sep-2026,Ahmedabad,110074,mohit.anand@zomato.com,north indian,pratiksha.kothari@zomato.com,590266,516637.475,164945,147068.93123688074
Sep-2026,Ahmedabad,110132,mohit.anand@zomato.com,south indian,pratiksha.kothari@zomato.com,228982,185327.11399999994,84221,73268.91139900441
Sep-2026,Ahmedabad,110133,mohit.anand@zomato.com,"wraps, rolls and sandwiches",pratiksha.kothari@zomato.com,546291,681351.056,112483,208459.88020609494
Sep-2026,Ahmedabad,110141,mohit.anand@zomato.com,north indian,pratiksha.kothari@zomato.com,169323,160577.953,57726,56893.18371592388
Sep-2026,Ahmedabad,110264,mohit.anand@zomato.com,north indian,pratiksha.kothari@zomato.com,119735,84594.51300000002,33528,27482.336426791866
Sep-2026,Ahmedabad,110303,mohit.anand@zomato.com,street food,pratiksha.kothari@zomato.com,785359,604601.4230000001,127519,96018.59889621772
Sep-2026,Ahmedabad,110610,mohit.anand@zomato.com,north indian,pratiksha.kothari@zomato.com,621685,707110.5309999998,218383,278903.17373574816
Sep-2026,Ahmedabad,110705,mohit.anand@zomato.com,cakes,pratiksha.kothari@zomato.com,45951,54654.331000000006,18130,16313.86705857605
Sep-2026,Ahmedabad,110730,mohit.anand@zomato.com,cakes,pratiksha.kothari@zomato.com,38975,82134.31199999999,12516,26935.865359802756
Sep-2026,Ahmedabad,110805,mohit.anand@zomato.com,ice cream,pratiksha.kothari@zomato.com,817568,755660.9369999995,207164,162485.45029411628
Sep-2026,Ahmedabad,111316,mohit.anand@zomato.com,street food,pratiksha.kothari@zomato.com,1051169,934545.2959999999,239950,224285.61135557914
Sep-2026,Ahmedabad,111473,mohit.anand@zomato.com,cakes,pratiksha.kothari@zomato.com,31253,17218.22,6884,4457.094441557479
Sep-2026,Ahmedabad,111503,mohit.anand@zomato.com,ice cream,pratiksha.kothari@zomato.com,79569,34548.696,29952,16753.051958798656
Sep-2026,Ahmedabad,111978,mohit.anand@zomato.com,street food,pratiksha.kothari@zomato.com,159515,75316.997,40517,19569.557310044594
Sep-2026,Ahmedabad,112190,mohit.anand@zomato.com,"wraps, rolls and sandwiches",pratiksha.kothari@zomato.com,98973,50702.548,22178,15827.138108630104
Sep-2026,Ahmedabad,112233,mohit.anand@zomato.com,pizza,pratiksha.kothari@zomato.com,14174,0.0,997,0.0
Sep-2026,Ahmedabad,112237,mohit.anand@zomato.com,pizza,pratiksha.kothari@zomato.com,10073,42951.568999999996,1460,8455.832630422836
Sep-2026,Ahmedabad,112363,mohit.anand@zomato.com,street food,pratiksha.kothari@zomato.com,427563,344304.07599999994,64438,52485.44314226851
Sep-2026,Ahmedabad,112368,mohit.anand@zomato.com,north indian,pratiksha.kothari@zomato.com,105145,35310.076,42467,12293.626713678113
Sep-2026,Ahmedabad,112545,mohit.anand@zomato.com,north indian,pratiksha.kothari@zomato.com,81553,39966.90200000001,12569,6735.822477915398
Sep-2026,Ahmedabad,112594,mohit.anand@zomato.com,beverages,pratiksha.kothari@zomato.com,51827,37394.867999999995,6443,6681.659814639128
Sep-2026,Ahmedabad,113034,mohit.anand@zomato.com,cakes,pratiksha.kothari@zomato.com,42069,67651.648,11132,16003.81558069387
Sep-2026,Ahmedabad,113245,mohit.anand@zomato.com,street food,pratiksha.kothari@zomato.com,37223,19274.091,7887,4188.355614285201
Sep-2026,Ahmedabad,113318,mohit.anand@zomato.com,cakes,pratiksha.kothari@zomato.com,14584,0.0,4604,0.0
Sep-2026,Ahmedabad,113437,mohit.anand@zomato.com,north indian,pratiksha.kothari@zomato.com,105263,93833.115,32071,29776.31193100584
Sep-2026,Ahmedabad,113537,mohit.anand@zomato.com,pizza,pratiksha.kothari@zomato.com,216799,274412.96499999997,59016,81556.9854713168
Sep-2026,Ahmedabad,113765,mohit.anand@zomato.com,north indian,pratiksha.kothari@zomato.com,218993,180810.73899999997,64228,55497.142316419835
Sep-2026,Ahmedabad,18260995,mohit.anand@zomato.com,north indian,pratiksha.kothari@zomato.com,205218,95568.10800000001,69369,31347.814728849502
Sep-2026,Ahmedabad,18316085,mohit.anand@zomato.com,north indian,pratiksha.kothari@zomato.com,182579,0.0,54048,0.0
Sep-2026,Ahmedabad,18363029,mohit.anand@zomato.com,beverages,pratiksha.kothari@zomato.com,402383,249305.89500000005,89014,61212.21338285526
Sep-2026,Ahmedabad,18385194,mohit.anand@zomato.com,"wraps, rolls and sandwiches",pratiksha.kothari@zomato.com,622300,414582.05999999994,194600,130135.46894461877
Sep-2026,Ahmedabad,18438919,mohit.anand@zomato.com,beverages,pratiksha.kothari@zomato.com,119478,108827.87000000001,21189,27512.102862955584
Sep-2026,Ahmedabad,18524468,mohit.anand@zomato.com,north indian,pratiksha.kothari@zomato.com,9499,15898.321999999998,6587,2493.2424663314323
Sep-2026,Ahmedabad,18565896,mohit.anand@zomato.com,desserts,pratiksha.kothari@zomato.com,71985,63493.48600000001,23864,24222.91294459244
Sep-2026,Ahmedabad,18571272,mohit.anand@zomato.com,"wraps, rolls and sandwiches",pratiksha.kothari@zomato.com,213772,199365.415,47968,65761.09966792128
Sep-2026,Ahmedabad,18603039,mohit.anand@zomato.com,street food,pratiksha.kothari@zomato.com,1499624,1673366.7429999996,145329,327583.717415518
Sep-2026,Ahmedabad,18666765,mohit.anand@zomato.com,cakes,pratiksha.kothari@zomato.com,0,67248.973,0,17369.701914248395
Sep-2026,Ahmedabad,18667405,mohit.anand@zomato.com,beverages,pratiksha.kothari@zomato.com,121956,104725.50600000001,26663,25810.267212460236
Sep-2026,Ahmedabad,18715969,mohit.anand@zomato.com,cakes,pratiksha.kothari@zomato.com,139643,142030.03399999999,52506,51653.11241620136
Sep-2026,Ahmedabad,18718880,mohit.anand@zomato.com,north indian,pratiksha.kothari@zomato.com,892813,868993.7569999995,190299,175980.77207684098
Sep-2026,Ahmedabad,18723380,mohit.anand@zomato.com,north indian,pratiksha.kothari@zomato.com,53224,37771.876000000004,12484,8836.338257831028
Sep-2026,Ahmedabad,18740133,mohit.anand@zomato.com,north indian,pratiksha.kothari@zomato.com,1352434,1097581.2349999999,196959,204299.86193883524
Sep-2026,Ahmedabad,18748582,mohit.anand@zomato.com,street food,pratiksha.kothari@zomato.com,58739,31581.464999999997,24648,13099.506800302752
Sep-2026,Ahmedabad,18753342,mohit.anand@zomato.com,beverages,pratiksha.kothari@zomato.com,97126,108502.70000000001,37850,38983.03295772744
Sep-2026,Ahmedabad,18852626,mohit.anand@zomato.com,international,pratiksha.kothari@zomato.com,192421,231667.48700000002,36837,44976.05319637735
Sep-2026,Ahmedabad,18887224,mohit.anand@zomato.com,street food,pratiksha.kothari@zomato.com,299162,266935.11299999995,123552,94428.60207086484
Sep-2026,Ahmedabad,18923591,mohit.anand@zomato.com,north indian,pratiksha.kothari@zomato.com,42250,52146.75799999999,8346,11943.080803907676
Sep-2026,Ahmedabad,18932884,mohit.anand@zomato.com,street food,pratiksha.kothari@zomato.com,472547,698455.6889999997,84252,167749.5449021826
Sep-2026,Ahmedabad,18936119,mohit.anand@zomato.com,north indian,pratiksha.kothari@zomato.com,121297,93214.668,36177,36806.91142162435
Sep-2026,Ahmedabad,19004290,mohit.anand@zomato.com,north indian,pratiksha.kothari@zomato.com,41932,14285.48,9039,4224.182106432859
Sep-2026,Ahmedabad,19010959,mohit.anand@zomato.com,north indian,pratiksha.kothari@zomato.com,81338,60922.23400000001,34929,27071.984151419558
Sep-2026,Ahmedabad,19027247,mohit.anand@zomato.com,cakes,pratiksha.kothari@zomato.com,39525,73807.59400000003,16857,22521.179708155287
Sep-2026,Ahmedabad,19035919,mohit.anand@zomato.com,pizza,pratiksha.kothari@zomato.com,492630,313267.1969999999,120205,83824.15086222517
Sep-2026,Ahmedabad,19043942,mohit.anand@zomato.com,north indian,pratiksha.kothari@zomato.com,292254,243630.71500000005,62156,45902.614462783196
Sep-2026,Ahmedabad,19076594,mohit.anand@zomato.com,pizza,pratiksha.kothari@zomato.com,293470,140051.42099999997,66712,32226.86566896188
Sep-2026,Ahmedabad,19082606,mohit.anand@zomato.com,beverages,pratiksha.kothari@zomato.com,90038,96886.49599999998,21653,24097.097654848567
Sep-2026,Ahmedabad,19112153,mohit.anand@zomato.com,north indian,pratiksha.kothari@zomato.com,204781,186277.68500000003,55212,58683.71166249357
Sep-2026,Ahmedabad,19132252,mohit.anand@zomato.com,pizza,pratiksha.kothari@zomato.com,259776,234106.028,104978,90826.82525823926
Sep-2026,Ahmedabad,19132457,mohit.anand@zomato.com,street food,pratiksha.kothari@zomato.com,381415,351348.57599999994,60518,86000.00655734258
Sep-2026,Ahmedabad,19143013,mohit.anand@zomato.com,desserts,pratiksha.kothari@zomato.com,2741,0.0,455,0.0
Sep-2026,Ahmedabad,19168715,mohit.anand@zomato.com,na,pratiksha.kothari@zomato.com,2737,0.0,861,0.0
Sep-2026,Ahmedabad,19176574,mohit.anand@zomato.com,beverages,pratiksha.kothari@zomato.com,334763,236654.89800000002,74857,55703.59573580828
Sep-2026,Ahmedabad,19184218,mohit.anand@zomato.com,north indian,pratiksha.kothari@zomato.com,147577,61839.702000000005,35633,26912.51591838892
Sep-2026,Ahmedabad,19219344,mohit.anand@zomato.com,north indian,pratiksha.kothari@zomato.com,0,76017.54599999999,0,5846.849633844797
Sep-2026,Ahmedabad,19227046,mohit.anand@zomato.com,beverages,pratiksha.kothari@zomato.com,0,15522.37,0,4466.628250254965
Sep-2026,Ahmedabad,19229594,mohit.anand@zomato.com,na,pratiksha.kothari@zomato.com,63836,0.0,27520,0.0
Sep-2026,Ahmedabad,19239834,mohit.anand@zomato.com,international,pratiksha.kothari@zomato.com,67909,1308.336,22233,456.01451177654747
Sep-2026,Ahmedabad,19243313,mohit.anand@zomato.com,north indian,pratiksha.kothari@zomato.com,74126,27657.849,9853,12438.486174459444
Sep-2026,Ahmedabad,19257226,mohit.anand@zomato.com,north indian,pratiksha.kothari@zomato.com,50706,29901.474000000002,10161,6223.273001943624
Sep-2026,Ahmedabad,19257789,mohit.anand@zomato.com,"wraps, rolls and sandwiches",pratiksha.kothari@zomato.com,74935,75177.396,13223,16499.18534925357
Sep-2026,Ahmedabad,19266652,mohit.anand@zomato.com,street food,pratiksha.kothari@zomato.com,399829,192458.13499999998,45171,40373.109535361495
Sep-2026,Ahmedabad,19283566,mohit.anand@zomato.com,north indian,pratiksha.kothari@zomato.com,712824,301810.644,128794,68765.94091370417
Sep-2026,Ahmedabad,19288905,mohit.anand@zomato.com,beverages,pratiksha.kothari@zomato.com,571223,461089.39399999985,110424,100280.97838248595
Sep-2026,Ahmedabad,19294231,mohit.anand@zomato.com,chinese,pratiksha.kothari@zomato.com,67496,20769.692,16232,4452.476335741765
Sep-2026,Ahmedabad,19298325,mohit.anand@zomato.com,north indian,pratiksha.kothari@zomato.com,0,102805.78,0,44408.86849773239
Sep-2026,Ahmedabad,19322752,mohit.anand@zomato.com,"wraps, rolls and sandwiches",pratiksha.kothari@zomato.com,0,15921.714999999998,0,2713.9256357720615
Sep-2026,Ahmedabad,19331242,mohit.anand@zomato.com,pizza,pratiksha.kothari@zomato.com,230774,250865.755,64266,73610.85389677959
Sep-2026,Ahmedabad,19360123,mohit.anand@zomato.com,"wraps, rolls and sandwiches",pratiksha.kothari@zomato.com,435088,312691.22199999995,82190,109194.21739235369
Sep-2026,Ahmedabad,19425690,mohit.anand@zomato.com,north indian,pratiksha.kothari@zomato.com,131507,122384.758,23262,25593.69641831017
Sep-2026,Ahmedabad,19469196,mohit.anand@zomato.com,north indian,pratiksha.kothari@zomato.com,75732,58559.751000000004,26163,23093.568751247527
Sep-2026,Ahmedabad,19474631,mohit.anand@zomato.com,desserts,pratiksha.kothari@zomato.com,1065,0.0,285,0.0
Sep-2026,Ahmedabad,19474958,mohit.anand@zomato.com,cakes,pratiksha.kothari@zomato.com,43256,0.0,12641,0.0
Sep-2026,Ahmedabad,19526653,mohit.anand@zomato.com,pizza,pratiksha.kothari@zomato.com,151281,177208.094,43304,55450.18519514871
Sep-2026,Ahmedabad,19537585,mohit.anand@zomato.com,north indian,pratiksha.kothari@zomato.com,376419,214134.64600000004,86995,80204.49390306493
Sep-2026,Ahmedabad,19549123,mohit.anand@zomato.com,"wraps, rolls and sandwiches",pratiksha.kothari@zomato.com,8642,5539.0419999999995,1635,50.82984943886608
Sep-2026,Ahmedabad,19601647,mohit.anand@zomato.com,na,pratiksha.kothari@zomato.com,11073,0.0,2786,0.0
Sep-2026,Ahmedabad,19608955,mohit.anand@zomato.com,north indian,pratiksha.kothari@zomato.com,120343,111226.93499999998,42211,37059.44804737845
Sep-2026,Ahmedabad,19659938,mohit.anand@zomato.com,pizza,pratiksha.kothari@zomato.com,239397,170187.772,63956,50742.74393388741
Sep-2026,Ahmedabad,19664106,mohit.anand@zomato.com,"wraps, rolls and sandwiches",pratiksha.kothari@zomato.com,161073,78568.872,46815,32952.842798380174
Sep-2026,Ahmedabad,19684340,mohit.anand@zomato.com,beverages,pratiksha.kothari@zomato.com,335145,331419.184,64266,71556.41967548146
Sep-2026,Ahmedabad,19686483,mohit.anand@zomato.com,beverages,pratiksha.kothari@zomato.com,53301,16385.272,18060,2894.7330147387465
Sep-2026,Ahmedabad,19734752,mohit.anand@zomato.com,"wraps, rolls and sandwiches",pratiksha.kothari@zomato.com,122670,98539.309,32139,19980.518591334323
Sep-2026,Ahmedabad,19763391,mohit.anand@zomato.com,cakes,pratiksha.kothari@zomato.com,55358,51047.420000000006,17659,18884.70953823457
Sep-2026,Ahmedabad,19771974,mohit.anand@zomato.com,"wraps, rolls and sandwiches",pratiksha.kothari@zomato.com,52788,15294.473999999998,8620,2720.3194229605074
Sep-2026,Ahmedabad,19783672,mohit.anand@zomato.com,north indian,pratiksha.kothari@zomato.com,33575,46721.288,8615,12511.360661682964
Sep-2026,Ahmedabad,19787858,mohit.anand@zomato.com,biryani,pratiksha.kothari@zomato.com,0,2387.14,0,262.7957140972248
Sep-2026,Ahmedabad,19797630,mohit.anand@zomato.com,street food,pratiksha.kothari@zomato.com,8493,4209.431999999999,6089,981.6370323086707
Sep-2026,Ahmedabad,19835618,mohit.anand@zomato.com,street food,pratiksha.kothari@zomato.com,620,0.0,115,0.0
Sep-2026,Ahmedabad,19852645,mohit.anand@zomato.com,north indian,pratiksha.kothari@zomato.com,127,0.0,23,0.0
Sep-2026,Ahmedabad,19854412,mohit.anand@zomato.com,pizza,pratiksha.kothari@zomato.com,121295,79235.088,34518,30095.17114896952
Sep-2026,Ahmedabad,19862836,mohit.anand@zomato.com,burger,pratiksha.kothari@zomato.com,12087,0.0,2619,0.0
Sep-2026,Ahmedabad,19866286,mohit.anand@zomato.com,south indian,pratiksha.kothari@zomato.com,77424,69664.128,18318,16375.450664466964
Sep-2026,Ahmedabad,19872234,mohit.anand@zomato.com,cakes,pratiksha.kothari@zomato.com,32718,34559.536,10019,9270.457096533837
Sep-2026,Ahmedabad,19891619,mohit.anand@zomato.com,south indian,pratiksha.kothari@zomato.com,191587,121154.68500000003,60067,24767.560055998674
Sep-2026,Ahmedabad,20062068,mohit.anand@zomato.com,"wraps, rolls and sandwiches",pratiksha.kothari@zomato.com,201139,288009.076,46233,83548.6845064892
Sep-2026,Ahmedabad,20095629,mohit.anand@zomato.com,"wraps, rolls and sandwiches",pratiksha.kothari@zomato.com,92927,106580.49100000001,27015,35342.76618123059
Sep-2026,Ahmedabad,20108934,mohit.anand@zomato.com,cakes,pratiksha.kothari@zomato.com,6663,0.0,3491,0.0
Sep-2026,Ahmedabad,20120367,mohit.anand@zomato.com,international,pratiksha.kothari@zomato.com,138693,105889.06999999998,48845,30430.29493756646
Sep-2026,Ahmedabad,20156660,mohit.anand@zomato.com,ice cream,pratiksha.kothari@zomato.com,65231,67435.70700000001,14248,7299.548625900827
Sep-2026,Ahmedabad,20178128,mohit.anand@zomato.com,north indian,pratiksha.kothari@zomato.com,68881,61007.639,20305,12514.615825285866
Sep-2026,Ahmedabad,20182270,mohit.anand@zomato.com,north indian,pratiksha.kothari@zomato.com,43830,27801.569999999996,16557,8072.179783669183
Sep-2026,Ahmedabad,20192837,mohit.anand@zomato.com,north indian,pratiksha.kothari@zomato.com,168096,191320.09199999995,39778,34924.57632273899
Sep-2026,Ahmedabad,20200423,mohit.anand@zomato.com,street food,pratiksha.kothari@zomato.com,41441,26954.932,17161,9301.745185877679
Sep-2026,Ahmedabad,20308308,mohit.anand@zomato.com,street food,pratiksha.kothari@zomato.com,217490,157773.64500000002,66095,48546.17946108508
Sep-2026,Ahmedabad,20333636,mohit.anand@zomato.com,north indian,pratiksha.kothari@zomato.com,42654,58681.03800000001,8625,19043.908493656632
Sep-2026,Ahmedabad,20357545,mohit.anand@zomato.com,street food,pratiksha.kothari@zomato.com,2823430,1440027.7169999997,333969,326119.38900697243
Sep-2026,Ahmedabad,20359737,mohit.anand@zomato.com,north indian,pratiksha.kothari@zomato.com,91991,146284.897,25391,44136.20072379998
Sep-2026,Ahmedabad,20384482,mohit.anand@zomato.com,beverages,pratiksha.kothari@zomato.com,69565,70932.90999999999,14677,16304.625281234
Sep-2026,Ahmedabad,20409774,mohit.anand@zomato.com,street food,pratiksha.kothari@zomato.com,55322,47677.258,9686,11143.996338980869
Sep-2026,Ahmedabad,20409881,mohit.anand@zomato.com,street food,pratiksha.kothari@zomato.com,20208,0.0,8343,0.0
Sep-2026,Ahmedabad,20425839,mohit.anand@zomato.com,beverages,pratiksha.kothari@zomato.com,240517,176943.893,58350,46796.798730169816
Sep-2026,Ahmedabad,20427797,mohit.anand@zomato.com,street food,pratiksha.kothari@zomato.com,542754,564820.2119999998,69596,131027.05574215157
Sep-2026,Ahmedabad,20445241,mohit.anand@zomato.com,na,pratiksha.kothari@zomato.com,180864,0.0,85405,0.0
Sep-2026,Ahmedabad,20483501,mohit.anand@zomato.com,"wraps, rolls and sandwiches",pratiksha.kothari@zomato.com,66554,30341.602999999996,14385,5930.599795092708
Sep-2026,Ahmedabad,20497009,mohit.anand@zomato.com,pizza,pratiksha.kothari@zomato.com,1378,0.0,609,0.0
Sep-2026,Ahmedabad,20513316,mohit.anand@zomato.com,beverages,pratiksha.kothari@zomato.com,27490,18311.676000000003,3557,3404.646388516489
Sep-2026,Ahmedabad,20540571,mohit.anand@zomato.com,international,pratiksha.kothari@zomato.com,378008,275646.20800000004,114651,88863.40239162344
Sep-2026,Ahmedabad,20542881,mohit.anand@zomato.com,north indian,pratiksha.kothari@zomato.com,91429,26233.362999999998,34839,5573.056552627684
Sep-2026,Ahmedabad,20543302,mohit.anand@zomato.com,na,pratiksha.kothari@zomato.com,47586,0.0,16820,0.0
Sep-2026,Ahmedabad,20548207,mohit.anand@zomato.com,beverages,pratiksha.kothari@zomato.com,260133,211564.44100000002,55444,53833.19310298389
Sep-2026,Ahmedabad,20551270,mohit.anand@zomato.com,international,pratiksha.kothari@zomato.com,18938,10342.931,3343,1927.945938878549
Sep-2026,Ahmedabad,20584559,mohit.anand@zomato.com,street food,pratiksha.kothari@zomato.com,33144,30634.248,6318,7512.901291340308
Sep-2026,Ahmedabad,20590872,mohit.anand@zomato.com,beverages,pratiksha.kothari@zomato.com,243332,195679.91200000004,47326,48885.278657203686
Sep-2026,Ahmedabad,20591124,mohit.anand@zomato.com,biryani,pratiksha.kothari@zomato.com,690185,77233.967,164323,31272.401069435862
Sep-2026,Ahmedabad,20622580,mohit.anand@zomato.com,ice cream,pratiksha.kothari@zomato.com,77916,69788.605,17630,16044.128929096427
Sep-2026,Ahmedabad,20627698,mohit.anand@zomato.com,north indian,pratiksha.kothari@zomato.com,234441,193532.221,77719,63088.058850614456
Sep-2026,Ahmedabad,20645792,mohit.anand@zomato.com,international,pratiksha.kothari@zomato.com,291573,196407.668,90289,58084.787949002144
Sep-2026,Ahmedabad,20650967,mohit.anand@zomato.com,beverages,pratiksha.kothari@zomato.com,327282,279948.43100000004,60657,67715.49285838581
Sep-2026,Ahmedabad,20662746,mohit.anand@zomato.com,ice cream,pratiksha.kothari@zomato.com,40035,53428.784999999996,16364,16192.667778416646
Sep-2026,Ahmedabad,20666476,mohit.anand@zomato.com,street food,pratiksha.kothari@zomato.com,0,18756.878999999997,0,6315.618467233392
Sep-2026,Ahmedabad,20673105,mohit.anand@zomato.com,street food,pratiksha.kothari@zomato.com,96809,36932.522,25692,8193.99931019959
Sep-2026,Ahmedabad,20677089,mohit.anand@zomato.com,cakes,pratiksha.kothari@zomato.com,28798,33925.278000000006,9034,9449.202386059369
Sep-2026,Ahmedabad,20691414,mohit.anand@zomato.com,beverages,pratiksha.kothari@zomato.com,61582,50862.84,25131,18085.54539168822
Sep-2026,Ahmedabad,20707557,mohit.anand@zomato.com,street food,pratiksha.kothari@zomato.com,32966,12416.686,14717,5331.639737494504
Sep-2026,Ahmedabad,20711665,mohit.anand@zomato.com,street food,pratiksha.kothari@zomato.com,12999,20443.28,4439,4589.456256310696
Sep-2026,Ahmedabad,20717198,mohit.anand@zomato.com,na,pratiksha.kothari@zomato.com,163,0.0,0,0.0
Sep-2026,Ahmedabad,20721657,mohit.anand@zomato.com,na,pratiksha.kothari@zomato.com,1255,0.0,184,0.0
Sep-2026,Ahmedabad,20737395,mohit.anand@zomato.com,street food,pratiksha.kothari@zomato.com,25166,9188.347999999998,11505,2648.9642774275367
Sep-2026,Ahmedabad,20737469,mohit.anand@zomato.com,cakes,pratiksha.kothari@zomato.com,22259,61460.474,6754,20250.03559756433
Sep-2026,Ahmedabad,20751298,mohit.anand@zomato.com,"wraps, rolls and sandwiches",pratiksha.kothari@zomato.com,155859,93767.006,46799,30397.036694871407
Sep-2026,Ahmedabad,20779739,mohit.anand@zomato.com,street food,pratiksha.kothari@zomato.com,0,1349.192,0,1419.9240846090431
Sep-2026,Ahmedabad,20783873,mohit.anand@zomato.com,pizza,pratiksha.kothari@zomato.com,198912,218846.495,54331,63649.53123219933
Sep-2026,Ahmedabad,20787733,mohit.anand@zomato.com,north indian,pratiksha.kothari@zomato.com,156820,100371.30300000001,36875,24231.65024657074
Sep-2026,Ahmedabad,20798461,mohit.anand@zomato.com,pizza,pratiksha.kothari@zomato.com,67534,33755.172,23628,5452.3409640427535
Sep-2026,Ahmedabad,20819552,mohit.anand@zomato.com,south indian,pratiksha.kothari@zomato.com,43963,0.0,14670,0.0
Sep-2026,Ahmedabad,20826447,mohit.anand@zomato.com,burger,pratiksha.kothari@zomato.com,0,537.438,0,149.975014092286
Sep-2026,Ahmedabad,20830441,mohit.anand@zomato.com,na,pratiksha.kothari@zomato.com,1036,0.0,242,0.0
Sep-2026,Ahmedabad,20835204,mohit.anand@zomato.com,"wraps, rolls and sandwiches",pratiksha.kothari@zomato.com,59323,35272.912,14481,8631.548101521588
Sep-2026,Ahmedabad,20837684,mohit.anand@zomato.com,burger,pratiksha.kothari@zomato.com,45557,23562.453,20852,6771.805627622951
Sep-2026,Ahmedabad,20850816,mohit.anand@zomato.com,ice cream,pratiksha.kothari@zomato.com,478963,380987.97000000003,163845,114604.35666598803
Sep-2026,Ahmedabad,20851356,mohit.anand@zomato.com,north indian,pratiksha.kothari@zomato.com,214651,107251.04000000001,121386,51348.8411948582
Sep-2026,Ahmedabad,20859126,mohit.anand@zomato.com,chinese,pratiksha.kothari@zomato.com,20317,14872.354000000001,12883,3781.042125000309
Sep-2026,Ahmedabad,20860463,mohit.anand@zomato.com,street food,pratiksha.kothari@zomato.com,43602,22926.823,17468,8510.174145198756
Sep-2026,Ahmedabad,20863418,mohit.anand@zomato.com,street food,pratiksha.kothari@zomato.com,11644,11399.039999999999,2644,1567.3801004091297
Sep-2026,Ahmedabad,20874518,mohit.anand@zomato.com,north indian,pratiksha.kothari@zomato.com,381240,149995.707,138999,75154.43045256923
Sep-2026,Ahmedabad,20877170,mohit.anand@zomato.com,ice cream,pratiksha.kothari@zomato.com,74065,156257.204,15446,38575.180940309045
Sep-2026,Ahmedabad,20882439,mohit.anand@zomato.com,north indian,pratiksha.kothari@zomato.com,85706,94611.07999999999,38020,41654.501685330455
Sep-2026,Ahmedabad,20883318,mohit.anand@zomato.com,international,pratiksha.kothari@zomato.com,102304,4996.182,36266,1883.4678953260225
Sep-2026,Ahmedabad,20908901,mohit.anand@zomato.com,north indian,pratiksha.kothari@zomato.com,618461,814266.4589999999,147946,207418.80519703735
Sep-2026,Ahmedabad,20932680,mohit.anand@zomato.com,street food,pratiksha.kothari@zomato.com,46437,45227.585999999996,15237,15503.556982690285
Sep-2026,Ahmedabad,20979763,mohit.anand@zomato.com,north indian,pratiksha.kothari@zomato.com,298861,232069.36200000002,68572,45624.203554762804
Sep-2026,Ahmedabad,20987874,mohit.anand@zomato.com,street food,pratiksha.kothari@zomato.com,301687,320228.751,82037,76365.19449942894
Sep-2026,Ahmedabad,20989529,mohit.anand@zomato.com,cakes,pratiksha.kothari@zomato.com,72916,107268.62700000001,23823,36359.68038400257
Sep-2026,Ahmedabad,21027358,mohit.anand@zomato.com,international,pratiksha.kothari@zomato.com,69711,49495.273,25725,17821.805314487337
Sep-2026,Ahmedabad,21054880,mohit.anand@zomato.com,international,pratiksha.kothari@zomato.com,122802,3977.684,48859,1504.1804617693078
Sep-2026,Ahmedabad,21055811,mohit.anand@zomato.com,"wraps, rolls and sandwiches",pratiksha.kothari@zomato.com,21473,1996.208,9052,355.79970342049455
Sep-2026,Ahmedabad,21061722,mohit.anand@zomato.com,pizza,pratiksha.kothari@zomato.com,13238,4051.448,1334,859.3178372173396
Sep-2026,Ahmedabad,21072209,mohit.anand@zomato.com,beverages,pratiksha.kothari@zomato.com,66697,96967.356,21194,29213.081212063582
Sep-2026,Ahmedabad,21074911,mohit.anand@zomato.com,na,pratiksha.kothari@zomato.com,69767,0.0,21741,0.0
Sep-2026,Ahmedabad,21078331,mohit.anand@zomato.com,north indian,pratiksha.kothari@zomato.com,245126,136936.974,119169,46479.87533194895
Sep-2026,Ahmedabad,21126491,mohit.anand@zomato.com,beverages,pratiksha.kothari@zomato.com,59777,52942.79000000001,12093,12937.297556535741
Sep-2026,Ahmedabad,21132742,mohit.anand@zomato.com,street food,pratiksha.kothari@zomato.com,51124,47530.585999999996,14326,13272.476097271363
Sep-2026,Ahmedabad,21134189,mohit.anand@zomato.com,burger,pratiksha.kothari@zomato.com,39430,9295.789999999999,14129,1768.1985142891656
Sep-2026,Ahmedabad,21161917,mohit.anand@zomato.com,na,pratiksha.kothari@zomato.com,11985,0.0,2058,0.0
Sep-2026,Ahmedabad,21169973,mohit.anand@zomato.com,north indian,pratiksha.kothari@zomato.com,290344,147348.29899999994,94443,50731.39166912071
Sep-2026,Ahmedabad,21173332,mohit.anand@zomato.com,street food,pratiksha.kothari@zomato.com,40480,24833.572000000004,16071,5835.395677127728
Sep-2026,Ahmedabad,21185412,mohit.anand@zomato.com,pizza,pratiksha.kothari@zomato.com,305,0.0,56,0.0
Sep-2026,Ahmedabad,21201133,mohit.anand@zomato.com,north indian,pratiksha.kothari@zomato.com,71503,9902.294,16751,584.0030493631203
Sep-2026,Ahmedabad,21201367,mohit.anand@zomato.com,"wraps, rolls and sandwiches",pratiksha.kothari@zomato.com,386781,0.0,121510,0.0
Sep-2026,Ahmedabad,21201836,mohit.anand@zomato.com,international,pratiksha.kothari@zomato.com,150198,134385.289,37213,34002.89586757774
Sep-2026,Ahmedabad,21220344,mohit.anand@zomato.com,"wraps, rolls and sandwiches",pratiksha.kothari@zomato.com,874551,522127.1289999992,197804,65919.1639393848
Sep-2026,Ahmedabad,21260273,mohit.anand@zomato.com,burger,pratiksha.kothari@zomato.com,12609,25392.507,6478,9940.991884424511
Sep-2026,Ahmedabad,21260298,mohit.anand@zomato.com,pizza,pratiksha.kothari@zomato.com,265202,208719.369,68151,55380.76607763729
Sep-2026,Ahmedabad,21268713,mohit.anand@zomato.com,north indian,pratiksha.kothari@zomato.com,378257,380308.48299999995,45570,58990.61721456953
Sep-2026,Ahmedabad,21281699,mohit.anand@zomato.com,street food,pratiksha.kothari@zomato.com,882,1694.04,220,404.83015570204464
Sep-2026,Ahmedabad,21298380,mohit.anand@zomato.com,na,pratiksha.kothari@zomato.com,25794,0.0,13113,0.0
Sep-2026,Ahmedabad,21307401,mohit.anand@zomato.com,beverages,pratiksha.kothari@zomato.com,292338,174678.80800000002,62951,42878.4759302096
Sep-2026,Ahmedabad,21355017,mohit.anand@zomato.com,ice cream,pratiksha.kothari@zomato.com,42835,52521.611000000004,14707,5740.067005106158
Sep-2026,Ahmedabad,21357075,mohit.anand@zomato.com,north indian,pratiksha.kothari@zomato.com,38189,18021.949999999997,11807,7111.422286195975
Sep-2026,Ahmedabad,21366101,mohit.anand@zomato.com,north indian,pratiksha.kothari@zomato.com,26503,37023.939,9697,11979.68582463828
Sep-2026,Ahmedabad,21381529,mohit.anand@zomato.com,street food,pratiksha.kothari@zomato.com,76018,76311.93400000001,28005,28743.579232354372
Sep-2026,Ahmedabad,21384435,mohit.anand@zomato.com,burger,pratiksha.kothari@zomato.com,30324,8037.027999999999,2233,1417.943563685104
Sep-2026,Ahmedabad,21400995,mohit.anand@zomato.com,ice cream,pratiksha.kothari@zomato.com,46427,64704.791,13971,7394.559471740649
Sep-2026,Ahmedabad,21401409,mohit.anand@zomato.com,"wraps, rolls and sandwiches",pratiksha.kothari@zomato.com,202551,90074.61899999999,76251,42750.98771508745
Sep-2026,Ahmedabad,21404287,mohit.anand@zomato.com,pizza,pratiksha.kothari@zomato.com,44916,15540.547999999999,14520,575.4872700056575
Sep-2026,Ahmedabad,21410539,mohit.anand@zomato.com,ice cream,pratiksha.kothari@zomato.com,39124,59920.252,14355,5169.264885156062
Sep-2026,Ahmedabad,21421234,mohit.anand@zomato.com,pizza,pratiksha.kothari@zomato.com,95004,109682.224,35803,36798.93355286601
Sep-2026,Ahmedabad,21428961,mohit.anand@zomato.com,na,pratiksha.kothari@zomato.com,11002,0.0,9040,0.0
Sep-2026,Ahmedabad,21431867,mohit.anand@zomato.com,burger,pratiksha.kothari@zomato.com,6504,8925.97,4593,6023.800437101703
Sep-2026,Ahmedabad,21434050,mohit.anand@zomato.com,pizza,pratiksha.kothari@zomato.com,221764,112866.30400000003,47670,23384.604696947776
Sep-2026,Ahmedabad,21447846,mohit.anand@zomato.com,burger,pratiksha.kothari@zomato.com,11582,10591.481999999998,5648,6232.452793621758
Sep-2026,Ahmedabad,21467564,mohit.anand@zomato.com,north indian,pratiksha.kothari@zomato.com,618270,607439.883,130979,147071.5526887697
Sep-2026,Ahmedabad,21487668,mohit.anand@zomato.com,street food,pratiksha.kothari@zomato.com,79733,27928.394,18605,9583.010394105257
Sep-2026,Ahmedabad,21487823,mohit.anand@zomato.com,street food,pratiksha.kothari@zomato.com,669785,804728.8259999995,135442,202334.56465825252
Sep-2026,Ahmedabad,21492698,mohit.anand@zomato.com,north indian,pratiksha.kothari@zomato.com,112269,36301.827000000005,34480,15709.62266849536
Sep-2026,Ahmedabad,21513848,mohit.anand@zomato.com,burger,pratiksha.kothari@zomato.com,62019,29931.184,18953,9340.225965765152
Sep-2026,Ahmedabad,21517409,mohit.anand@zomato.com,pizza,pratiksha.kothari@zomato.com,57974,45693.536,29848,17393.078339152198
Sep-2026,Ahmedabad,21531860,mohit.anand@zomato.com,desserts,pratiksha.kothari@zomato.com,1930,1488.642,840,325.22804572666763
Sep-2026,Ahmedabad,21590247,mohit.anand@zomato.com,beverages,pratiksha.kothari@zomato.com,64168,42357.476,24386,16169.309522600366
Sep-2026,Ahmedabad,21604957,mohit.anand@zomato.com,na,pratiksha.kothari@zomato.com,35352,0.0,15687,0.0
Sep-2026,Ahmedabad,21614039,mohit.anand@zomato.com,north indian,pratiksha.kothari@zomato.com,117101,12815.763999999997,32126,2710.1823526637636
Sep-2026,Ahmedabad,21641509,mohit.anand@zomato.com,street food,pratiksha.kothari@zomato.com,927,0.0,149,0.0
Sep-2026,Ahmedabad,21655759,mohit.anand@zomato.com,north indian,pratiksha.kothari@zomato.com,47238,0.0,13489,0.0
Sep-2026,Ahmedabad,21672476,mohit.anand@zomato.com,"wraps, rolls and sandwiches",pratiksha.kothari@zomato.com,132624,60202.948,56226,19849.95563824892
Sep-2026,Ahmedabad,21673933,mohit.anand@zomato.com,street food,pratiksha.kothari@zomato.com,17167,24199.6,4518,9691.931221196612
Sep-2026,Ahmedabad,21674186,mohit.anand@zomato.com,burger,pratiksha.kothari@zomato.com,2701,7257.254000000002,515,526.0577704336545
Sep-2026,Ahmedabad,21674246,mohit.anand@zomato.com,north indian,pratiksha.kothari@zomato.com,125784,141293.20600000003,52813,56640.155669264976
Sep-2026,Ahmedabad,21682482,mohit.anand@zomato.com,north indian,pratiksha.kothari@zomato.com,56812,144537.16800000003,12564,38767.16778212856
Sep-2026,Ahmedabad,21687534,mohit.anand@zomato.com,"wraps, rolls and sandwiches",pratiksha.kothari@zomato.com,892,0.0,771,0.0
Sep-2026,Ahmedabad,21689682,mohit.anand@zomato.com,"wraps, rolls and sandwiches",pratiksha.kothari@zomato.com,112567,151406.901,41135,45907.23233146136
Sep-2026,Ahmedabad,21702917,mohit.anand@zomato.com,ice cream,pratiksha.kothari@zomato.com,69747,78496.86600000001,17208,9633.473630531327
Sep-2026,Ahmedabad,21718396,mohit.anand@zomato.com,street food,pratiksha.kothari@zomato.com,24199,4573.046,9166,1380.2077367425723
Sep-2026,Ahmedabad,21720036,mohit.anand@zomato.com,street food,pratiksha.kothari@zomato.com,41679,24768.46,16600,6977.606046731579
Sep-2026,Ahmedabad,21731667,mohit.anand@zomato.com,street food,pratiksha.kothari@zomato.com,0,242.18400000000003,0,41.83251527228394
Sep-2026,Ahmedabad,21761872,mohit.anand@zomato.com,street food,pratiksha.kothari@zomato.com,21684,0.0,9878,0.0
Sep-2026,Ahmedabad,21774841,mohit.anand@zomato.com,ice cream,pratiksha.kothari@zomato.com,31623,40152.218,11802,10826.384276083954
Sep-2026,Ahmedabad,21779758,mohit.anand@zomato.com,na,pratiksha.kothari@zomato.com,34048,0.0,12097,0.0
Sep-2026,Ahmedabad,21780252,mohit.anand@zomato.com,north indian,pratiksha.kothari@zomato.com,176180,24311.816,84560,11726.496335419019
Sep-2026,Ahmedabad,21782127,mohit.anand@zomato.com,na,pratiksha.kothari@zomato.com,314,0.0,104,0.0
Sep-2026,Ahmedabad,21795493,mohit.anand@zomato.com,ice cream,pratiksha.kothari@zomato.com,37972,32503.076,7194,6481.709217225715
Sep-2026,Ahmedabad,21796512,mohit.anand@zomato.com,international,pratiksha.kothari@zomato.com,0,739.4280000000001,0,119.66710746935598
Sep-2026,Ahmedabad,21800061,mohit.anand@zomato.com,international,pratiksha.kothari@zomato.com,195236,142651.934,46671,38652.449416925854
Sep-2026,Ahmedabad,21809525,mohit.anand@zomato.com,na,pratiksha.kothari@zomato.com,488,0.0,121,0.0
Sep-2026,Ahmedabad,21817190,mohit.anand@zomato.com,burger,pratiksha.kothari@zomato.com,14804,11621.348,6216,6715.74031996351
Sep-2026,Ahmedabad,21817191,mohit.anand@zomato.com,pizza,pratiksha.kothari@zomato.com,111888,111873.93100000001,25259,24985.96805857107
Sep-2026,Ahmedabad,21872935,mohit.anand@zomato.com,na,pratiksha.kothari@zomato.com,289,0.0,109,0.0
Sep-2026,Ahmedabad,21879650,mohit.anand@zomato.com,international,pratiksha.kothari@zomato.com,0,5996.401,0,1025.1976839824047
Sep-2026,Ahmedabad,21904011,mohit.anand@zomato.com,street food,pratiksha.kothari@zomato.com,38131,0.0,16804,0.0
Sep-2026,Ahmedabad,21906033,mohit.anand@zomato.com,north indian,pratiksha.kothari@zomato.com,94356,50880.566,36942,17856.54178290477
Sep-2026,Ahmedabad,21906170,mohit.anand@zomato.com,ice cream,pratiksha.kothari@zomato.com,32222,41435.901000000005,11735,11748.25864650761
Sep-2026,Ahmedabad,21913449,mohit.anand@zomato.com,north indian,pratiksha.kothari@zomato.com,1972,0.0,1846,0.0
Sep-2026,Ahmedabad,21914596,mohit.anand@zomato.com,street food,pratiksha.kothari@zomato.com,110347,49464.306,38814,19768.180599954914
Sep-2026,Ahmedabad,21915110,mohit.anand@zomato.com,south indian,pratiksha.kothari@zomato.com,59185,50473.576,9644,8117.06837580136
Sep-2026,Ahmedabad,21917591,mohit.anand@zomato.com,international,pratiksha.kothari@zomato.com,95576,49909.961,29431,14404.29704173188
Sep-2026,Ahmedabad,21919772,mohit.anand@zomato.com,international,pratiksha.kothari@zomato.com,0,7192.740000000001,0,1307.104160421594
Sep-2026,Ahmedabad,21932754,mohit.anand@zomato.com,street food,pratiksha.kothari@zomato.com,5720,486.77,668,91.18304208100672
Sep-2026,Ahmedabad,21932967,mohit.anand@zomato.com,north indian,pratiksha.kothari@zomato.com,54635,9884.490000000002,17510,2931.672769700297
Sep-2026,Ahmedabad,21937861,mohit.anand@zomato.com,"wraps, rolls and sandwiches",pratiksha.kothari@zomato.com,182469,54057.55399999998,56745,17438.664199645835
Sep-2026,Ahmedabad,21943407,mohit.anand@zomato.com,"wraps, rolls and sandwiches",pratiksha.kothari@zomato.com,18607,26970.637999999995,17434,10330.775657113556
Sep-2026,Ahmedabad,21946732,mohit.anand@zomato.com,international,pratiksha.kothari@zomato.com,172729,224603.299,35446,75193.86351851518
Sep-2026,Ahmedabad,21975298,mohit.anand@zomato.com,street food,pratiksha.kothari@zomato.com,176029,229038.82800000004,32078,53303.884169605626
Sep-2026,Ahmedabad,21976849,mohit.anand@zomato.com,na,pratiksha.kothari@zomato.com,551,0.0,36,0.0
Sep-2026,Ahmedabad,21986437,mohit.anand@zomato.com,street food,pratiksha.kothari@zomato.com,85933,65013.828,27650,19537.490685980083
Sep-2026,Ahmedabad,22000147,mohit.anand@zomato.com,north indian,pratiksha.kothari@zomato.com,40741,10468.976,9537,970.7422284854113
Sep-2026,Ahmedabad,22011263,mohit.anand@zomato.com,international,pratiksha.kothari@zomato.com,55805,55828.23,9232,14655.573812379826
Sep-2026,Ahmedabad,22013005,mohit.anand@zomato.com,pizza,pratiksha.kothari@zomato.com,32629,25381.553999999996,9171,6249.681617551638
Sep-2026,Ahmedabad,22028819,mohit.anand@zomato.com,beverages,pratiksha.kothari@zomato.com,230025,160635.21000000002,50034,38741.78813710796
Sep-2026,Ahmedabad,22049560,mohit.anand@zomato.com,burger,pratiksha.kothari@zomato.com,0,593.002,0,0.07099234026001228
Sep-2026,Ahmedabad,22051797,mohit.anand@zomato.com,"wraps, rolls and sandwiches",pratiksha.kothari@zomato.com,0,418.998,0,0.012049740746699006
Sep-2026,Ahmedabad,22069736,mohit.anand@zomato.com,ice cream,pratiksha.kothari@zomato.com,58891,85088.28300000001,11999,883.9246897007517
Sep-2026,Ahmedabad,22100283,mohit.anand@zomato.com,cakes,pratiksha.kothari@zomato.com,52317,71334.678,24900,23594.509915325427
Sep-2026,Ahmedabad,22100344,mohit.anand@zomato.com,cakes,pratiksha.kothari@zomato.com,54814,47085.079999999994,20287,16050.198356199558
Sep-2026,Ahmedabad,22105875,mohit.anand@zomato.com,burger,pratiksha.kothari@zomato.com,154074,31862.276,54274,4975.531094247033
Sep-2026,Ahmedabad,22110431,mohit.anand@zomato.com,beverages,pratiksha.kothari@zomato.com,26411,41181.368,17066,18221.074622277392
Sep-2026,Ahmedabad,22114973,mohit.anand@zomato.com,street food,pratiksha.kothari@zomato.com,13509,6265.576000000001,2440,1380.892411766919
Sep-2026,Ahmedabad,22132348,mohit.anand@zomato.com,chinese,pratiksha.kothari@zomato.com,1472,0.0,78,0.0
Sep-2026,Ahmedabad,22162235,mohit.anand@zomato.com,north indian,pratiksha.kothari@zomato.com,89764,125758.224,31374,43071.19570027789
Sep-2026,Ahmedabad,22169263,mohit.anand@zomato.com,chinese,pratiksha.kothari@zomato.com,6014,827.392,1905,163.6081621212757
Sep-2026,Ahmedabad,22174956,mohit.anand@zomato.com,pizza,pratiksha.kothari@zomato.com,98576,13199.680999999999,45731,6750.107667851447
Sep-2026,Ahmedabad,22190075,mohit.anand@zomato.com,international,pratiksha.kothari@zomato.com,85495,945.7719999999999,31719,127.89459590638663
Sep-2026,Ahmedabad,22209525,mohit.anand@zomato.com,street food,pratiksha.kothari@zomato.com,1569,0.0,424,0.0
Sep-2026,Ahmedabad,22216031,mohit.anand@zomato.com,pizza,pratiksha.kothari@zomato.com,9251,11227.58,4975,3329.594763235642
Sep-2026,Ahmedabad,22220177,mohit.anand@zomato.com,north indian,pratiksha.kothari@zomato.com,533837,237127.62199999994,126944,53964.14436739555
Sep-2026,Ahmedabad,22245678,mohit.anand@zomato.com,na,pratiksha.kothari@zomato.com,731,0.0,83,0.0
Sep-2026,Ahmedabad,22262824,mohit.anand@zomato.com,street food,pratiksha.kothari@zomato.com,1503,0.0,472,0.0
Sep-2026,Ahmedabad,22265116,mohit.anand@zomato.com,pizza,pratiksha.kothari@zomato.com,0,440.002,0,65.46638905893218
Sep-2026,Ahmedabad,22274412,mohit.anand@zomato.com,north indian,pratiksha.kothari@zomato.com,82633,23265.2,16855,4850.1918408963675
Sep-2026,Ahmedabad,22286549,mohit.anand@zomato.com,north indian,pratiksha.kothari@zomato.com,163649,112726.661,69514,50114.036436966904
Sep-2026,Ahmedabad,22291777,mohit.anand@zomato.com,pizza,pratiksha.kothari@zomato.com,807,0.0,360,0.0
Sep-2026,Ahmedabad,22338976,mohit.anand@zomato.com,"wraps, rolls and sandwiches",pratiksha.kothari@zomato.com,0,22562.692,0,8140.207496830492
Sep-2026,Ahmedabad,22339118,mohit.anand@zomato.com,"wraps, rolls and sandwiches",pratiksha.kothari@zomato.com,0,10203.662,0,2853.914357329163
Sep-2026,Ahmedabad,22364762,mohit.anand@zomato.com,north indian,pratiksha.kothari@zomato.com,44576,26805.494,12477,8944.943256529667
Sep-2026,Ahmedabad,22386755,mohit.anand@zomato.com,street food,pratiksha.kothari@zomato.com,45560,23866.573999999997,14945,10937.019413556465
Sep-2026,Ahmedabad,22410798,mohit.anand@zomato.com,burger,pratiksha.kothari@zomato.com,134134,54505.53300000001,46430,9925.439720316625
Sep-2026,Ahmedabad,22411739,mohit.anand@zomato.com,north indian,pratiksha.kothari@zomato.com,505,587.6759999999999,158,213.28774261659424
Sep-2026,Ahmedabad,22413987,mohit.anand@zomato.com,north indian,pratiksha.kothari@zomato.com,45939,84606.18599999999,12186,28010.3589931869
Sep-2026,Ahmedabad,22417541,mohit.anand@zomato.com,pizza,pratiksha.kothari@zomato.com,100012,59411.801,30665,17885.29892209957
Sep-2026,Ahmedabad,22420100,mohit.anand@zomato.com,south indian,pratiksha.kothari@zomato.com,4857,164.582,773,65.81142249819005
Sep-2026,Ahmedabad,22429938,mohit.anand@zomato.com,burger,pratiksha.kothari@zomato.com,8925,4698.498,5388,1074.560501703122
Sep-2026,Ahmedabad,22430838,mohit.anand@zomato.com,cakes,pratiksha.kothari@zomato.com,2306,552.7180000000001,1360,77.73930153364341
Sep-2026,Ahmedabad,22432463,mohit.anand@zomato.com,pizza,pratiksha.kothari@zomato.com,697,3909.4620000000004,148,640.663955129452
Sep-2026,Ahmedabad,22453239,mohit.anand@zomato.com,beverages,pratiksha.kothari@zomato.com,183049,135088.408,40936,32264.72673918989
Sep-2026,Ahmedabad,22517287,mohit.anand@zomato.com,burger,pratiksha.kothari@zomato.com,4180,23755.953999999998,1502,6640.586723281057
Sep-2026,Ahmedabad,22523489,mohit.anand@zomato.com,street food,pratiksha.kothari@zomato.com,87979,38737.386000000006,17951,9582.534021690917
Sep-2026,Ahmedabad,22538019,mohit.anand@zomato.com,street food,pratiksha.kothari@zomato.com,73938,51509.12,22699,15870.797620784182
Sep-2026,Ahmedabad,22540644,mohit.anand@zomato.com,"wraps, rolls and sandwiches",pratiksha.kothari@zomato.com,329854,297431.391,93437,102022.8239922657
Sep-2026,Ahmedabad,22558995,mohit.anand@zomato.com,north indian,pratiksha.kothari@zomato.com,45742,5619.98,2469,3787.912501516267
Sep-2026,Ahmedabad,22593334,mohit.anand@zomato.com,burger,pratiksha.kothari@zomato.com,360791,65844.122,73799,18410.628420277462
Sep-2026,Ahmedabad,22596428,mohit.anand@zomato.com,beverages,pratiksha.kothari@zomato.com,16920,6534.126,7845,1351.224594445698
Sep-2026,Ahmedabad,22599476,mohit.anand@zomato.com,south indian,pratiksha.kothari@zomato.com,90404,82606.2,41036,27184.808537496316
Sep-2026,Ahmedabad,22599829,mohit.anand@zomato.com,north indian,pratiksha.kothari@zomato.com,83799,1389.6019999999999,20761,125.15094264486467
Sep-2026,Ahmedabad,22606859,mohit.anand@zomato.com,beverages,pratiksha.kothari@zomato.com,257690,270851.631,64211,61796.81090138638
Sep-2026,Ahmedabad,22607032,mohit.anand@zomato.com,na,pratiksha.kothari@zomato.com,593,0.0,336,0.0
Sep-2026,Ahmedabad,22619577,mohit.anand@zomato.com,burger,pratiksha.kothari@zomato.com,8875,39564.587,1619,12105.482681263755
Sep-2026,Ahmedabad,22637137,mohit.anand@zomato.com,beverages,pratiksha.kothari@zomato.com,6063,168.008,-407,47.949171696759535
Sep-2026,Ahmedabad,22651113,mohit.anand@zomato.com,chinese,pratiksha.kothari@zomato.com,3953,1812.6979999999999,-122,414.4437312452009
Sep-2026,Ahmedabad,22653408,mohit.anand@zomato.com,na,pratiksha.kothari@zomato.com,256575,0.0,80200,0.0
Sep-2026,Ahmedabad,22658445,mohit.anand@zomato.com,ice cream,pratiksha.kothari@zomato.com,20963,50016.582,4446,3124.4639584770994
Sep-2026,Ahmedabad,22661674,mohit.anand@zomato.com,north indian,pratiksha.kothari@zomato.com,40145,48583.689,2179,11126.410162369211
Sep-2026,Ahmedabad,22663396,mohit.anand@zomato.com,street food,pratiksha.kothari@zomato.com,3291,24296.664,-448,6747.25091687008
Sep-2026,Ahmedabad,22673173,mohit.anand@zomato.com,street food,pratiksha.kothari@zomato.com,4158,62928.50799999999,-289,22260.027008958165
Sep-2026,Ahmedabad,22673652,mohit.anand@zomato.com,pizza,pratiksha.kothari@zomato.com,49968,78444.083,1026,17379.68786077296
Sep-2026,Ahmedabad,22673807,mohit.anand@zomato.com,pizza,pratiksha.kothari@zomato.com,58976,67293.652,-162,21573.93771842795
Sep-2026,Ahmedabad,22673817,mohit.anand@zomato.com,pizza,pratiksha.kothari@zomato.com,46568,48201.083,1631,15025.038661823506
Sep-2026,Ahmedabad,22675204,mohit.anand@zomato.com,ice cream,pratiksha.kothari@zomato.com,25388,292.414,4748,77.42941847407747
Sep-2026,Ahmedabad,22675449,mohit.anand@zomato.com,north indian,pratiksha.kothari@zomato.com,10639,34859.831,-731,8398.01687952322
Sep-2026,Ahmedabad,22678520,mohit.anand@zomato.com,beverages,pratiksha.kothari@zomato.com,99212,249329.669,367,58006.203803966455
Sep-2026,Ahmedabad,22680809,mohit.anand@zomato.com,international,pratiksha.kothari@zomato.com,10247,162096.77500000002,3793,47943.1721689771
Sep-2026,Ahmedabad,22699203,mohit.anand@zomato.com,north indian,pratiksha.kothari@zomato.com,6901,0.0,3002,0.0
Sep-2026,Ahmedabad,22708708,mohit.anand@zomato.com,desserts,pratiksha.kothari@zomato.com,1422,13796.685999999998,-254,3272.9422609662847
Sep-2026,Ahmedabad,22755947,mohit.anand@zomato.com,ice cream,pratiksha.kothari@zomato.com,0,51192.933,0,5071.887968822956
Sep-2026,Ahmedabad,22772056,mohit.anand@zomato.com,burger,pratiksha.kothari@zomato.com,0,45506.939999999995,0,9862.716208969056
Sep-2026,Ahmedabad,22803018,mohit.anand@zomato.com,burger,pratiksha.kothari@zomato.com,0,34551.083999999995,0,10583.481259551985
Sep-2026,Ahmedabad,22803125,mohit.anand@zomato.com,street food,pratiksha.kothari@zomato.com,0,1723.172,0,69.97583829307264
Sep-2026,Ahmedabad,22803213,mohit.anand@zomato.com,burger,pratiksha.kothari@zomato.com,0,1354.2020000000002,0,-599.5329204582118
Sep-2026,Ahmedabad,22842259,mohit.anand@zomato.com,ice cream,pratiksha.kothari@zomato.com,0,37058.162000000004,0,9386.749656290078
Sep-2026,Ahmedabad,22843324,mohit.anand@zomato.com,north indian,pratiksha.kothari@zomato.com,0,177502.118,0,39678.5785735503
Sep-2026,Ahmedabad,22852974,mohit.anand@zomato.com,beverages,pratiksha.kothari@zomato.com,0,25315.600000000002,0,5220.4155630833975
Sep-2026,Ahmedabad,22859393,mohit.anand@zomato.com,ice cream,pratiksha.kothari@zomato.com,0,36994.45599999999,0,3242.682076466715
Sep-2026,Ahmedabad,22882370,mohit.anand@zomato.com,"wraps, rolls and sandwiches",pratiksha.kothari@zomato.com,0,6296.405999999999,0,-88.61232683673691
Sep-2026,Ahmedabad,22882465,mohit.anand@zomato.com,"wraps, rolls and sandwiches",pratiksha.kothari@zomato.com,0,28938.894000000004,0,11398.47901970428
Sep-2026,Ahmedabad,110017,neha.meena@zomato.com,"wraps, rolls and sandwiches",pratiksha.kothari@zomato.com,89504,59152.54800000001,25993,12062.555871554672
Sep-2026,Ahmedabad,110077,neha.meena@zomato.com,ice cream,pratiksha.kothari@zomato.com,25949,8241.936,11179,3192.065120121878
Sep-2026,Ahmedabad,110251,neha.meena@zomato.com,north indian,pratiksha.kothari@zomato.com,176458,108125.96599999999,54463,44164.374960533816
Sep-2026,Ahmedabad,110299,neha.meena@zomato.com,pizza,pratiksha.kothari@zomato.com,68552,75566.74600000001,13459,14871.246377819325
Sep-2026,Ahmedabad,110839,neha.meena@zomato.com,north indian,pratiksha.kothari@zomato.com,115616,96970.562,22607,15962.988577137261
Sep-2026,Ahmedabad,111013,neha.meena@zomato.com,street food,pratiksha.kothari@zomato.com,120029,140132.657,38424,46793.440359735134
Sep-2026,Ahmedabad,111079,neha.meena@zomato.com,south indian,pratiksha.kothari@zomato.com,132498,106548.09300000001,44476,37567.80682817515
Sep-2026,Ahmedabad,111253,neha.meena@zomato.com,ice cream,pratiksha.kothari@zomato.com,29637,59231.83200000001,4569,4946.371176630999
Sep-2026,Ahmedabad,111256,neha.meena@zomato.com,street food,pratiksha.kothari@zomato.com,21501,4029.082,4199,876.8500418629936
Sep-2026,Ahmedabad,111282,neha.meena@zomato.com,street food,pratiksha.kothari@zomato.com,34331,37542.56,9312,8890.747547076953
Sep-2026,Ahmedabad,111573,neha.meena@zomato.com,north indian,pratiksha.kothari@zomato.com,95821,68586.77,19504,2671.847789438286
Sep-2026,Ahmedabad,111775,neha.meena@zomato.com,"wraps, rolls and sandwiches",pratiksha.kothari@zomato.com,58406,154491.12,22184,45145.436717501725
Sep-2026,Ahmedabad,111906,neha.meena@zomato.com,north indian,pratiksha.kothari@zomato.com,78912,101838.747,20774,21775.102205204104
Sep-2026,Ahmedabad,112163,neha.meena@zomato.com,street food,pratiksha.kothari@zomato.com,39262,45222.367,8643,12353.251788074274
Sep-2026,Ahmedabad,112170,neha.meena@zomato.com,north indian,pratiksha.kothari@zomato.com,82405,122944.32800000001,17664,39001.9842298657
Sep-2026,Ahmedabad,112336,neha.meena@zomato.com,north indian,pratiksha.kothari@zomato.com,132678,59061.437000000005,30613,17759.09760109332
Sep-2026,Ahmedabad,112370,neha.meena@zomato.com,north indian,pratiksha.kothari@zomato.com,158170,150845.258,25864,24802.911559285123
Sep-2026,Ahmedabad,112950,neha.meena@zomato.com,north indian,pratiksha.kothari@zomato.com,35132,26350.520000000004,5585,2226.7228247652592
Sep-2026,Ahmedabad,113260,neha.meena@zomato.com,beverages,pratiksha.kothari@zomato.com,108771,58683.531,32474,12933.182415790923
Sep-2026,Ahmedabad,113529,neha.meena@zomato.com,north indian,pratiksha.kothari@zomato.com,61726,49852.511,14682,9638.907177534416
Sep-2026,Ahmedabad,113566,neha.meena@zomato.com,street food,pratiksha.kothari@zomato.com,43999,29242.425999999996,7751,4996.470615302116
Sep-2026,Ahmedabad,113589,neha.meena@zomato.com,north indian,pratiksha.kothari@zomato.com,33905,29656.738000000005,3369,3055.7310029150863
Sep-2026,Ahmedabad,113605,neha.meena@zomato.com,north indian,pratiksha.kothari@zomato.com,60018,48423.81599999999,9684,9018.290381137744
Sep-2026,Ahmedabad,113689,neha.meena@zomato.com,chinese,pratiksha.kothari@zomato.com,193388,31936.384000000002,38364,3179.5086825908347
Sep-2026,Ahmedabad,113702,neha.meena@zomato.com,north indian,pratiksha.kothari@zomato.com,349615,730258.4619999999,65981,214573.95712159568
Sep-2026,Ahmedabad,18027792,neha.meena@zomato.com,north indian,pratiksha.kothari@zomato.com,85759,52913.095,18125,9578.090945187232
Sep-2026,Ahmedabad,18396222,neha.meena@zomato.com,mithai,pratiksha.kothari@zomato.com,144840,64129.941000000006,39024,12682.393575262291
Sep-2026,Ahmedabad,18535122,neha.meena@zomato.com,mithai,pratiksha.kothari@zomato.com,136423,67847.774,42653,18731.969482009998
Sep-2026,Ahmedabad,18571029,neha.meena@zomato.com,chinese,pratiksha.kothari@zomato.com,236781,236437.439,59886,63215.87487812087
Sep-2026,Ahmedabad,18587280,neha.meena@zomato.com,street food,pratiksha.kothari@zomato.com,71488,4202.81,21209,581.6811445224878
Sep-2026,Ahmedabad,18602570,neha.meena@zomato.com,north indian,pratiksha.kothari@zomato.com,26933,32405.497999999996,6756,7449.658170835893
Sep-2026,Ahmedabad,18632536,neha.meena@zomato.com,biryani,pratiksha.kothari@zomato.com,94901,24288.399999999998,28465,12030.233870680513
Sep-2026,Ahmedabad,18638337,neha.meena@zomato.com,north indian,pratiksha.kothari@zomato.com,19640,84600.88799999999,2890,15557.559145343645
Sep-2026,Ahmedabad,18649977,neha.meena@zomato.com,north indian,pratiksha.kothari@zomato.com,100718,183767.79,26308,60314.004298730026
Sep-2026,Ahmedabad,18707875,neha.meena@zomato.com,north indian,pratiksha.kothari@zomato.com,87509,85385.833,34058,29239.41252930877
Sep-2026,Ahmedabad,18735675,neha.meena@zomato.com,beverages,pratiksha.kothari@zomato.com,58588,33082.816,17121,10173.318281785178
Sep-2026,Ahmedabad,18739901,neha.meena@zomato.com,street food,pratiksha.kothari@zomato.com,70344,66214.886,11977,11286.100007714958
Sep-2026,Ahmedabad,18745223,neha.meena@zomato.com,north indian,pratiksha.kothari@zomato.com,113677,119152.49500000001,32307,30700.98936059018
Sep-2026,Ahmedabad,18773295,neha.meena@zomato.com,north indian,pratiksha.kothari@zomato.com,105361,27455.378,31085,5459.538045977284
Sep-2026,Ahmedabad,18783485,neha.meena@zomato.com,street food,pratiksha.kothari@zomato.com,37607,39675.314,7687,11184.32117364572
Sep-2026,Ahmedabad,18789981,neha.meena@zomato.com,north indian,pratiksha.kothari@zomato.com,33829,7248.482,14424,1863.3617852517002
Sep-2026,Ahmedabad,18924496,neha.meena@zomato.com,"wraps, rolls and sandwiches",pratiksha.kothari@zomato.com,26424,35556.295000000006,13261,14907.880885484827
Sep-2026,Ahmedabad,18938036,neha.meena@zomato.com,street food,pratiksha.kothari@zomato.com,152520,100836.716,38920,30842.655168844383
Sep-2026,Ahmedabad,18969972,neha.meena@zomato.com,"wraps, rolls and sandwiches",pratiksha.kothari@zomato.com,0,2387.2659999999996,0,206.05642978693476
Sep-2026,Ahmedabad,18993827,neha.meena@zomato.com,street food,pratiksha.kothari@zomato.com,26108,72375.004,8152,23352.410133599355
Sep-2026,Ahmedabad,19072273,neha.meena@zomato.com,street food,pratiksha.kothari@zomato.com,8844,8922.08,3345,1098.9235749847555
Sep-2026,Ahmedabad,19081006,neha.meena@zomato.com,street food,pratiksha.kothari@zomato.com,18457,33232.223999999995,2262,-3625.967996097292
Sep-2026,Ahmedabad,19137422,neha.meena@zomato.com,north indian,pratiksha.kothari@zomato.com,48150,27242.063999999995,13600,9608.829005827161
Sep-2026,Ahmedabad,19157242,neha.meena@zomato.com,north indian,pratiksha.kothari@zomato.com,108591,83292.381,32984,26945.888843778226
Sep-2026,Ahmedabad,19177172,neha.meena@zomato.com,street food,pratiksha.kothari@zomato.com,49585,9483.596,16559,3809.3136655495023
Sep-2026,Ahmedabad,19181560,neha.meena@zomato.com,ice cream,pratiksha.kothari@zomato.com,33697,17136.67,6007,3365.616790751497
Sep-2026,Ahmedabad,19193246,neha.meena@zomato.com,ice cream,pratiksha.kothari@zomato.com,1330,10533.491999999998,420,1145.1213441979548
Sep-2026,Ahmedabad,19219889,neha.meena@zomato.com,street food,pratiksha.kothari@zomato.com,16794,18536.956,6181,6848.902738248416
Sep-2026,Ahmedabad,19222995,neha.meena@zomato.com,street food,pratiksha.kothari@zomato.com,36789,6266.919999999999,12932,1082.5917832672114
Sep-2026,Ahmedabad,19248773,neha.meena@zomato.com,na,pratiksha.kothari@zomato.com,51840,0.0,15941,0.0
Sep-2026,Ahmedabad,19268192,neha.meena@zomato.com,street food,pratiksha.kothari@zomato.com,10176,0.0,1071,0.0
Sep-2026,Ahmedabad,19282923,neha.meena@zomato.com,south indian,pratiksha.kothari@zomato.com,77351,89039.986,16671,19842.78262425817
Sep-2026,Ahmedabad,19298577,neha.meena@zomato.com,street food,pratiksha.kothari@zomato.com,163210,133062.991,53820,40794.037247000306
Sep-2026,Ahmedabad,19308497,neha.meena@zomato.com,street food,pratiksha.kothari@zomato.com,20101,19102.77,3220,3079.3161633323075
Sep-2026,Ahmedabad,19315498,neha.meena@zomato.com,street food,pratiksha.kothari@zomato.com,34033,47615.91900000001,3238,5886.662094283705
Sep-2026,Ahmedabad,19327184,neha.meena@zomato.com,north indian,pratiksha.kothari@zomato.com,21446,1992.148,6219,306.48779695245645
Sep-2026,Ahmedabad,19353362,neha.meena@zomato.com,north indian,pratiksha.kothari@zomato.com,85369,46599.126000000004,21430,16628.179835895546
Sep-2026,Ahmedabad,19356986,neha.meena@zomato.com,north indian,pratiksha.kothari@zomato.com,88252,53178.39800000001,19455,13881.343267656923
Sep-2026,Ahmedabad,19361632,neha.meena@zomato.com,cakes,pratiksha.kothari@zomato.com,51859,38137.943,18604,12201.364301464264
Sep-2026,Ahmedabad,19448978,neha.meena@zomato.com,burger,pratiksha.kothari@zomato.com,30582,4031.312,10292,1363.772730271951
Sep-2026,Ahmedabad,19536927,neha.meena@zomato.com,north indian,pratiksha.kothari@zomato.com,109142,79568.33900000002,16945,19345.380255501284
Sep-2026,Ahmedabad,19557761,neha.meena@zomato.com,north indian,pratiksha.kothari@zomato.com,156037,180793.272,23820,48985.79735031287
Sep-2026,Ahmedabad,19590683,neha.meena@zomato.com,cakes,pratiksha.kothari@zomato.com,14244,21877.918,4048,5529.584764257215
Sep-2026,Ahmedabad,19622807,neha.meena@zomato.com,south indian,pratiksha.kothari@zomato.com,4226,3205.542,2397,1018.6703815978591
Sep-2026,Ahmedabad,19652569,neha.meena@zomato.com,north indian,pratiksha.kothari@zomato.com,25030,48637.096,4643,9082.572999879108
Sep-2026,Ahmedabad,19653540,neha.meena@zomato.com,street food,pratiksha.kothari@zomato.com,5343,11654.796,971,1785.0230796717951
Sep-2026,Ahmedabad,19657669,neha.meena@zomato.com,na,pratiksha.kothari@zomato.com,60114,33453.118,24952,12322.830873526695
Sep-2026,Ahmedabad,19662629,neha.meena@zomato.com,international,pratiksha.kothari@zomato.com,96562,68711.99,17614,15419.448843110442
Sep-2026,Ahmedabad,19689879,neha.meena@zomato.com,desserts,pratiksha.kothari@zomato.com,14521,1225.1860000000001,3657,264.92570903882984
Sep-2026,Ahmedabad,19725659,neha.meena@zomato.com,street food,pratiksha.kothari@zomato.com,22412,18170.086,4776,4153.572501022333
Sep-2026,Ahmedabad,19729584,neha.meena@zomato.com,street food,pratiksha.kothari@zomato.com,230109,194669.46099999998,68120,66926.8533903013
Sep-2026,Ahmedabad,19753972,neha.meena@zomato.com,"wraps, rolls and sandwiches",pratiksha.kothari@zomato.com,13075,13659.681999999999,2583,3026.4734533431892
Sep-2026,Ahmedabad,19760041,neha.meena@zomato.com,north indian,pratiksha.kothari@zomato.com,234730,511424.4479999994,64017,158305.1936342229
Sep-2026,Ahmedabad,19766876,neha.meena@zomato.com,street food,pratiksha.kothari@zomato.com,41523,33336.692,7638,6390.053866193494
Sep-2026,Ahmedabad,19789294,neha.meena@zomato.com,north indian,pratiksha.kothari@zomato.com,5453,18978.924000000003,498,1328.005236757112
Sep-2026,Ahmedabad,19878394,neha.meena@zomato.com,biryani,pratiksha.kothari@zomato.com,51964,36500.462,15600,14341.00123174104
Sep-2026,Ahmedabad,19899882,neha.meena@zomato.com,north indian,pratiksha.kothari@zomato.com,32068,83400.02799999999,10901,30861.519200453906
Sep-2026,Ahmedabad,19902791,neha.meena@zomato.com,street food,pratiksha.kothari@zomato.com,27491,37011.21000000001,3800,8037.016978929896
Sep-2026,Ahmedabad,19932342,neha.meena@zomato.com,cakes,pratiksha.kothari@zomato.com,6950,3878.89,1735,259.76699893090614
Sep-2026,Ahmedabad,19982021,neha.meena@zomato.com,north indian,pratiksha.kothari@zomato.com,47864,31858.602999999992,8399,4558.3664834420915
Sep-2026,Ahmedabad,20052780,neha.meena@zomato.com,chinese,pratiksha.kothari@zomato.com,68248,112754.36799999999,12182,8823.96759983147
Sep-2026,Ahmedabad,20070464,neha.meena@zomato.com,ice cream,pratiksha.kothari@zomato.com,51925,49247.322,18197,16953.422233180725
Sep-2026,Ahmedabad,20074882,neha.meena@zomato.com,chinese,pratiksha.kothari@zomato.com,110335,117394.95500000002,26526,22848.907973821617
Sep-2026,Ahmedabad,20112084,neha.meena@zomato.com,north indian,pratiksha.kothari@zomato.com,48165,9274.834000000003,16090,-873.6070059001694
Sep-2026,Ahmedabad,20127985,neha.meena@zomato.com,north indian,pratiksha.kothari@zomato.com,19160,87360.11,5862,34686.63670026185
Sep-2026,Ahmedabad,20174966,neha.meena@zomato.com,na,pratiksha.kothari@zomato.com,9002,0.0,2245,0.0
Sep-2026,Ahmedabad,20176014,neha.meena@zomato.com,street food,pratiksha.kothari@zomato.com,75532,79013.32400000001,23755,24590.404369656735
Sep-2026,Ahmedabad,20229955,neha.meena@zomato.com,street food,pratiksha.kothari@zomato.com,54879,53218.43199999999,9826,12382.808642923512
Sep-2026,Ahmedabad,20246733,neha.meena@zomato.com,burger,pratiksha.kothari@zomato.com,16532,38750.678,5289,13224.772665126051
Sep-2026,Ahmedabad,20333952,neha.meena@zomato.com,north indian,pratiksha.kothari@zomato.com,0,1641.1200000000001,0,455.4982124650402
Sep-2026,Ahmedabad,20334089,neha.meena@zomato.com,north indian,pratiksha.kothari@zomato.com,94822,13919.856000000003,21255,3294.299367284875
Sep-2026,Ahmedabad,20362359,neha.meena@zomato.com,international,pratiksha.kothari@zomato.com,161832,115424.02,56457,41352.55065101077
Sep-2026,Ahmedabad,20362922,neha.meena@zomato.com,north indian,pratiksha.kothari@zomato.com,26452,10279.206,4612,1649.9456065295476
Sep-2026,Ahmedabad,20363754,neha.meena@zomato.com,street food,pratiksha.kothari@zomato.com,80463,63930.43399999999,26938,20644.02242260331
Sep-2026,Ahmedabad,20382261,neha.meena@zomato.com,street food,pratiksha.kothari@zomato.com,0,3900.714,0,793.2727249494976
Sep-2026,Ahmedabad,20382898,neha.meena@zomato.com,cakes,pratiksha.kothari@zomato.com,1280,11972.293000000001,311,5406.524261250164
Sep-2026,Ahmedabad,20389303,neha.meena@zomato.com,burger,pratiksha.kothari@zomato.com,21269,24373.347999999994,6790,7047.209281288032
Sep-2026,Ahmedabad,20418632,neha.meena@zomato.com,na,pratiksha.kothari@zomato.com,1762,0.0,71,0.0
Sep-2026,Ahmedabad,20431680,neha.meena@zomato.com,street food,pratiksha.kothari@zomato.com,37072,27168.793999999998,13857,7241.132477312978
Sep-2026,Ahmedabad,20432069,neha.meena@zomato.com,north indian,pratiksha.kothari@zomato.com,194697,173881.27800000002,44779,41449.72457894308
Sep-2026,Ahmedabad,20442063,neha.meena@zomato.com,na,pratiksha.kothari@zomato.com,22154,0.0,7220,0.0
Sep-2026,Ahmedabad,20451099,neha.meena@zomato.com,south indian,pratiksha.kothari@zomato.com,27242,60046.482,6043,13227.02324114579
Sep-2026,Ahmedabad,20455672,neha.meena@zomato.com,north indian,pratiksha.kothari@zomato.com,22526,13228.223000000002,5839,-65.87160619755355
Sep-2026,Ahmedabad,20465391,neha.meena@zomato.com,burger,pratiksha.kothari@zomato.com,54423,70287.67799999999,19332,26419.04434133919
Sep-2026,Ahmedabad,20482239,neha.meena@zomato.com,north indian,pratiksha.kothari@zomato.com,130778,151708.66100000002,58488,65506.253849886474
Sep-2026,Ahmedabad,20485604,neha.meena@zomato.com,north indian,pratiksha.kothari@zomato.com,24776,60144.66300000001,6368,14871.189257301912
Sep-2026,Ahmedabad,20516024,neha.meena@zomato.com,chinese,pratiksha.kothari@zomato.com,0,41805.118,0,3261.014791631889
Sep-2026,Ahmedabad,20522063,neha.meena@zomato.com,north indian,pratiksha.kothari@zomato.com,6284,10613.962000000001,3517,4689.614663848756
Sep-2026,Ahmedabad,20573515,neha.meena@zomato.com,street food,pratiksha.kothari@zomato.com,141124,105212.19900000002,42674,38171.97703156306
Sep-2026,Ahmedabad,20585450,neha.meena@zomato.com,regional,pratiksha.kothari@zomato.com,29364,12198.163999999999,9031,4360.917456170437
Sep-2026,Ahmedabad,20587341,neha.meena@zomato.com,international,pratiksha.kothari@zomato.com,141534,122693.76000000001,32362,27760.292926309285
Sep-2026,Ahmedabad,20598593,neha.meena@zomato.com,chinese,pratiksha.kothari@zomato.com,0,2500.098,0,829.4633251214633
Sep-2026,Ahmedabad,20616862,neha.meena@zomato.com,north indian,pratiksha.kothari@zomato.com,3507,3945.4779999999996,662,987.7364010943287
Sep-2026,Ahmedabad,20630061,neha.meena@zomato.com,burger,pratiksha.kothari@zomato.com,11510,4085.143,4952,1125.4505857919771
Sep-2026,Ahmedabad,20638785,neha.meena@zomato.com,north indian,pratiksha.kothari@zomato.com,25087,32228.888999999996,5574,5923.920154231025
Sep-2026,Ahmedabad,20656827,neha.meena@zomato.com,north indian,pratiksha.kothari@zomato.com,23274,13619.24,6358,3801.719047413714
Sep-2026,Ahmedabad,20658391,neha.meena@zomato.com,cakes,pratiksha.kothari@zomato.com,22004,43910.763,8605,18240.496911059327
Sep-2026,Ahmedabad,20658527,neha.meena@zomato.com,street food,pratiksha.kothari@zomato.com,31357,62791.791000000005,8179,4393.794708347445
Sep-2026,Ahmedabad,20668045,neha.meena@zomato.com,beverages,pratiksha.kothari@zomato.com,28933,27020.527999999995,3963,5373.715711430754
Sep-2026,Ahmedabad,20674608,neha.meena@zomato.com,north indian,pratiksha.kothari@zomato.com,26875,4809.358,13569,2549.68913472463
Sep-2026,Ahmedabad,20677787,neha.meena@zomato.com,burger,pratiksha.kothari@zomato.com,11972,17126.328,2393,3149.7500970740925
Sep-2026,Ahmedabad,20702494,neha.meena@zomato.com,north indian,pratiksha.kothari@zomato.com,37722,85206.371,12041,21930.46129592921
Sep-2026,Ahmedabad,20707283,neha.meena@zomato.com,north indian,pratiksha.kothari@zomato.com,25597,44215.659999999996,6269,9276.604553623876
Sep-2026,Ahmedabad,20707684,neha.meena@zomato.com,beverages,pratiksha.kothari@zomato.com,89037,58012.312000000005,30234,22007.912692956066
Sep-2026,Ahmedabad,20721136,neha.meena@zomato.com,pizza,pratiksha.kothari@zomato.com,88199,115544.08499999999,17242,30940.94253317246
Sep-2026,Ahmedabad,20721922,neha.meena@zomato.com,desserts,pratiksha.kothari@zomato.com,28539,16929.007,6791,2412.3953940694296
Sep-2026,Ahmedabad,20724265,neha.meena@zomato.com,street food,pratiksha.kothari@zomato.com,30550,24307.220000000005,10051,7918.764290700154
Sep-2026,Ahmedabad,20747171,neha.meena@zomato.com,north indian,pratiksha.kothari@zomato.com,8610,65618.442,1950,14597.241222721428
Sep-2026,Ahmedabad,20767335,neha.meena@zomato.com,north indian,pratiksha.kothari@zomato.com,17540,18057.217999999997,7006,6729.394177301299
Sep-2026,Ahmedabad,20769211,neha.meena@zomato.com,burger,pratiksha.kothari@zomato.com,56664,35807.39,18654,12483.203485817365
Sep-2026,Ahmedabad,20783243,neha.meena@zomato.com,north indian,pratiksha.kothari@zomato.com,49490,70070.83300000001,12487,23256.16626403413
Sep-2026,Ahmedabad,20793715,neha.meena@zomato.com,ice cream,pratiksha.kothari@zomato.com,16534,4134.814,5151,930.8041749062098
Sep-2026,Ahmedabad,20833845,neha.meena@zomato.com,north indian,pratiksha.kothari@zomato.com,67119,79555.73499999999,30012,41925.43431188647
Sep-2026,Ahmedabad,20850810,neha.meena@zomato.com,na,pratiksha.kothari@zomato.com,48764,36708.222,8802,11074.555998224274
Sep-2026,Ahmedabad,20859267,neha.meena@zomato.com,chinese,pratiksha.kothari@zomato.com,10398,14640.728000000003,2010,3536.40089186098
Sep-2026,Ahmedabad,20882107,neha.meena@zomato.com,street food,pratiksha.kothari@zomato.com,11141,324.44000000000005,4308,-8.80249676924754
Sep-2026,Ahmedabad,20883030,neha.meena@zomato.com,beverages,pratiksha.kothari@zomato.com,38219,5630.834,9752,834.19631835916
Sep-2026,Ahmedabad,20893569,neha.meena@zomato.com,biryani,pratiksha.kothari@zomato.com,0,512.3040000000001,0,0.12064022182548498
Sep-2026,Ahmedabad,20906762,neha.meena@zomato.com,north indian,pratiksha.kothari@zomato.com,26687,10326.12,11842,7158.442578012635
Sep-2026,Ahmedabad,20960829,neha.meena@zomato.com,north indian,pratiksha.kothari@zomato.com,47288,11516.554000000002,9241,1552.5516984116662
Sep-2026,Ahmedabad,20976224,neha.meena@zomato.com,north indian,pratiksha.kothari@zomato.com,70968,68419.89199999999,24332,21422.989654849116
Sep-2026,Ahmedabad,20980678,neha.meena@zomato.com,north indian,pratiksha.kothari@zomato.com,21776,13476.815,4416,2176.0208554563546
Sep-2026,Ahmedabad,20983861,neha.meena@zomato.com,north indian,pratiksha.kothari@zomato.com,27399,3027.7019999999993,5916,370.5753800090831
Sep-2026,Ahmedabad,20986012,neha.meena@zomato.com,street food,pratiksha.kothari@zomato.com,74743,46813.30700000001,33733,16821.995154277804
Sep-2026,Ahmedabad,21018917,neha.meena@zomato.com,street food,pratiksha.kothari@zomato.com,12375,47037.077,3633,9281.448426911602
Sep-2026,Ahmedabad,21029738,neha.meena@zomato.com,street food,pratiksha.kothari@zomato.com,65269,24522.848,18823,388.2192302998473
Sep-2026,Ahmedabad,21037586,neha.meena@zomato.com,street food,pratiksha.kothari@zomato.com,52360,35568.258,10313,7420.487737632145
Sep-2026,Ahmedabad,21050609,neha.meena@zomato.com,north indian,pratiksha.kothari@zomato.com,0,1855.658,0,244.09238939898836
Sep-2026,Ahmedabad,21067697,neha.meena@zomato.com,street food,pratiksha.kothari@zomato.com,4680,5692.14,984,873.0525262289814
Sep-2026,Ahmedabad,21076682,neha.meena@zomato.com,"wraps, rolls and sandwiches",pratiksha.kothari@zomato.com,21738,26287.717999999997,9291,9618.588693328942
Sep-2026,Ahmedabad,21106369,neha.meena@zomato.com,beverages,pratiksha.kothari@zomato.com,17546,28472.862,2528,6554.479148975761
Sep-2026,Ahmedabad,21147689,neha.meena@zomato.com,"wraps, rolls and sandwiches",pratiksha.kothari@zomato.com,6496,9776.734,2958,4140.68221091943
Sep-2026,Ahmedabad,21150243,neha.meena@zomato.com,street food,pratiksha.kothari@zomato.com,17755,8764.75,4692,1816.9775961204382
Sep-2026,Ahmedabad,21201332,neha.meena@zomato.com,south indian,pratiksha.kothari@zomato.com,75505,31506.309,14177,4860.84724665087
Sep-2026,Ahmedabad,21211179,neha.meena@zomato.com,north indian,pratiksha.kothari@zomato.com,0,1432.9180000000001,0,549.3964263746707
Sep-2026,Ahmedabad,21232584,neha.meena@zomato.com,north indian,pratiksha.kothari@zomato.com,18072,34106.633,5415,5149.621174903038
Sep-2026,Ahmedabad,21238577,neha.meena@zomato.com,north indian,pratiksha.kothari@zomato.com,3042,14692.307999999999,456,1998.0967117186226
Sep-2026,Ahmedabad,21257857,neha.meena@zomato.com,na,pratiksha.kothari@zomato.com,21550,0.0,4297,0.0
Sep-2026,Ahmedabad,21270044,neha.meena@zomato.com,street food,pratiksha.kothari@zomato.com,122645,107272.43299999999,32713,28739.11098342354
Sep-2026,Ahmedabad,21302383,neha.meena@zomato.com,north indian,pratiksha.kothari@zomato.com,94861,106095.703,26399,30371.252651123687
Sep-2026,Ahmedabad,21307157,neha.meena@zomato.com,street food,pratiksha.kothari@zomato.com,104463,85626.749,28779,21283.24540601492
Sep-2026,Ahmedabad,21307479,neha.meena@zomato.com,south indian,pratiksha.kothari@zomato.com,148282,59734.43800000001,50430,20128.389119625914
Sep-2026,Ahmedabad,21321131,neha.meena@zomato.com,international,pratiksha.kothari@zomato.com,46315,48900.390999999996,9589,11514.891008315013
Sep-2026,Ahmedabad,21325108,neha.meena@zomato.com,desserts,pratiksha.kothari@zomato.com,45691,17660.145999999997,14595,3342.543084887066
Sep-2026,Ahmedabad,21325590,neha.meena@zomato.com,north indian,pratiksha.kothari@zomato.com,0,38512.600000000006,0,12847.73524677164
Sep-2026,Ahmedabad,21326282,neha.meena@zomato.com,pizza,pratiksha.kothari@zomato.com,233,1212.612,68,277.19861819186985
Sep-2026,Ahmedabad,21349226,neha.meena@zomato.com,street food,pratiksha.kothari@zomato.com,36112,0.0,10225,0.0
Sep-2026,Ahmedabad,21350489,neha.meena@zomato.com,south indian,pratiksha.kothari@zomato.com,50644,86676.235,15809,24208.67460813111
Sep-2026,Ahmedabad,21358542,neha.meena@zomato.com,burger,pratiksha.kothari@zomato.com,87677,12228.038000000002,24463,1962.1658680936428
Sep-2026,Ahmedabad,21365180,neha.meena@zomato.com,street food,pratiksha.kothari@zomato.com,68423,79388.83600000001,24804,26111.971084767716
Sep-2026,Ahmedabad,21388081,neha.meena@zomato.com,pizza,pratiksha.kothari@zomato.com,10155,17327.33,3671,6678.184511862051
Sep-2026,Ahmedabad,21388152,neha.meena@zomato.com,"wraps, rolls and sandwiches",pratiksha.kothari@zomato.com,3945,11358.826000000001,1614,5006.001330846415
Sep-2026,Ahmedabad,21394677,neha.meena@zomato.com,chinese,pratiksha.kothari@zomato.com,4068,21509.211000000003,560,5248.854743222679
Sep-2026,Ahmedabad,21454990,neha.meena@zomato.com,beverages,pratiksha.kothari@zomato.com,72,3745.7,23,545.9485993973906
Sep-2026,Ahmedabad,21474330,neha.meena@zomato.com,north indian,pratiksha.kothari@zomato.com,26370,54298.112,9318,20941.75771776645
Sep-2026,Ahmedabad,21479399,neha.meena@zomato.com,south indian,pratiksha.kothari@zomato.com,18327,14504.783999999998,3453,2485.6698385713703
Sep-2026,Ahmedabad,21481877,neha.meena@zomato.com,na,pratiksha.kothari@zomato.com,217,0.0,35,0.0
Sep-2026,Ahmedabad,21484002,neha.meena@zomato.com,"wraps, rolls and sandwiches",pratiksha.kothari@zomato.com,11209,7092.958,5331,3414.2122235580127
Sep-2026,Ahmedabad,21496805,neha.meena@zomato.com,international,pratiksha.kothari@zomato.com,12724,27615.257999999998,2567,7098.588974444943
Sep-2026,Ahmedabad,21504980,neha.meena@zomato.com,street food,pratiksha.kothari@zomato.com,35648,32271.896,11156,10246.446370995905
Sep-2026,Ahmedabad,21508527,neha.meena@zomato.com,street food,pratiksha.kothari@zomato.com,48611,1291.4540000000002,14737,296.07155378522816
Sep-2026,Ahmedabad,21514409,neha.meena@zomato.com,"wraps, rolls and sandwiches",pratiksha.kothari@zomato.com,44288,3159.906,12208,296.6990332843054
Sep-2026,Ahmedabad,21522611,neha.meena@zomato.com,ice cream,pratiksha.kothari@zomato.com,94310,59585.576,36340,21595.022315614115
Sep-2026,Ahmedabad,21545161,neha.meena@zomato.com,street food,pratiksha.kothari@zomato.com,123354,125371.79800000002,36671,41285.03794281508
Sep-2026,Ahmedabad,21545174,neha.meena@zomato.com,north indian,pratiksha.kothari@zomato.com,16368,59216.471999999994,2770,20154.135679582258
Sep-2026,Ahmedabad,21545840,neha.meena@zomato.com,north indian,pratiksha.kothari@zomato.com,89681,210234.04199999996,25833,58610.80104959329
Sep-2026,Ahmedabad,21554624,neha.meena@zomato.com,cakes,pratiksha.kothari@zomato.com,53637,60324.042,15569,15679.216941920331
Sep-2026,Ahmedabad,21580387,neha.meena@zomato.com,street food,pratiksha.kothari@zomato.com,40367,67859.821,8080,8763.500516308097
Sep-2026,Ahmedabad,21583147,neha.meena@zomato.com,burger,pratiksha.kothari@zomato.com,15519,19163.906,2410,6680.802801709537
Sep-2026,Ahmedabad,21590617,neha.meena@zomato.com,north indian,pratiksha.kothari@zomato.com,110165,51516.678,30343,11842.89499417333
Sep-2026,Ahmedabad,21600481,neha.meena@zomato.com,street food,pratiksha.kothari@zomato.com,86377,78518.444,22518,17678.935584358715
Sep-2026,Ahmedabad,21609333,neha.meena@zomato.com,street food,pratiksha.kothari@zomato.com,54330,31604.614,12903,8859.164315200369
Sep-2026,Ahmedabad,21614404,neha.meena@zomato.com,north indian,pratiksha.kothari@zomato.com,91981,63204.29299999998,23800,20394.143089077406
Sep-2026,Ahmedabad,21633297,neha.meena@zomato.com,north indian,pratiksha.kothari@zomato.com,66114,55590.086,14988,16173.889388768002
Sep-2026,Ahmedabad,21641575,neha.meena@zomato.com,north indian,pratiksha.kothari@zomato.com,19877,74320.881,5517,12950.02168898678
Sep-2026,Ahmedabad,21645789,neha.meena@zomato.com,pizza,pratiksha.kothari@zomato.com,76606,5211.9400000000005,30244,3815.1895402060313
Sep-2026,Ahmedabad,21655584,neha.meena@zomato.com,ice cream,pratiksha.kothari@zomato.com,25456,17505.019999999997,8516,4850.265561518677
Sep-2026,Ahmedabad,21657995,neha.meena@zomato.com,north indian,pratiksha.kothari@zomato.com,34161,274.158,9283,61.364809606059644
Sep-2026,Ahmedabad,21663712,neha.meena@zomato.com,na,pratiksha.kothari@zomato.com,69896,0.0,25626,0.0
Sep-2026,Ahmedabad,21677254,neha.meena@zomato.com,street food,pratiksha.kothari@zomato.com,69699,144768.022,19396,33346.015159825096
Sep-2026,Ahmedabad,21678204,neha.meena@zomato.com,north indian,pratiksha.kothari@zomato.com,0,73242.81199999999,0,31481.059425056577
Sep-2026,Ahmedabad,21711518,neha.meena@zomato.com,mithai,pratiksha.kothari@zomato.com,153668,366451.976,49715,126447.3472722107
Sep-2026,Ahmedabad,21716582,neha.meena@zomato.com,biryani,pratiksha.kothari@zomato.com,12158,8513.662,2380,1050.7274411003389
Sep-2026,Ahmedabad,21762064,neha.meena@zomato.com,beverages,pratiksha.kothari@zomato.com,55144,70072.81999999999,15697,20885.499018694012
Sep-2026,Ahmedabad,21825123,neha.meena@zomato.com,north indian,pratiksha.kothari@zomato.com,60411,71236.84000000001,18788,19573.61696498894
Sep-2026,Ahmedabad,21827773,neha.meena@zomato.com,beverages,pratiksha.kothari@zomato.com,145890,67852.272,47718,24646.64197235251
Sep-2026,Ahmedabad,21847213,neha.meena@zomato.com,south indian,pratiksha.kothari@zomato.com,43568,43142.692,13820,13359.527845883631
Sep-2026,Ahmedabad,21868797,neha.meena@zomato.com,desserts,pratiksha.kothari@zomato.com,27887,0.0,6042,0.0
Sep-2026,Ahmedabad,21870520,neha.meena@zomato.com,"wraps, rolls and sandwiches",pratiksha.kothari@zomato.com,737,332.988,194,107.8531999204657
Sep-2026,Ahmedabad,21873812,neha.meena@zomato.com,north indian,pratiksha.kothari@zomato.com,3802,6919.599999999999,835,2090.336520230339
Sep-2026,Ahmedabad,21879089,neha.meena@zomato.com,"wraps, rolls and sandwiches",pratiksha.kothari@zomato.com,41376,29284.242,12866,6258.491685520273
Sep-2026,Ahmedabad,21882666,neha.meena@zomato.com,ice cream,pratiksha.kothari@zomato.com,101971,50113.17999999999,33132,17368.8287082792
Sep-2026,Ahmedabad,21908120,neha.meena@zomato.com,international,pratiksha.kothari@zomato.com,6616,6204.606,1127,1192.9725649413679
Sep-2026,Ahmedabad,21909315,neha.meena@zomato.com,"wraps, rolls and sandwiches",pratiksha.kothari@zomato.com,93856,34396.868,27468,8874.920642854408
Sep-2026,Ahmedabad,21938195,neha.meena@zomato.com,south indian,pratiksha.kothari@zomato.com,42879,54523.212,11175,12348.587912440687
Sep-2026,Ahmedabad,21938630,neha.meena@zomato.com,street food,pratiksha.kothari@zomato.com,83194,38741.137,29293,13769.13334789245
Sep-2026,Ahmedabad,21944343,neha.meena@zomato.com,street food,pratiksha.kothari@zomato.com,22193,27226.339999999997,6346,7939.156199574776
Sep-2026,Ahmedabad,21980305,neha.meena@zomato.com,street food,pratiksha.kothari@zomato.com,96425,70600.70099999999,34517,29621.439662920387
Sep-2026,Ahmedabad,21995033,neha.meena@zomato.com,north indian,pratiksha.kothari@zomato.com,93493,44618.936,19055,10416.719854275392
Sep-2026,Ahmedabad,21997895,neha.meena@zomato.com,"wraps, rolls and sandwiches",pratiksha.kothari@zomato.com,59800,104223.693,10705,31997.94693575041
Sep-2026,Ahmedabad,22017856,neha.meena@zomato.com,pizza,pratiksha.kothari@zomato.com,1190,1952.138,235,161.96758592877723
Sep-2026,Ahmedabad,22039009,neha.meena@zomato.com,"wraps, rolls and sandwiches",pratiksha.kothari@zomato.com,34401,29717.262000000002,11014,6843.025389214193
Sep-2026,Ahmedabad,22049928,neha.meena@zomato.com,street food,pratiksha.kothari@zomato.com,248310,238521.49599999998,71088,70392.8475149964
Sep-2026,Ahmedabad,22066408,neha.meena@zomato.com,north indian,pratiksha.kothari@zomato.com,71851,43945.26,13736,9345.213867327973
Sep-2026,Ahmedabad,22070001,neha.meena@zomato.com,burger,pratiksha.kothari@zomato.com,35590,6769.387999999999,13061,4487.217545985536
Sep-2026,Ahmedabad,22077046,neha.meena@zomato.com,north indian,pratiksha.kothari@zomato.com,3710,0.0,717,0.0
Sep-2026,Ahmedabad,22090676,neha.meena@zomato.com,"wraps, rolls and sandwiches",pratiksha.kothari@zomato.com,49755,4087.3459999999995,23542,3941.321570127913
Sep-2026,Ahmedabad,22118928,neha.meena@zomato.com,street food,pratiksha.kothari@zomato.com,65390,48525.76,20602,12447.680544113437
Sep-2026,Ahmedabad,22121842,neha.meena@zomato.com,"wraps, rolls and sandwiches",pratiksha.kothari@zomato.com,15554,22346.857999999997,5446,4168.646957504334
Sep-2026,Ahmedabad,22153535,neha.meena@zomato.com,chinese,pratiksha.kothari@zomato.com,163800,79244.73000000001,35244,17735.768306275946
Sep-2026,Ahmedabad,22158204,neha.meena@zomato.com,chinese,pratiksha.kothari@zomato.com,119749,55188.693,42104,16398.974077085204
Sep-2026,Ahmedabad,22170927,neha.meena@zomato.com,na,pratiksha.kothari@zomato.com,45411,0.0,19710,0.0
Sep-2026,Ahmedabad,22188019,neha.meena@zomato.com,north indian,pratiksha.kothari@zomato.com,43267,44407.672,12437,14006.195096815245
Sep-2026,Ahmedabad,22205522,neha.meena@zomato.com,street food,pratiksha.kothari@zomato.com,127988,2809.594,35635,618.393009461454
Sep-2026,Ahmedabad,22220822,neha.meena@zomato.com,north indian,pratiksha.kothari@zomato.com,173064,59132.799,49282,6767.017794081743
Sep-2026,Ahmedabad,22238542,neha.meena@zomato.com,burger,pratiksha.kothari@zomato.com,12376,350.28799999999995,4831,0.05426797252687079
Sep-2026,Ahmedabad,22238661,neha.meena@zomato.com,"wraps, rolls and sandwiches",pratiksha.kothari@zomato.com,1900,0.0,871,0.0
Sep-2026,Ahmedabad,22238709,neha.meena@zomato.com,pizza,pratiksha.kothari@zomato.com,5060,0.0,1869,0.0
Sep-2026,Ahmedabad,22261087,neha.meena@zomato.com,street food,pratiksha.kothari@zomato.com,76750,34075.18899999999,23115,10292.992469875044
Sep-2026,Ahmedabad,22317743,neha.meena@zomato.com,na,pratiksha.kothari@zomato.com,13628,0.0,3327,0.0
Sep-2026,Ahmedabad,22410006,neha.meena@zomato.com,north indian,pratiksha.kothari@zomato.com,284197,241018.92,99899,65609.21721123003
Sep-2026,Ahmedabad,22453629,neha.meena@zomato.com,north indian,pratiksha.kothari@zomato.com,0,21120.218,0,3343.7363731626797
Sep-2026,Ahmedabad,22474437,neha.meena@zomato.com,north indian,pratiksha.kothari@zomato.com,115814,33251.585,28516,9161.013068846856
Sep-2026,Ahmedabad,22483918,neha.meena@zomato.com,chinese,pratiksha.kothari@zomato.com,8526,0.0,1928,0.0
Sep-2026,Ahmedabad,22486771,neha.meena@zomato.com,na,pratiksha.kothari@zomato.com,8924,0.0,1650,0.0
Sep-2026,Ahmedabad,22538529,neha.meena@zomato.com,na,pratiksha.kothari@zomato.com,91094,0.0,25269,0.0
Sep-2026,Ahmedabad,22557254,neha.meena@zomato.com,north indian,pratiksha.kothari@zomato.com,34432,226894.34200000003,6794,29494.01064686706
Sep-2026,Ahmedabad,22571261,neha.meena@zomato.com,international,pratiksha.kothari@zomato.com,57654,171958.662,20844,53802.98856085895
Sep-2026,Ahmedabad,22574166,neha.meena@zomato.com,south indian,pratiksha.kothari@zomato.com,150922,97891.98799999998,44316,30873.11554658319
Sep-2026,Ahmedabad,22600807,neha.meena@zomato.com,na,pratiksha.kothari@zomato.com,13097,0.0,2703,0.0
Sep-2026,Ahmedabad,22600809,neha.meena@zomato.com,na,pratiksha.kothari@zomato.com,10022,0.0,3119,0.0
Sep-2026,Ahmedabad,22605864,neha.meena@zomato.com,north indian,pratiksha.kothari@zomato.com,12305,44868.12100000001,3808,12677.385269585724
Sep-2026,Ahmedabad,22607075,neha.meena@zomato.com,burger,pratiksha.kothari@zomato.com,23716,0.0,6417,0.0
Sep-2026,Ahmedabad,22607138,neha.meena@zomato.com,"wraps, rolls and sandwiches",pratiksha.kothari@zomato.com,14770,13373.25,5677,4816.791030663561
Sep-2026,Ahmedabad,22616159,neha.meena@zomato.com,north indian,pratiksha.kothari@zomato.com,122381,208110.91500000004,32344,66234.75840509476
Sep-2026,Ahmedabad,22631808,neha.meena@zomato.com,burger,pratiksha.kothari@zomato.com,46051,47811.654,11750,17534.653405692963
Sep-2026,Ahmedabad,22631904,neha.meena@zomato.com,"wraps, rolls and sandwiches",pratiksha.kothari@zomato.com,9710,9143.957999999997,2846,3666.3518017381634
Sep-2026,Ahmedabad,22677028,neha.meena@zomato.com,na,pratiksha.kothari@zomato.com,875,0.0,925,0.0
Sep-2026,Ahmedabad,22701734,neha.meena@zomato.com,desserts,pratiksha.kothari@zomato.com,12766,4863.429999999999,2463,899.7457386488716
Sep-2026,Ahmedabad,22707080,neha.meena@zomato.com,"wraps, rolls and sandwiches",pratiksha.kothari@zomato.com,60277,174297.376,2583,48020.91285735991
Sep-2026,Ahmedabad,22712157,neha.meena@zomato.com,pizza,pratiksha.kothari@zomato.com,0,7708.492,0,4512.930439672316
Sep-2026,Ahmedabad,22718440,neha.meena@zomato.com,street food,pratiksha.kothari@zomato.com,0,3010.796,0,625.0428557360078
Sep-2026,Ahmedabad,22746696,neha.meena@zomato.com,south indian,pratiksha.kothari@zomato.com,307,165023.11500000002,0,46370.8380594615
Sep-2026,Ahmedabad,22751303,neha.meena@zomato.com,street food,pratiksha.kothari@zomato.com,0,4219.0,0,544.6181599711224
Sep-2026,Ahmedabad,110326,piyush.patel@zomato.com,pizza,pratiksha.kothari@zomato.com,26132,9162.088,4196,881.0242177569788
Sep-2026,Ahmedabad,110344,piyush.patel@zomato.com,biryani,pratiksha.kothari@zomato.com,15868,12216.065,3153,2535.0226493094415
Sep-2026,Ahmedabad,110365,piyush.patel@zomato.com,ice cream,pratiksha.kothari@zomato.com,5950,4312.448,3734,111.48003381244365
Sep-2026,Ahmedabad,112479,piyush.patel@zomato.com,street food,pratiksha.kothari@zomato.com,33083,31415.391999999996,6564,6229.031459558246
Sep-2026,Ahmedabad,112841,piyush.patel@zomato.com,chinese,pratiksha.kothari@zomato.com,96062,65891.852,9399,5974.8621220899895
Sep-2026,Ahmedabad,113368,piyush.patel@zomato.com,chinese,pratiksha.kothari@zomato.com,2351,3789.648,340,582.855881189455
Sep-2026,Ahmedabad,113369,piyush.patel@zomato.com,north indian,pratiksha.kothari@zomato.com,8630,26774.77,1348,4428.765355289476
Sep-2026,Ahmedabad,18226410,piyush.patel@zomato.com,street food,pratiksha.kothari@zomato.com,18129,19316.664,3769,4052.607005304199
Sep-2026,Ahmedabad,18561262,piyush.patel@zomato.com,international,pratiksha.kothari@zomato.com,3237,0.0,634,0.0
Sep-2026,Ahmedabad,18761284,piyush.patel@zomato.com,street food,pratiksha.kothari@zomato.com,0,176.998,0,0.05426797252687079
Sep-2026,Ahmedabad,19080826,piyush.patel@zomato.com,street food,pratiksha.kothari@zomato.com,13831,8067.371999999999,2790,1171.316372463621
Sep-2026,Ahmedabad,19258559,piyush.patel@zomato.com,street food,pratiksha.kothari@zomato.com,14433,13368.544000000002,2875,3043.738597127296
Sep-2026,Ahmedabad,19423305,piyush.patel@zomato.com,south indian,pratiksha.kothari@zomato.com,3449,0.0,456,0.0
Sep-2026,Ahmedabad,19674609,piyush.patel@zomato.com,street food,pratiksha.kothari@zomato.com,19789,17119.953999999998,4228,4335.853670532197
Sep-2026,Ahmedabad,19692924,piyush.patel@zomato.com,north indian,pratiksha.kothari@zomato.com,16408,11934.708999999999,2542,1303.36432557739
Sep-2026,Ahmedabad,19750963,piyush.patel@zomato.com,international,pratiksha.kothari@zomato.com,111462,92283.09900000002,22232,19742.388163828316
Sep-2026,Ahmedabad,19849414,piyush.patel@zomato.com,street food,pratiksha.kothari@zomato.com,19563,15778.864,3908,3133.236092118448
Sep-2026,Ahmedabad,19913096,piyush.patel@zomato.com,street food,pratiksha.kothari@zomato.com,16652,17940.108,2997,3480.3154447908432
Sep-2026,Ahmedabad,20153739,piyush.patel@zomato.com,north indian,pratiksha.kothari@zomato.com,19693,14192.634,5039,3196.22365136975
Sep-2026,Ahmedabad,20212435,piyush.patel@zomato.com,burger,pratiksha.kothari@zomato.com,20336,402.998,4359,0.05426797252687079
Sep-2026,Ahmedabad,20676904,piyush.patel@zomato.com,beverages,pratiksha.kothari@zomato.com,9072,8218.436,1845,1425.1705348484077
Sep-2026,Ahmedabad,20716129,piyush.patel@zomato.com,street food,pratiksha.kothari@zomato.com,11575,16471.472,1653,1358.9522046326038
Sep-2026,Ahmedabad,20750762,piyush.patel@zomato.com,north indian,pratiksha.kothari@zomato.com,77484,6372.274000000001,21499,1684.749767046774
Sep-2026,Ahmedabad,20775673,piyush.patel@zomato.com,chinese,pratiksha.kothari@zomato.com,12370,0.0,1538,0.0
Sep-2026,Ahmedabad,20864770,piyush.patel@zomato.com,north indian,pratiksha.kothari@zomato.com,6094,13680.972,1429,3009.9387120319543
Sep-2026,Ahmedabad,20978342,piyush.patel@zomato.com,street food,pratiksha.kothari@zomato.com,9580,5432.611999999999,794,349.3994809195582
Sep-2026,Ahmedabad,20979438,piyush.patel@zomato.com,burger,pratiksha.kothari@zomato.com,19494,23297.167999999998,3773,3955.008310842624
Sep-2026,Ahmedabad,20994373,piyush.patel@zomato.com,beverages,pratiksha.kothari@zomato.com,8732,12153.083999999999,3754,2632.164615412239
Sep-2026,Ahmedabad,21003448,piyush.patel@zomato.com,beverages,pratiksha.kothari@zomato.com,4443,0.0,783,0.0
Sep-2026,Ahmedabad,21246915,piyush.patel@zomato.com,street food,pratiksha.kothari@zomato.com,15284,13038.474000000004,1517,2047.7701473105642
Sep-2026,Ahmedabad,21263684,piyush.patel@zomato.com,north indian,pratiksha.kothari@zomato.com,882,0.0,147,0.0
Sep-2026,Ahmedabad,21269569,piyush.patel@zomato.com,north indian,pratiksha.kothari@zomato.com,1277,1942.864,1585,190.3521396673023
Sep-2026,Ahmedabad,21298657,piyush.patel@zomato.com,north indian,pratiksha.kothari@zomato.com,15838,14020.794,3605,2410.8992093261763
Sep-2026,Ahmedabad,21352528,piyush.patel@zomato.com,north indian,pratiksha.kothari@zomato.com,24068,13611.556,9916,2666.6026617543303
Sep-2026,Ahmedabad,21355762,piyush.patel@zomato.com,street food,pratiksha.kothari@zomato.com,43451,29941.48,-1793,-1737.9755729571475
Sep-2026,Ahmedabad,21357390,piyush.patel@zomato.com,south indian,pratiksha.kothari@zomato.com,5215,4406.052000000001,658,370.29310726788947
Sep-2026,Ahmedabad,21391911,piyush.patel@zomato.com,street food,pratiksha.kothari@zomato.com,20747,8247.516,3747,1459.0593328415027
Sep-2026,Ahmedabad,21744536,piyush.patel@zomato.com,burger,pratiksha.kothari@zomato.com,96325,32267.797999999995,40174,1228.759653130981
Sep-2026,Ahmedabad,22007332,piyush.patel@zomato.com,ice cream,pratiksha.kothari@zomato.com,17834,9057.024000000001,2407,1328.054419886608
Sep-2026,Ahmedabad,22023118,piyush.patel@zomato.com,international,pratiksha.kothari@zomato.com,307,3228.1440000000002,66,530.1729540999088
Sep-2026,Ahmedabad,22023144,piyush.patel@zomato.com,north indian,pratiksha.kothari@zomato.com,3658,0.0,661,0.0
Sep-2026,Ahmedabad,22127413,piyush.patel@zomato.com,street food,pratiksha.kothari@zomato.com,7835,5672.826,1881,915.3469083399721
Sep-2026,Ahmedabad,22134651,piyush.patel@zomato.com,"wraps, rolls and sandwiches",pratiksha.kothari@zomato.com,2442,625.188,1077,94.62129040084557
Sep-2026,Ahmedabad,22209773,piyush.patel@zomato.com,chinese,pratiksha.kothari@zomato.com,9293,1894.0420000000001,976,144.99997885606803
Sep-2026,Ahmedabad,22216691,piyush.patel@zomato.com,international,pratiksha.kothari@zomato.com,13070,7822.083999999999,2486,1603.6574956076988
Sep-2026,Ahmedabad,22267721,piyush.patel@zomato.com,cakes,pratiksha.kothari@zomato.com,38501,5406.222,12962,-451.2744442550715
Sep-2026,Ahmedabad,22320074,piyush.patel@zomato.com,street food,pratiksha.kothari@zomato.com,37627,9021.394,7506,2232.260765661936
Sep-2026,Ahmedabad,22613544,piyush.patel@zomato.com,international,pratiksha.kothari@zomato.com,2266,7399.656,511,2071.0482584081424
Sep-2026,Ahmedabad,22621773,piyush.patel@zomato.com,north indian,pratiksha.kothari@zomato.com,1793,9680.594,7,2166.3329823854615
Sep-2026,Ahmedabad,22643577,piyush.patel@zomato.com,na,pratiksha.kothari@zomato.com,5795,0.0,497,0.0
Sep-2026,Ahmedabad,22806887,piyush.patel@zomato.com,pizza,pratiksha.kothari@zomato.com,0,9277.126,0,1752.601599180645
Sep-2026,Ahmedabad,110371,rashi.nagori@zomato.com,chinese,pratiksha.kothari@zomato.com,42881,29199.308000000005,13129,8420.116452791815
Sep-2026,Ahmedabad,110761,rashi.nagori@zomato.com,north indian,pratiksha.kothari@zomato.com,62323,156239.382,29705,39839.67410303486
Sep-2026,Ahmedabad,110837,rashi.nagori@zomato.com,north indian,pratiksha.kothari@zomato.com,68975,42643.289000000004,29230,17015.337367231434
Sep-2026,Ahmedabad,111417,rashi.nagori@zomato.com,street food,pratiksha.kothari@zomato.com,36180,34079.418,8604,7101.4828168713075
Sep-2026,Ahmedabad,112335,rashi.nagori@zomato.com,"wraps, rolls and sandwiches",pratiksha.kothari@zomato.com,47011,53091.459,14152,13339.257628402203
Sep-2026,Ahmedabad,112421,rashi.nagori@zomato.com,desserts,pratiksha.kothari@zomato.com,276450,188597.44400000002,41433,32817.76733314916
Sep-2026,Ahmedabad,113162,rashi.nagori@zomato.com,north indian,pratiksha.kothari@zomato.com,33027,26355.082000000002,5605,4904.028286856481
Sep-2026,Ahmedabad,113167,rashi.nagori@zomato.com,south indian,pratiksha.kothari@zomato.com,137068,66402.082,37722,13671.905625254749
Sep-2026,Ahmedabad,113184,rashi.nagori@zomato.com,north indian,pratiksha.kothari@zomato.com,47024,21122.237999999998,15412,8248.346512342123
Sep-2026,Ahmedabad,113723,rashi.nagori@zomato.com,street food,pratiksha.kothari@zomato.com,13409,7633.844999999999,2833,1579.9996726595377
Sep-2026,Ahmedabad,113732,rashi.nagori@zomato.com,international,pratiksha.kothari@zomato.com,25114,25685.023999999998,951,4502.923831973871
Sep-2026,Ahmedabad,113881,rashi.nagori@zomato.com,regional,pratiksha.kothari@zomato.com,29111,48735.809,8122,16240.362360811105
Sep-2026,Ahmedabad,18161729,rashi.nagori@zomato.com,international,pratiksha.kothari@zomato.com,118440,125972.68599999999,15029,25281.646871225777
Sep-2026,Ahmedabad,18261010,rashi.nagori@zomato.com,street food,pratiksha.kothari@zomato.com,33705,24156.71,9127,7622.459996242101
Sep-2026,Ahmedabad,18568327,rashi.nagori@zomato.com,street food,pratiksha.kothari@zomato.com,369392,164489.104,103184,35233.63460852891
Sep-2026,Ahmedabad,18569442,rashi.nagori@zomato.com,north indian,pratiksha.kothari@zomato.com,83837,69318.799,24992,26659.142848801344
Sep-2026,Ahmedabad,18581555,rashi.nagori@zomato.com,street food,pratiksha.kothari@zomato.com,17614,21931.203999999994,5376,5364.420417102468
Sep-2026,Ahmedabad,18655200,rashi.nagori@zomato.com,international,pratiksha.kothari@zomato.com,59347,82168.824,13858,19573.55174356268
Sep-2026,Ahmedabad,18666854,rashi.nagori@zomato.com,street food,pratiksha.kothari@zomato.com,12192,24842.201999999997,2832,6169.500001284378
Sep-2026,Ahmedabad,18717370,rashi.nagori@zomato.com,beverages,pratiksha.kothari@zomato.com,8671,20777.803999999996,929,1940.2914342054905
Sep-2026,Ahmedabad,18772570,rashi.nagori@zomato.com,beverages,pratiksha.kothari@zomato.com,57303,64962.833,7033,12257.114572001983
Sep-2026,Ahmedabad,18813040,rashi.nagori@zomato.com,mithai,pratiksha.kothari@zomato.com,36381,44340.131,18470,18177.0979684084
Sep-2026,Ahmedabad,18929435,rashi.nagori@zomato.com,street food,pratiksha.kothari@zomato.com,89791,65041.011,31252,22997.86329122042
Sep-2026,Ahmedabad,18932915,rashi.nagori@zomato.com,international,pratiksha.kothari@zomato.com,44675,31664.014,12837,9903.027213528185
Sep-2026,Ahmedabad,18949700,rashi.nagori@zomato.com,beverages,pratiksha.kothari@zomato.com,81459,121077.37899999999,27716,37440.497061328875
Sep-2026,Ahmedabad,18954698,rashi.nagori@zomato.com,beverages,pratiksha.kothari@zomato.com,28399,45531.71,3217,8635.019442128594
Sep-2026,Ahmedabad,19068529,rashi.nagori@zomato.com,beverages,pratiksha.kothari@zomato.com,25451,68534.471,5536,18343.538382267667
Sep-2026,Ahmedabad,19078947,rashi.nagori@zomato.com,beverages,pratiksha.kothari@zomato.com,20955,32117.279,2490,9310.205108138733
Sep-2026,Ahmedabad,19155525,rashi.nagori@zomato.com,cakes,pratiksha.kothari@zomato.com,50345,19633.477999999996,17452,6378.716056045631
Sep-2026,Ahmedabad,19163655,rashi.nagori@zomato.com,north indian,pratiksha.kothari@zomato.com,44738,19973.514999999996,14890,8389.15324419503
Sep-2026,Ahmedabad,19168973,rashi.nagori@zomato.com,north indian,pratiksha.kothari@zomato.com,34435,78518.3,5890,23056.13197585693
Sep-2026,Ahmedabad,19206060,rashi.nagori@zomato.com,burger,pratiksha.kothari@zomato.com,39700,58935.406,13183,18723.187050953653
Sep-2026,Ahmedabad,19241585,rashi.nagori@zomato.com,beverages,pratiksha.kothari@zomato.com,31707,64885.848000000005,3582,12002.577196250011
Sep-2026,Ahmedabad,19305360,rashi.nagori@zomato.com,cakes,pratiksha.kothari@zomato.com,7131,3289.616,3329,1727.070132045288
Sep-2026,Ahmedabad,19314061,rashi.nagori@zomato.com,chinese,pratiksha.kothari@zomato.com,3556,4146.099,7056,1247.6056545939368
Sep-2026,Ahmedabad,19419970,rashi.nagori@zomato.com,north indian,pratiksha.kothari@zomato.com,5967,7210.295999999999,4368,3459.8837980619846
Sep-2026,Ahmedabad,19427861,rashi.nagori@zomato.com,south indian,pratiksha.kothari@zomato.com,132464,89270.93400000001,41612,19391.91555161817
Sep-2026,Ahmedabad,19430166,rashi.nagori@zomato.com,desserts,pratiksha.kothari@zomato.com,35213,19600.776,5378,2139.5524038959425
Sep-2026,Ahmedabad,19529163,rashi.nagori@zomato.com,north indian,pratiksha.kothari@zomato.com,186050,123706.18199999997,47970,29080.3189356097
Sep-2026,Ahmedabad,19640650,rashi.nagori@zomato.com,south indian,pratiksha.kothari@zomato.com,99165,76198.116,32661,24378.136192753504
Sep-2026,Ahmedabad,19702454,rashi.nagori@zomato.com,street food,pratiksha.kothari@zomato.com,30141,10723.804,4410,1561.5411273613463
Sep-2026,Ahmedabad,19720240,rashi.nagori@zomato.com,beverages,pratiksha.kothari@zomato.com,57218,80904.35300000003,16684,27562.087256595696
Sep-2026,Ahmedabad,19784190,rashi.nagori@zomato.com,north indian,pratiksha.kothari@zomato.com,29095,28541.568,4798,5187.415204252859
Sep-2026,Ahmedabad,19802260,rashi.nagori@zomato.com,south indian,pratiksha.kothari@zomato.com,21033,14704.474,3208,2561.5418973738592
Sep-2026,Ahmedabad,19815788,rashi.nagori@zomato.com,north indian,pratiksha.kothari@zomato.com,16137,21112.481999999996,2174,2297.446547521888
Sep-2026,Ahmedabad,19867488,rashi.nagori@zomato.com,north indian,pratiksha.kothari@zomato.com,397,2779.1719999999996,49,1621.5886072186213
Sep-2026,Ahmedabad,19869695,rashi.nagori@zomato.com,north indian,pratiksha.kothari@zomato.com,62452,59891.337,12385,12155.827349994925
Sep-2026,Ahmedabad,19943782,rashi.nagori@zomato.com,international,pratiksha.kothari@zomato.com,0,20300.361,0,3634.9590398139158
Sep-2026,Ahmedabad,19951653,rashi.nagori@zomato.com,desserts,pratiksha.kothari@zomato.com,132370,64920.842000000004,55174,24421.02353994412
Sep-2026,Ahmedabad,20054791,rashi.nagori@zomato.com,beverages,pratiksha.kothari@zomato.com,52130,0.0,8166,0.0
Sep-2026,Ahmedabad,20095039,rashi.nagori@zomato.com,international,pratiksha.kothari@zomato.com,25340,28899.778,4562,4564.213204565301
Sep-2026,Ahmedabad,20128702,rashi.nagori@zomato.com,street food,pratiksha.kothari@zomato.com,124883,63323.144,39829,13286.864499221847
Sep-2026,Ahmedabad,20139757,rashi.nagori@zomato.com,street food,pratiksha.kothari@zomato.com,19325,17633.168,4132,3759.827653675179
Sep-2026,Ahmedabad,20149888,rashi.nagori@zomato.com,north indian,pratiksha.kothari@zomato.com,60736,60714.11,21445,21923.35953376722
Sep-2026,Ahmedabad,20160187,rashi.nagori@zomato.com,north indian,pratiksha.kothari@zomato.com,39510,27286.182999999997,16045,10700.442832226963
Sep-2026,Ahmedabad,20190913,rashi.nagori@zomato.com,beverages,pratiksha.kothari@zomato.com,52758,126004.929,8935,30078.88673103843
Sep-2026,Ahmedabad,20223037,rashi.nagori@zomato.com,north indian,pratiksha.kothari@zomato.com,1680,0.0,907,0.0
Sep-2026,Ahmedabad,20241220,rashi.nagori@zomato.com,north indian,pratiksha.kothari@zomato.com,40795,70231.65199999999,12430,15911.715001316521
Sep-2026,Ahmedabad,20263069,rashi.nagori@zomato.com,international,pratiksha.kothari@zomato.com,57482,49040.069,15650,13755.70204124996
Sep-2026,Ahmedabad,20332989,rashi.nagori@zomato.com,na,pratiksha.kothari@zomato.com,23187,0.0,20190,0.0
Sep-2026,Ahmedabad,20333790,rashi.nagori@zomato.com,north indian,pratiksha.kothari@zomato.com,68546,49900.439000000006,18334,10236.198800916005
Sep-2026,Ahmedabad,20356065,rashi.nagori@zomato.com,burger,pratiksha.kothari@zomato.com,44172,42786.895,9102,9961.542371974521
Sep-2026,Ahmedabad,20404107,rashi.nagori@zomato.com,street food,pratiksha.kothari@zomato.com,73421,94382.383,23475,29144.519591399698
Sep-2026,Ahmedabad,20422577,rashi.nagori@zomato.com,north indian,pratiksha.kothari@zomato.com,18836,43262.454,1177,11626.630895823697
Sep-2026,Ahmedabad,20541502,rashi.nagori@zomato.com,north indian,pratiksha.kothari@zomato.com,133170,76886.254,37838,19989.88452710972
Sep-2026,Ahmedabad,20580856,rashi.nagori@zomato.com,burger,pratiksha.kothari@zomato.com,40298,43504.561,14148,13060.21940881666
Sep-2026,Ahmedabad,20581349,rashi.nagori@zomato.com,street food,pratiksha.kothari@zomato.com,30156,18764.682,11312,4772.605081425865
Sep-2026,Ahmedabad,20622742,rashi.nagori@zomato.com,beverages,pratiksha.kothari@zomato.com,42266,55689.629000000015,10274,12341.631191703354
Sep-2026,Ahmedabad,20644672,rashi.nagori@zomato.com,beverages,pratiksha.kothari@zomato.com,81411,22573.926000000003,22846,7066.56981161995
Sep-2026,Ahmedabad,20648031,rashi.nagori@zomato.com,international,pratiksha.kothari@zomato.com,42098,29427.046000000002,10230,7704.225182797057
Sep-2026,Ahmedabad,20674641,rashi.nagori@zomato.com,street food,pratiksha.kothari@zomato.com,34398,31416.628,11335,9617.032737025509
Sep-2026,Ahmedabad,20696102,rashi.nagori@zomato.com,south indian,pratiksha.kothari@zomato.com,30476,42154.098,7184,10380.175586319621
Sep-2026,Ahmedabad,20708561,rashi.nagori@zomato.com,desserts,pratiksha.kothari@zomato.com,153998,147788.194,25687,25767.71460871172
Sep-2026,Ahmedabad,20723382,rashi.nagori@zomato.com,street food,pratiksha.kothari@zomato.com,1057,8868.182,18,2246.8432548943597
Sep-2026,Ahmedabad,20725281,rashi.nagori@zomato.com,north indian,pratiksha.kothari@zomato.com,129170,132234.119,39134,43276.96887238587
Sep-2026,Ahmedabad,20760725,rashi.nagori@zomato.com,north indian,pratiksha.kothari@zomato.com,20201,15724.710000000003,4114,2658.7282007435288
Sep-2026,Ahmedabad,20801097,rashi.nagori@zomato.com,street food,pratiksha.kothari@zomato.com,0,3037.122,0,1204.7213206503045
Sep-2026,Ahmedabad,20801696,rashi.nagori@zomato.com,cakes,pratiksha.kothari@zomato.com,11510,7444.351,2759,1504.0667941964257
Sep-2026,Ahmedabad,20832636,rashi.nagori@zomato.com,south indian,pratiksha.kothari@zomato.com,41571,36286.77300000001,15277,13402.586813982707
Sep-2026,Ahmedabad,20833870,rashi.nagori@zomato.com,international,pratiksha.kothari@zomato.com,54200,82614.418,11730,30698.141420345033
Sep-2026,Ahmedabad,20871693,rashi.nagori@zomato.com,north indian,pratiksha.kothari@zomato.com,52754,13978.684000000001,19614,8471.978951193805
Sep-2026,Ahmedabad,20883698,rashi.nagori@zomato.com,street food,pratiksha.kothari@zomato.com,6944,7388.346999999999,1622,1792.9625683891363
Sep-2026,Ahmedabad,20907443,rashi.nagori@zomato.com,north indian,pratiksha.kothari@zomato.com,4876,7042.876,1051,1043.9732161239674
Sep-2026,Ahmedabad,20929151,rashi.nagori@zomato.com,pizza,pratiksha.kothari@zomato.com,0,21020.3,0,6506.519830961665
Sep-2026,Ahmedabad,20961190,rashi.nagori@zomato.com,north indian,pratiksha.kothari@zomato.com,41883,5878.384,8595,1233.8421415622545
Sep-2026,Ahmedabad,21003047,rashi.nagori@zomato.com,street food,pratiksha.kothari@zomato.com,73260,58735.37000000001,21848,16750.115360495744
Sep-2026,Ahmedabad,21011215,rashi.nagori@zomato.com,cakes,pratiksha.kothari@zomato.com,26077,3263.8950000000004,13923,3054.224057991366
Sep-2026,Ahmedabad,21024914,rashi.nagori@zomato.com,desserts,pratiksha.kothari@zomato.com,19401,97474.086,5249,35631.29673477201
Sep-2026,Ahmedabad,21065357,rashi.nagori@zomato.com,international,pratiksha.kothari@zomato.com,4765,32378.201999999997,1074,14326.106901421595
Sep-2026,Ahmedabad,21084436,rashi.nagori@zomato.com,burger,pratiksha.kothari@zomato.com,1370,2512.6549999999997,366,708.4592006452789
Sep-2026,Ahmedabad,21197374,rashi.nagori@zomato.com,beverages,pratiksha.kothari@zomato.com,42116,56614.772000000004,11866,9075.317953857713
Sep-2026,Ahmedabad,21241282,rashi.nagori@zomato.com,"wraps, rolls and sandwiches",pratiksha.kothari@zomato.com,77966,36371.439999999995,25577,8860.93479571866
Sep-2026,Ahmedabad,21250744,rashi.nagori@zomato.com,international,pratiksha.kothari@zomato.com,4821,65306.881,785,24612.74324432066
Sep-2026,Ahmedabad,21302920,rashi.nagori@zomato.com,na,pratiksha.kothari@zomato.com,1990,0.0,254,0.0
Sep-2026,Ahmedabad,21314436,rashi.nagori@zomato.com,international,pratiksha.kothari@zomato.com,35781,22707.499999999993,16573,7498.401444268262
Sep-2026,Ahmedabad,21318290,rashi.nagori@zomato.com,north indian,pratiksha.kothari@zomato.com,47073,13800.160000000002,15775,5354.546162579276
Sep-2026,Ahmedabad,21342696,rashi.nagori@zomato.com,na,pratiksha.kothari@zomato.com,19170,0.0,3187,0.0
Sep-2026,Ahmedabad,21344051,rashi.nagori@zomato.com,north indian,pratiksha.kothari@zomato.com,26992,154640.95799999998,7512,62838.53378305791
Sep-2026,Ahmedabad,21419231,rashi.nagori@zomato.com,street food,pratiksha.kothari@zomato.com,33245,29240.302999999993,7474,8428.291915722311
Sep-2026,Ahmedabad,21426075,rashi.nagori@zomato.com,north indian,pratiksha.kothari@zomato.com,0,1451.5819999999999,0,-45.344535544241374
Sep-2026,Ahmedabad,21550374,rashi.nagori@zomato.com,north indian,pratiksha.kothari@zomato.com,26911,46147.10600000001,7884,13014.661110863866
Sep-2026,Ahmedabad,21563279,rashi.nagori@zomato.com,street food,pratiksha.kothari@zomato.com,44159,36827.165,13126,9736.034782979688
Sep-2026,Ahmedabad,21600019,rashi.nagori@zomato.com,south indian,pratiksha.kothari@zomato.com,266614,257858.56700000004,55018,61785.470162393816
Sep-2026,Ahmedabad,21601867,rashi.nagori@zomato.com,cakes,pratiksha.kothari@zomato.com,36570,7758.6720000000005,13051,2165.30942913983
Sep-2026,Ahmedabad,21606796,rashi.nagori@zomato.com,north indian,pratiksha.kothari@zomato.com,108566,174378.32299999997,35752,46186.3273248084
Sep-2026,Ahmedabad,21607427,rashi.nagori@zomato.com,north indian,pratiksha.kothari@zomato.com,53604,37362.366,17877,14782.37952985861
Sep-2026,Ahmedabad,21675516,rashi.nagori@zomato.com,north indian,pratiksha.kothari@zomato.com,55895,32171.545000000002,15003,9645.142512632432
Sep-2026,Ahmedabad,21679492,rashi.nagori@zomato.com,north indian,pratiksha.kothari@zomato.com,167597,89962.622,35195,18847.105162216525
Sep-2026,Ahmedabad,21682954,rashi.nagori@zomato.com,north indian,pratiksha.kothari@zomato.com,58869,54573.114,8432,4848.228819480795
Sep-2026,Ahmedabad,21717638,rashi.nagori@zomato.com,chinese,pratiksha.kothari@zomato.com,9845,11910.158,4893,6241.837273913803
Sep-2026,Ahmedabad,21769097,rashi.nagori@zomato.com,pizza,pratiksha.kothari@zomato.com,40285,7412.9980000000005,13038,1768.990225262688
Sep-2026,Ahmedabad,21769732,rashi.nagori@zomato.com,north indian,pratiksha.kothari@zomato.com,91077,46011.996999999996,32832,17894.608989397813
Sep-2026,Ahmedabad,21770299,rashi.nagori@zomato.com,north indian,pratiksha.kothari@zomato.com,51612,37617.676,9007,8731.927732923112
Sep-2026,Ahmedabad,21802464,rashi.nagori@zomato.com,street food,pratiksha.kothari@zomato.com,86315,18599.004000000004,28220,6575.791583137413
Sep-2026,Ahmedabad,21819997,rashi.nagori@zomato.com,international,pratiksha.kothari@zomato.com,0,11331.904,0,1887.7686902125474
Sep-2026,Ahmedabad,21859912,rashi.nagori@zomato.com,north indian,pratiksha.kothari@zomato.com,59911,38923.311,18967,7018.433078584112
Sep-2026,Ahmedabad,21901317,rashi.nagori@zomato.com,north indian,pratiksha.kothari@zomato.com,54247,80656.975,14641,23294.48700245923
Sep-2026,Ahmedabad,21908078,rashi.nagori@zomato.com,north indian,pratiksha.kothari@zomato.com,26427,28318.692,3315,5575.948204655136
Sep-2026,Ahmedabad,21961225,rashi.nagori@zomato.com,international,pratiksha.kothari@zomato.com,38678,0.0,8582,0.0
Sep-2026,Ahmedabad,21965764,rashi.nagori@zomato.com,north indian,pratiksha.kothari@zomato.com,17556,3056.376,6936,1339.1487381570362
Sep-2026,Ahmedabad,21992447,rashi.nagori@zomato.com,north indian,pratiksha.kothari@zomato.com,110268,144621.368,30123,40657.89056439929
Sep-2026,Ahmedabad,22049431,rashi.nagori@zomato.com,beverages,pratiksha.kothari@zomato.com,104787,52874.18000000001,28823,16255.345304399292
Sep-2026,Ahmedabad,22059103,rashi.nagori@zomato.com,chinese,pratiksha.kothari@zomato.com,77618,52054.77799999999,20868,13762.742546626929
Sep-2026,Ahmedabad,22069087,rashi.nagori@zomato.com,chinese,pratiksha.kothari@zomato.com,53310,17063.381999999998,16178,6571.070711457669
Sep-2026,Ahmedabad,22073602,rashi.nagori@zomato.com,street food,pratiksha.kothari@zomato.com,47601,64875.151000000005,16497,23678.568394327867
Sep-2026,Ahmedabad,22073903,rashi.nagori@zomato.com,desserts,pratiksha.kothari@zomato.com,147201,310798.633,55998,139834.03785759636
Sep-2026,Ahmedabad,22139985,rashi.nagori@zomato.com,beverages,pratiksha.kothari@zomato.com,35234,81239.13100000001,5655,21150.54366292257
Sep-2026,Ahmedabad,22141400,rashi.nagori@zomato.com,north indian,pratiksha.kothari@zomato.com,42059,27437.371,12059,9378.636968214856
Sep-2026,Ahmedabad,22151012,rashi.nagori@zomato.com,street food,pratiksha.kothari@zomato.com,5798,1549.934,3440,732.8671312394818
Sep-2026,Ahmedabad,22212932,rashi.nagori@zomato.com,pizza,pratiksha.kothari@zomato.com,110498,42307.420999999995,50081,9647.27185024102
Sep-2026,Ahmedabad,22213971,rashi.nagori@zomato.com,"wraps, rolls and sandwiches",pratiksha.kothari@zomato.com,0,1138.2280000000003,0,-127.99247399832623
Sep-2026,Ahmedabad,22262916,rashi.nagori@zomato.com,north indian,pratiksha.kothari@zomato.com,177918,35820.49600000001,27903,23697.56299873123
Sep-2026,Ahmedabad,22267707,rashi.nagori@zomato.com,cakes,pratiksha.kothari@zomato.com,82185,62167.707,30543,20430.231515731783
Sep-2026,Ahmedabad,22289396,rashi.nagori@zomato.com,pizza,pratiksha.kothari@zomato.com,57448,255290.075,28436,126217.56070779511
Sep-2026,Ahmedabad,22293032,rashi.nagori@zomato.com,pizza,pratiksha.kothari@zomato.com,150047,86234.45700000001,55616,41795.796631338286
Sep-2026,Ahmedabad,22293097,rashi.nagori@zomato.com,pizza,pratiksha.kothari@zomato.com,118808,756.6380000000001,54191,188.50107169675954
Sep-2026,Ahmedabad,22321290,rashi.nagori@zomato.com,north indian,pratiksha.kothari@zomato.com,7826,715.702,767,101.04696094455056
Sep-2026,Ahmedabad,22323577,rashi.nagori@zomato.com,street food,pratiksha.kothari@zomato.com,1593,2451.922,218,-237.60845621562981
Sep-2026,Ahmedabad,22452807,rashi.nagori@zomato.com,north indian,pratiksha.kothari@zomato.com,11947,23081.52,2410,4938.148386661097
Sep-2026,Ahmedabad,22479896,rashi.nagori@zomato.com,north indian,pratiksha.kothari@zomato.com,76672,0.0,29007,0.0
Sep-2026,Ahmedabad,22550513,rashi.nagori@zomato.com,beverages,pratiksha.kothari@zomato.com,5135,23211.414,-289,5144.585637324278
Sep-2026,Ahmedabad,22561835,rashi.nagori@zomato.com,pizza,pratiksha.kothari@zomato.com,17365,980.5099999999998,14473,-4.488933630290717
Sep-2026,Ahmedabad,22590228,rashi.nagori@zomato.com,north indian,pratiksha.kothari@zomato.com,1803,495.52599999999995,2096,59.39919762231218
Sep-2026,Ahmedabad,22611200,rashi.nagori@zomato.com,international,pratiksha.kothari@zomato.com,2487,12775.086,905,3728.7703021769303
Sep-2026,Ahmedabad,22613604,rashi.nagori@zomato.com,"wraps, rolls and sandwiches",pratiksha.kothari@zomato.com,2085,2320.71,929,404.8531372354407
Sep-2026,Ahmedabad,22616674,rashi.nagori@zomato.com,"wraps, rolls and sandwiches",pratiksha.kothari@zomato.com,1614,0.0,148,0.0
Sep-2026,Ahmedabad,22632638,rashi.nagori@zomato.com,north indian,pratiksha.kothari@zomato.com,7012,245.608,-124,0.07305508982208582
Sep-2026,Ahmedabad,22652157,rashi.nagori@zomato.com,north indian,pratiksha.kothari@zomato.com,20391,23788.748,5424,8174.648501021799
Sep-2026,Ahmedabad,22702669,rashi.nagori@zomato.com,pizza,pratiksha.kothari@zomato.com,1668,40810.054000000004,2257,23473.502058965503
Sep-2026,Ahmedabad,22724270,rashi.nagori@zomato.com,pizza,pratiksha.kothari@zomato.com,0,43065.852000000006,0,20443.664628368722
Sep-2026,Ahmedabad,22738529,rashi.nagori@zomato.com,north indian,pratiksha.kothari@zomato.com,0,36828.668,0,12791.864472038895
Sep-2026,Ahmedabad,110127,reena.bohra@zomato.com,north indian,pratiksha.kothari@zomato.com,237615,220983.578,71311,58649.72071106738
Sep-2026,Ahmedabad,110224,reena.bohra@zomato.com,north indian,pratiksha.kothari@zomato.com,13839,6343.4439999999995,6613,5202.956656469139
Sep-2026,Ahmedabad,110306,reena.bohra@zomato.com,north indian,pratiksha.kothari@zomato.com,79518,2472.81,15863,1181.3018153129458
Sep-2026,Ahmedabad,110330,reena.bohra@zomato.com,north indian,pratiksha.kothari@zomato.com,118940,135340.32800000004,45980,54780.2340699585
Sep-2026,Ahmedabad,111312,reena.bohra@zomato.com,north indian,pratiksha.kothari@zomato.com,28947,38643.29,7572,5585.015017029411
Sep-2026,Ahmedabad,111673,reena.bohra@zomato.com,street food,pratiksha.kothari@zomato.com,136681,145766.463,37848,41488.79436796541
Sep-2026,Ahmedabad,111714,reena.bohra@zomato.com,street food,pratiksha.kothari@zomato.com,150553,99399.67300000001,46826,22314.18278834831
Sep-2026,Ahmedabad,111886,reena.bohra@zomato.com,street food,pratiksha.kothari@zomato.com,64339,64558.007999999994,23041,22031.374046024564
Sep-2026,Ahmedabad,112159,reena.bohra@zomato.com,street food,pratiksha.kothari@zomato.com,70469,56614.636,16970,15565.818979646581
Sep-2026,Ahmedabad,112168,reena.bohra@zomato.com,north indian,pratiksha.kothari@zomato.com,47013,38826.742,10867,9202.709683926081
Sep-2026,Ahmedabad,112536,reena.bohra@zomato.com,burger,pratiksha.kothari@zomato.com,90735,86067.55,28864,27939.648868188277
Sep-2026,Ahmedabad,113216,reena.bohra@zomato.com,"wraps, rolls and sandwiches",pratiksha.kothari@zomato.com,87296,263838.442,26159,97470.8919387889
Sep-2026,Ahmedabad,113233,reena.bohra@zomato.com,"wraps, rolls and sandwiches",pratiksha.kothari@zomato.com,55266,29824.385000000002,17861,8242.136270002176
Sep-2026,Ahmedabad,18173205,reena.bohra@zomato.com,street food,pratiksha.kothari@zomato.com,4861,7111.478999999999,449,-794.548098963603
Sep-2026,Ahmedabad,18260992,reena.bohra@zomato.com,north indian,pratiksha.kothari@zomato.com,129,57031.312,129,14057.2169768132
Sep-2026,Ahmedabad,18287742,reena.bohra@zomato.com,"wraps, rolls and sandwiches",pratiksha.kothari@zomato.com,158673,187185.419,36437,43351.87515611669
Sep-2026,Ahmedabad,18371342,reena.bohra@zomato.com,north indian,pratiksha.kothari@zomato.com,42875,18346.842,14957,4364.748434201069
Sep-2026,Ahmedabad,18438949,reena.bohra@zomato.com,ice cream,pratiksha.kothari@zomato.com,5653,0.0,1429,0.0
Sep-2026,Ahmedabad,18462708,reena.bohra@zomato.com,north indian,pratiksha.kothari@zomato.com,39977,34025.670999999995,10221,8079.426432442292
Sep-2026,Ahmedabad,18522410,reena.bohra@zomato.com,ice cream,pratiksha.kothari@zomato.com,212575,154527.563,72640,56401.00604439518
Sep-2026,Ahmedabad,18538945,reena.bohra@zomato.com,"wraps, rolls and sandwiches",pratiksha.kothari@zomato.com,97108,240439.892,34131,89118.80913555445
Sep-2026,Ahmedabad,18650031,reena.bohra@zomato.com,na,pratiksha.kothari@zomato.com,115114,0.0,49714,0.0
Sep-2026,Ahmedabad,18679862,reena.bohra@zomato.com,street food,pratiksha.kothari@zomato.com,58680,93004.961,19190,17551.118466450826
Sep-2026,Ahmedabad,18690080,reena.bohra@zomato.com,street food,pratiksha.kothari@zomato.com,222418,215618.35,52705,64692.49450243087
Sep-2026,Ahmedabad,18821836,reena.bohra@zomato.com,burger,pratiksha.kothari@zomato.com,25869,48856.322,5857,10954.126216294695
Sep-2026,Ahmedabad,18922183,reena.bohra@zomato.com,north indian,pratiksha.kothari@zomato.com,47215,0.0,8896,0.0
Sep-2026,Ahmedabad,18932908,reena.bohra@zomato.com,south indian,pratiksha.kothari@zomato.com,22106,11957.3,3819,2487.213951702435
Sep-2026,Ahmedabad,18932937,reena.bohra@zomato.com,street food,pratiksha.kothari@zomato.com,15758,28582.544,3689,5206.939576456934
Sep-2026,Ahmedabad,18935467,reena.bohra@zomato.com,north indian,pratiksha.kothari@zomato.com,38397,15655.460000000003,14955,4249.483657601641
Sep-2026,Ahmedabad,18987513,reena.bohra@zomato.com,beverages,pratiksha.kothari@zomato.com,91733,57318.508,15037,11287.945780013746
Sep-2026,Ahmedabad,19012889,reena.bohra@zomato.com,street food,pratiksha.kothari@zomato.com,34426,87407.20899999999,7859,26417.581600398367
Sep-2026,Ahmedabad,19042437,reena.bohra@zomato.com,north indian,pratiksha.kothari@zomato.com,56099,30359.624,15490,7657.318622635019
Sep-2026,Ahmedabad,19119429,reena.bohra@zomato.com,street food,pratiksha.kothari@zomato.com,65025,79473.56700000002,13711,23206.236920170846
Sep-2026,Ahmedabad,19183837,reena.bohra@zomato.com,north indian,pratiksha.kothari@zomato.com,1428,1297.4620000000002,232,-107.46966704198908
Sep-2026,Ahmedabad,19205992,reena.bohra@zomato.com,street food,pratiksha.kothari@zomato.com,43250,25778.324999999997,16176,10496.507505478856
Sep-2026,Ahmedabad,19218521,reena.bohra@zomato.com,north indian,pratiksha.kothari@zomato.com,48282,24665.362,20238,8557.904263296083
Sep-2026,Ahmedabad,19287337,reena.bohra@zomato.com,north indian,pratiksha.kothari@zomato.com,134528,102206.39199999999,30451,12749.573966531407
Sep-2026,Ahmedabad,19338454,reena.bohra@zomato.com,pizza,pratiksha.kothari@zomato.com,129249,135165.232,32382,40074.15091403686
Sep-2026,Ahmedabad,19351320,reena.bohra@zomato.com,north indian,pratiksha.kothari@zomato.com,24785,41110.51000000001,12296,16444.35370269179
Sep-2026,Ahmedabad,19434609,reena.bohra@zomato.com,na,pratiksha.kothari@zomato.com,8566,0.0,1996,0.0
Sep-2026,Ahmedabad,19536572,reena.bohra@zomato.com,chinese,pratiksha.kothari@zomato.com,27167,91322.13599999998,7689,19649.776731871887
Sep-2026,Ahmedabad,19589762,reena.bohra@zomato.com,north indian,pratiksha.kothari@zomato.com,18191,31173.712000000003,4511,7672.74977369923
Sep-2026,Ahmedabad,19642530,reena.bohra@zomato.com,north indian,pratiksha.kothari@zomato.com,300,585.1940000000002,59,-28.51389443633784
Sep-2026,Ahmedabad,19712212,reena.bohra@zomato.com,burger,pratiksha.kothari@zomato.com,154825,231850.35000000003,32034,60248.68026327421
Sep-2026,Ahmedabad,19720539,reena.bohra@zomato.com,south indian,pratiksha.kothari@zomato.com,361,20368.108000000004,61,3654.0958384538458
Sep-2026,Ahmedabad,19749485,reena.bohra@zomato.com,street food,pratiksha.kothari@zomato.com,81425,67890.50200000001,14159,13579.480275716796
Sep-2026,Ahmedabad,19794650,reena.bohra@zomato.com,street food,pratiksha.kothari@zomato.com,18812,15393.382,3809,3496.5013967598807
Sep-2026,Ahmedabad,19817615,reena.bohra@zomato.com,north indian,pratiksha.kothari@zomato.com,47409,41517.832,15183,10085.54188063745
Sep-2026,Ahmedabad,19826980,reena.bohra@zomato.com,street food,pratiksha.kothari@zomato.com,45676,50130.384000000005,15293,14276.969163196149
Sep-2026,Ahmedabad,19831401,reena.bohra@zomato.com,street food,pratiksha.kothari@zomato.com,83939,60272.882,22316,20657.15437155153
Sep-2026,Ahmedabad,19888653,reena.bohra@zomato.com,beverages,pratiksha.kothari@zomato.com,116913,156102.283,40284,55695.75233153224
Sep-2026,Ahmedabad,19914661,reena.bohra@zomato.com,mithai,pratiksha.kothari@zomato.com,8376,7455.516,2788,1118.259990574059
Sep-2026,Ahmedabad,20065440,reena.bohra@zomato.com,north indian,pratiksha.kothari@zomato.com,115660,126708.95900000002,27453,25632.75201494239
Sep-2026,Ahmedabad,20239428,reena.bohra@zomato.com,mithai,pratiksha.kothari@zomato.com,72344,65050.464,18148,15918.697354693926
Sep-2026,Ahmedabad,20245563,reena.bohra@zomato.com,na,pratiksha.kothari@zomato.com,41822,0.0,16223,0.0
Sep-2026,Ahmedabad,20298209,reena.bohra@zomato.com,desserts,pratiksha.kothari@zomato.com,76228,51091.528,29800,29302.226802372923
Sep-2026,Ahmedabad,20307374,reena.bohra@zomato.com,north indian,pratiksha.kothari@zomato.com,11765,2585.998,3082,296.63338649470484
Sep-2026,Ahmedabad,20326160,reena.bohra@zomato.com,street food,pratiksha.kothari@zomato.com,28821,43692.68200000001,11761,12663.712638092953
Sep-2026,Ahmedabad,20347723,reena.bohra@zomato.com,south indian,pratiksha.kothari@zomato.com,63699,92503.84000000001,15690,24403.15243283603
Sep-2026,Ahmedabad,20376277,reena.bohra@zomato.com,beverages,pratiksha.kothari@zomato.com,11799,11819.328,1642,2155.583928671724
Sep-2026,Ahmedabad,20403563,reena.bohra@zomato.com,north indian,pratiksha.kothari@zomato.com,23802,30981.443999999992,5342,7443.840671664538
Sep-2026,Ahmedabad,20416081,reena.bohra@zomato.com,street food,pratiksha.kothari@zomato.com,1339,0.0,696,0.0
Sep-2026,Ahmedabad,20464629,reena.bohra@zomato.com,north indian,pratiksha.kothari@zomato.com,17152,26272.647999999997,6970,8740.84921736607
Sep-2026,Ahmedabad,20467488,reena.bohra@zomato.com,north indian,pratiksha.kothari@zomato.com,53219,65810.193,7930,12984.524439268313
Sep-2026,Ahmedabad,20526756,reena.bohra@zomato.com,mithai,pratiksha.kothari@zomato.com,34462,81518.87000000002,14647,21505.03991359424
Sep-2026,Ahmedabad,20588449,reena.bohra@zomato.com,burger,pratiksha.kothari@zomato.com,152936,178770.984,58123,50346.739726947584
Sep-2026,Ahmedabad,20629010,reena.bohra@zomato.com,na,pratiksha.kothari@zomato.com,11203,0.0,2472,0.0
Sep-2026,Ahmedabad,20657109,reena.bohra@zomato.com,north indian,pratiksha.kothari@zomato.com,66257,157715.68999999997,24714,60555.7288733902
Sep-2026,Ahmedabad,20667888,reena.bohra@zomato.com,street food,pratiksha.kothari@zomato.com,80804,7876.620000000001,33559,4644.515777345653
Sep-2026,Ahmedabad,20675778,reena.bohra@zomato.com,desserts,pratiksha.kothari@zomato.com,158055,224699.788,41827,90440.07217062624
Sep-2026,Ahmedabad,20695868,reena.bohra@zomato.com,street food,pratiksha.kothari@zomato.com,159718,49920.82000000001,43981,9176.068913082352
Sep-2026,Ahmedabad,20724464,reena.bohra@zomato.com,north indian,pratiksha.kothari@zomato.com,0,23965.575,0,6365.023499980506
Sep-2026,Ahmedabad,20737036,reena.bohra@zomato.com,street food,pratiksha.kothari@zomato.com,13373,2873.636,7494,1489.1195564416473
Sep-2026,Ahmedabad,20793803,reena.bohra@zomato.com,na,pratiksha.kothari@zomato.com,179595,0.0,59430,0.0
Sep-2026,Ahmedabad,20802671,reena.bohra@zomato.com,desserts,pratiksha.kothari@zomato.com,15645,1768.155,10661,3077.794595188722
Sep-2026,Ahmedabad,20824606,reena.bohra@zomato.com,north indian,pratiksha.kothari@zomato.com,78190,19587.124000000003,26207,10678.164178168006
Sep-2026,Ahmedabad,20838612,reena.bohra@zomato.com,chinese,pratiksha.kothari@zomato.com,46181,56865.369999999995,14278,19379.79475659459
Sep-2026,Ahmedabad,20841840,reena.bohra@zomato.com,street food,pratiksha.kothari@zomato.com,30543,19086.194,11324,7062.100540878623
Sep-2026,Ahmedabad,20859048,reena.bohra@zomato.com,street food,pratiksha.kothari@zomato.com,57252,103464.77999999998,21463,37776.85171467541
Sep-2026,Ahmedabad,20867898,reena.bohra@zomato.com,north indian,pratiksha.kothari@zomato.com,0,31884.06400000001,0,11917.849506849852
Sep-2026,Ahmedabad,20870539,reena.bohra@zomato.com,desserts,pratiksha.kothari@zomato.com,24029,21000.538,9396,7283.628437134118
Sep-2026,Ahmedabad,20931630,reena.bohra@zomato.com,na,pratiksha.kothari@zomato.com,103788,0.0,34519,0.0
Sep-2026,Ahmedabad,20987187,reena.bohra@zomato.com,north indian,pratiksha.kothari@zomato.com,26240,23955.516,6951,6439.784701077032
Sep-2026,Ahmedabad,21012170,reena.bohra@zomato.com,street food,pratiksha.kothari@zomato.com,27505,15686.716,8597,2826.495210055307
Sep-2026,Ahmedabad,21021223,reena.bohra@zomato.com,burger,pratiksha.kothari@zomato.com,35817,48051.05499999999,8595,9625.559550247754
Sep-2026,Ahmedabad,21027124,reena.bohra@zomato.com,north indian,pratiksha.kothari@zomato.com,70727,0.0,31497,0.0
Sep-2026,Ahmedabad,21043069,reena.bohra@zomato.com,street food,pratiksha.kothari@zomato.com,39486,103450.91900000001,7525,33826.61194483023
Sep-2026,Ahmedabad,21067634,reena.bohra@zomato.com,beverages,pratiksha.kothari@zomato.com,23747,30139.592999999993,5086,7522.036126793231
Sep-2026,Ahmedabad,21068085,reena.bohra@zomato.com,north indian,pratiksha.kothari@zomato.com,702,187.998,71,0.083659298083114
Sep-2026,Ahmedabad,21166702,reena.bohra@zomato.com,street food,pratiksha.kothari@zomato.com,21107,166845.40699999998,12613,47303.69365642804
Sep-2026,Ahmedabad,21169937,reena.bohra@zomato.com,beverages,pratiksha.kothari@zomato.com,123963,100418.65,22036,18620.118332845726
Sep-2026,Ahmedabad,21187188,reena.bohra@zomato.com,street food,pratiksha.kothari@zomato.com,36644,28771.211000000003,6934,6611.362425889015
Sep-2026,Ahmedabad,21198793,reena.bohra@zomato.com,street food,pratiksha.kothari@zomato.com,90095,141704.68499999997,28943,49207.3534803591
Sep-2026,Ahmedabad,21241625,reena.bohra@zomato.com,"wraps, rolls and sandwiches",pratiksha.kothari@zomato.com,2223,677.2399999999999,619,149.73960189031172
Sep-2026,Ahmedabad,21246552,reena.bohra@zomato.com,desserts,pratiksha.kothari@zomato.com,2500,10427.066,529,3393.0885795470263
Sep-2026,Ahmedabad,21284939,reena.bohra@zomato.com,north indian,pratiksha.kothari@zomato.com,182979,145894.07399999996,52784,44314.3495801911
Sep-2026,Ahmedabad,21295120,reena.bohra@zomato.com,north indian,pratiksha.kothari@zomato.com,27278,5639.138,7442,837.7820228917288
Sep-2026,Ahmedabad,21343096,reena.bohra@zomato.com,"wraps, rolls and sandwiches",pratiksha.kothari@zomato.com,6468,10921.03,1118,1464.250942015801
Sep-2026,Ahmedabad,21347152,reena.bohra@zomato.com,north indian,pratiksha.kothari@zomato.com,35871,21881.391,10956,5848.160103331156
Sep-2026,Ahmedabad,21352368,reena.bohra@zomato.com,chinese,pratiksha.kothari@zomato.com,120972,70624.778,39157,32336.793580225934
Sep-2026,Ahmedabad,21368302,reena.bohra@zomato.com,na,pratiksha.kothari@zomato.com,33521,0.0,6321,0.0
Sep-2026,Ahmedabad,21390274,reena.bohra@zomato.com,beverages,pratiksha.kothari@zomato.com,9238,0.0,1316,0.0
Sep-2026,Ahmedabad,21438241,reena.bohra@zomato.com,international,pratiksha.kothari@zomato.com,23989,27158.968,10970,10459.327980600921
Sep-2026,Ahmedabad,21439405,reena.bohra@zomato.com,north indian,pratiksha.kothari@zomato.com,4723,19187.766,1354,8799.965723451061
Sep-2026,Ahmedabad,21506206,reena.bohra@zomato.com,na,pratiksha.kothari@zomato.com,25616,0.0,3721,0.0
Sep-2026,Ahmedabad,21553134,reena.bohra@zomato.com,na,pratiksha.kothari@zomato.com,90613,0.0,32819,0.0
Sep-2026,Ahmedabad,21584590,reena.bohra@zomato.com,burger,pratiksha.kothari@zomato.com,12251,5543.394,2528,47.5754728234883
Sep-2026,Ahmedabad,21586748,reena.bohra@zomato.com,ice cream,pratiksha.kothari@zomato.com,64854,44872.69400000001,17039,15196.680004741878
Sep-2026,Ahmedabad,21590226,reena.bohra@zomato.com,"wraps, rolls and sandwiches",pratiksha.kothari@zomato.com,5105,9829.442,2133,1512.8089707175727
Sep-2026,Ahmedabad,21600670,reena.bohra@zomato.com,street food,pratiksha.kothari@zomato.com,50865,93261.756,13263,16202.039623551493
Sep-2026,Ahmedabad,21601314,reena.bohra@zomato.com,street food,pratiksha.kothari@zomato.com,21500,22234.712,4518,5196.110526254427
Sep-2026,Ahmedabad,21607485,reena.bohra@zomato.com,north indian,pratiksha.kothari@zomato.com,87549,19665.826,19265,5141.76813733748
Sep-2026,Ahmedabad,21614547,reena.bohra@zomato.com,north indian,pratiksha.kothari@zomato.com,290,23671.226000000002,51,3168.354637810597
Sep-2026,Ahmedabad,21616447,reena.bohra@zomato.com,"wraps, rolls and sandwiches",pratiksha.kothari@zomato.com,1852,6721.9400000000005,190,1345.994484571706
Sep-2026,Ahmedabad,21627378,reena.bohra@zomato.com,street food,pratiksha.kothari@zomato.com,1271,735.146,241,-11.026637422441183
Sep-2026,Ahmedabad,21642975,reena.bohra@zomato.com,desserts,pratiksha.kothari@zomato.com,1550,11128.328,267,3420.5589499349735
Sep-2026,Ahmedabad,21653602,reena.bohra@zomato.com,street food,pratiksha.kothari@zomato.com,19568,30808.962000000003,3472,6376.420818257502
Sep-2026,Ahmedabad,21678832,reena.bohra@zomato.com,na,pratiksha.kothari@zomato.com,498,0.0,32,0.0
Sep-2026,Ahmedabad,21698976,reena.bohra@zomato.com,street food,pratiksha.kothari@zomato.com,9269,17380.994,1531,8719.265539846663
Sep-2026,Ahmedabad,21731407,reena.bohra@zomato.com,street food,pratiksha.kothari@zomato.com,16704,17695.740999999998,3573,5073.98214037981
Sep-2026,Ahmedabad,21764244,reena.bohra@zomato.com,street food,pratiksha.kothari@zomato.com,25346,42618.331000000006,10246,12794.064922642172
Sep-2026,Ahmedabad,21825683,reena.bohra@zomato.com,street food,pratiksha.kothari@zomato.com,70198,64821.704999999994,17946,9186.083593811181
Sep-2026,Ahmedabad,21890382,reena.bohra@zomato.com,street food,pratiksha.kothari@zomato.com,78794,41569.847,30055,18706.273448247975
Sep-2026,Ahmedabad,21905923,reena.bohra@zomato.com,desserts,pratiksha.kothari@zomato.com,913568,526359.781,263738,146833.81547747683
Sep-2026,Ahmedabad,21917223,reena.bohra@zomato.com,street food,pratiksha.kothari@zomato.com,88947,41678.496,30677,15445.033022011597
Sep-2026,Ahmedabad,21973957,reena.bohra@zomato.com,north indian,pratiksha.kothari@zomato.com,15417,28356.222999999998,2999,8023.620806649649
Sep-2026,Ahmedabad,21981970,reena.bohra@zomato.com,north indian,pratiksha.kothari@zomato.com,0,2018.118,0,801.4635507627484
Sep-2026,Ahmedabad,21984969,reena.bohra@zomato.com,beverages,pratiksha.kothari@zomato.com,89352,79893.45700000001,28266,18330.081935289887
Sep-2026,Ahmedabad,22006868,reena.bohra@zomato.com,north indian,pratiksha.kothari@zomato.com,523,1674.5119999999997,107,210.92827778581182
Sep-2026,Ahmedabad,22006894,reena.bohra@zomato.com,north indian,pratiksha.kothari@zomato.com,26380,13814.563999999998,5330,731.5324181215653
Sep-2026,Ahmedabad,22009702,reena.bohra@zomato.com,"wraps, rolls and sandwiches",pratiksha.kothari@zomato.com,4876,66436.51599999999,1322,20062.041863457227
Sep-2026,Ahmedabad,22028509,reena.bohra@zomato.com,north indian,pratiksha.kothari@zomato.com,65713,19437.208,20888,3554.201141043404
Sep-2026,Ahmedabad,22032928,reena.bohra@zomato.com,north indian,pratiksha.kothari@zomato.com,41214,0.0,18320,0.0
Sep-2026,Ahmedabad,22039587,reena.bohra@zomato.com,north indian,pratiksha.kothari@zomato.com,27518,49396.011,5011,18229.099157371602
Sep-2026,Ahmedabad,22063433,reena.bohra@zomato.com,beverages,pratiksha.kothari@zomato.com,16786,0.0,10317,0.0
Sep-2026,Ahmedabad,22073890,reena.bohra@zomato.com,north indian,pratiksha.kothari@zomato.com,73648,77924.65399999998,21211,17880.39052404489
Sep-2026,Ahmedabad,22077569,reena.bohra@zomato.com,north indian,pratiksha.kothari@zomato.com,139594,268364.7729999999,59717,69158.29501614056
Sep-2026,Ahmedabad,22086737,reena.bohra@zomato.com,north indian,pratiksha.kothari@zomato.com,15478,7057.434000000001,3375,993.8488042973012
Sep-2026,Ahmedabad,22121949,reena.bohra@zomato.com,north indian,pratiksha.kothari@zomato.com,45589,13927.872000000001,12938,2703.652475627641
Sep-2026,Ahmedabad,22124653,reena.bohra@zomato.com,north indian,pratiksha.kothari@zomato.com,3595,417.534,483,90.00985226763493
Sep-2026,Ahmedabad,22158003,reena.bohra@zomato.com,"wraps, rolls and sandwiches",pratiksha.kothari@zomato.com,12194,66674.41,2840,36093.755014705755
Sep-2026,Ahmedabad,22162207,reena.bohra@zomato.com,street food,pratiksha.kothari@zomato.com,4748,9158.594000000001,1091,8192.156887781304
Sep-2026,Ahmedabad,22176539,reena.bohra@zomato.com,street food,pratiksha.kothari@zomato.com,42546,71739.86600000001,7778,17810.37838788595
Sep-2026,Ahmedabad,22176663,reena.bohra@zomato.com,beverages,pratiksha.kothari@zomato.com,23636,36611.28,9184,13049.432304344613
Sep-2026,Ahmedabad,22178195,reena.bohra@zomato.com,"wraps, rolls and sandwiches",pratiksha.kothari@zomato.com,59875,15898.714,12932,2807.827231886675
Sep-2026,Ahmedabad,22201367,reena.bohra@zomato.com,street food,pratiksha.kothari@zomato.com,110301,129496.803,38473,39206.493486478605
Sep-2026,Ahmedabad,22215515,reena.bohra@zomato.com,street food,pratiksha.kothari@zomato.com,3778,5828.601999999999,2256,3429.2421868248725
Sep-2026,Ahmedabad,22230463,reena.bohra@zomato.com,street food,pratiksha.kothari@zomato.com,21658,23874.893999999997,3059,7876.420334899207
Sep-2026,Ahmedabad,22232838,reena.bohra@zomato.com,north indian,pratiksha.kothari@zomato.com,120660,239032.056,42591,98548.80441927545
Sep-2026,Ahmedabad,22247301,reena.bohra@zomato.com,na,pratiksha.kothari@zomato.com,4600,0.0,833,0.0
Sep-2026,Ahmedabad,22260450,reena.bohra@zomato.com,na,pratiksha.kothari@zomato.com,4871,0.0,1343,0.0
Sep-2026,Ahmedabad,22266064,reena.bohra@zomato.com,south indian,pratiksha.kothari@zomato.com,52986,44721.27199999999,8426,5122.111727356858
Sep-2026,Ahmedabad,22286511,reena.bohra@zomato.com,beverages,pratiksha.kothari@zomato.com,41381,12903.636,16897,1770.3574644615337
Sep-2026,Ahmedabad,22305348,reena.bohra@zomato.com,international,pratiksha.kothari@zomato.com,23462,0.0,9970,0.0
Sep-2026,Ahmedabad,22339115,reena.bohra@zomato.com,international,pratiksha.kothari@zomato.com,8205,4773.8460000000005,3391,1476.4249414061014
Sep-2026,Ahmedabad,22344321,reena.bohra@zomato.com,north indian,pratiksha.kothari@zomato.com,43198,6937.97,14801,1006.9586377306285
Sep-2026,Ahmedabad,22348509,reena.bohra@zomato.com,international,pratiksha.kothari@zomato.com,5187,8710.182,1198,2070.084750612818
Sep-2026,Ahmedabad,22350572,reena.bohra@zomato.com,street food,pratiksha.kothari@zomato.com,100222,16638.266000000003,24095,5156.687177111829
Sep-2026,Ahmedabad,22351306,reena.bohra@zomato.com,north indian,pratiksha.kothari@zomato.com,540,552.114,87,-85.86315192086185
Sep-2026,Ahmedabad,22375471,reena.bohra@zomato.com,street food,pratiksha.kothari@zomato.com,17382,79201.16799999999,8325,22890.657288449976
Sep-2026,Ahmedabad,22376348,reena.bohra@zomato.com,north indian,pratiksha.kothari@zomato.com,126229,0.0,36359,0.0
Sep-2026,Ahmedabad,22393622,reena.bohra@zomato.com,north indian,pratiksha.kothari@zomato.com,175200,36392.689999999995,47238,12992.120172367857
Sep-2026,Ahmedabad,22396110,reena.bohra@zomato.com,street food,pratiksha.kothari@zomato.com,23364,5200.588,9012,966.8608833670892
Sep-2026,Ahmedabad,22398892,reena.bohra@zomato.com,north indian,pratiksha.kothari@zomato.com,22166,0.0,17278,0.0
Sep-2026,Ahmedabad,22451387,reena.bohra@zomato.com,street food,pratiksha.kothari@zomato.com,81680,56463.047999999995,26901,21048.79567136099
Sep-2026,Ahmedabad,22452609,reena.bohra@zomato.com,street food,pratiksha.kothari@zomato.com,0,6979.481999999999,0,1429.8558608782691
Sep-2026,Ahmedabad,22463972,reena.bohra@zomato.com,beverages,pratiksha.kothari@zomato.com,19207,7026.974,7648,1487.1795609784965
Sep-2026,Ahmedabad,22478019,reena.bohra@zomato.com,international,pratiksha.kothari@zomato.com,45718,75446.51,16411,22330.757507025428
Sep-2026,Ahmedabad,22490742,reena.bohra@zomato.com,"wraps, rolls and sandwiches",pratiksha.kothari@zomato.com,0,7335.856000000002,0,2400.79453171797
Sep-2026,Ahmedabad,22496978,reena.bohra@zomato.com,north indian,pratiksha.kothari@zomato.com,69991,0.0,24505,0.0
Sep-2026,Ahmedabad,22503961,reena.bohra@zomato.com,na,pratiksha.kothari@zomato.com,6594,0.0,1483,0.0
Sep-2026,Ahmedabad,22508474,reena.bohra@zomato.com,na,pratiksha.kothari@zomato.com,1265,0.0,1122,0.0
Sep-2026,Ahmedabad,22517727,reena.bohra@zomato.com,international,pratiksha.kothari@zomato.com,20042,3778.496,4575,866.6306159159826
Sep-2026,Ahmedabad,22526219,reena.bohra@zomato.com,north indian,pratiksha.kothari@zomato.com,157439,16790.212,67459,2946.1414191401145
Sep-2026,Ahmedabad,22527108,reena.bohra@zomato.com,beverages,pratiksha.kothari@zomato.com,11302,23754.915000000005,2376,2641.207651694054
Sep-2026,Ahmedabad,22532678,reena.bohra@zomato.com,north indian,pratiksha.kothari@zomato.com,1398,33044.757999999994,137,14033.382513993303
Sep-2026,Ahmedabad,22537561,reena.bohra@zomato.com,biryani,pratiksha.kothari@zomato.com,113565,18983.326999999997,37870,6784.787381288069
Sep-2026,Ahmedabad,22537723,reena.bohra@zomato.com,cakes,pratiksha.kothari@zomato.com,18545,3646.308,7102,656.1661421628005
Sep-2026,Ahmedabad,22541555,reena.bohra@zomato.com,international,pratiksha.kothari@zomato.com,2893,1887.1299999999999,757,521.7625026423902
Sep-2026,Ahmedabad,22576622,reena.bohra@zomato.com,street food,pratiksha.kothari@zomato.com,56014,25808.170000000002,18005,12122.707625841249
Sep-2026,Ahmedabad,22585574,reena.bohra@zomato.com,north indian,pratiksha.kothari@zomato.com,4862,353.582,2330,67.90662249819005
Sep-2026,Ahmedabad,22585575,reena.bohra@zomato.com,north indian,pratiksha.kothari@zomato.com,1486,0.0,23,0.0
Sep-2026,Ahmedabad,22606279,reena.bohra@zomato.com,na,pratiksha.kothari@zomato.com,45959,0.0,15757,0.0
Sep-2026,Ahmedabad,22626092,reena.bohra@zomato.com,north indian,pratiksha.kothari@zomato.com,185,7078.846,0,1180.5939596817655
Sep-2026,Ahmedabad,22632119,reena.bohra@zomato.com,mithai,pratiksha.kothari@zomato.com,2877,16152.413,234,5513.1766572093875
Sep-2026,Ahmedabad,22645672,reena.bohra@zomato.com,desserts,pratiksha.kothari@zomato.com,3293,13578.841999999999,2430,5777.976912646154
Sep-2026,Ahmedabad,22656719,reena.bohra@zomato.com,north indian,pratiksha.kothari@zomato.com,22317,18880.032,2336,2897.3936231749635
Sep-2026,Ahmedabad,22660637,reena.bohra@zomato.com,cakes,pratiksha.kothari@zomato.com,6257,3196.322,2425,168.93905479936882
Sep-2026,Ahmedabad,22662212,reena.bohra@zomato.com,north indian,pratiksha.kothari@zomato.com,0,9794.480000000001,0,2436.5666152409194
Sep-2026,Ahmedabad,22667908,reena.bohra@zomato.com,street food,pratiksha.kothari@zomato.com,12822,65175.947,337,18462.252614264118
Sep-2026,Ahmedabad,22668467,reena.bohra@zomato.com,cakes,pratiksha.kothari@zomato.com,8592,5592.584,3713,477.2651603487866
Sep-2026,Ahmedabad,22674817,reena.bohra@zomato.com,international,pratiksha.kothari@zomato.com,8770,25476.377999999997,7742,7317.226484727622
Sep-2026,Ahmedabad,22691719,reena.bohra@zomato.com,north indian,pratiksha.kothari@zomato.com,8150,99795.05799999999,7967,31651.473980715957
Sep-2026,Ahmedabad,22709914,reena.bohra@zomato.com,cakes,pratiksha.kothari@zomato.com,910,10613.692,334,5752.3456578392415
Sep-2026,Ahmedabad,22720039,reena.bohra@zomato.com,na,pratiksha.kothari@zomato.com,144,0.0,0,0.0
Sep-2026,Ahmedabad,22724301,reena.bohra@zomato.com,ice cream,pratiksha.kothari@zomato.com,679,26108.979999999996,-123,8982.451080118874
Sep-2026,Ahmedabad,22725055,reena.bohra@zomato.com,street food,pratiksha.kothari@zomato.com,1700,20209.575,-24,4400.6195397064985
Sep-2026,Ahmedabad,22737374,reena.bohra@zomato.com,street food,pratiksha.kothari@zomato.com,0,180.998,0,21.24234056684286
Sep-2026,Ahmedabad,22737421,reena.bohra@zomato.com,desserts,pratiksha.kothari@zomato.com,301,10197.761999999999,7,5809.2459938970405
Sep-2026,Ahmedabad,22747319,reena.bohra@zomato.com,desserts,pratiksha.kothari@zomato.com,0,526.268,0,62.762784507189906
Sep-2026,Ahmedabad,22747504,reena.bohra@zomato.com,beverages,pratiksha.kothari@zomato.com,0,14742.268,0,3134.513607846255
Sep-2026,Ahmedabad,22751358,reena.bohra@zomato.com,north indian,pratiksha.kothari@zomato.com,485,5233.954000000001,0,1068.3821675629888
Sep-2026,Ahmedabad,22763618,reena.bohra@zomato.com,beverages,pratiksha.kothari@zomato.com,0,9941.896,0,2262.9937212697623
Sep-2026,Ahmedabad,22765753,reena.bohra@zomato.com,street food,pratiksha.kothari@zomato.com,0,25181.822,0,3532.9044180645674
Sep-2026,Ahmedabad,22773597,reena.bohra@zomato.com,north indian,pratiksha.kothari@zomato.com,0,10971.915999999997,0,2623.584506348855
Sep-2026,Ahmedabad,22774140,reena.bohra@zomato.com,north indian,pratiksha.kothari@zomato.com,0,59952.08400000001,0,17098.610483378296
Sep-2026,Ahmedabad,22793546,reena.bohra@zomato.com,international,pratiksha.kothari@zomato.com,0,18460.494,0,6351.623914998992
Sep-2026,Ahmedabad,22810882,reena.bohra@zomato.com,north indian,pratiksha.kothari@zomato.com,0,14988.232,0,13788.650795347356
Sep-2026,Ahmedabad,22822314,reena.bohra@zomato.com,beverages,pratiksha.kothari@zomato.com,0,54269.867,0,18346.806539405345
Sep-2026,Ahmedabad,22822453,reena.bohra@zomato.com,north indian,pratiksha.kothari@zomato.com,0,68118.55999999998,0,25169.559981838644
Sep-2026,Ahmedabad,22822519,reena.bohra@zomato.com,north indian,pratiksha.kothari@zomato.com,0,31599.311999999998,0,10607.496267437551
Sep-2026,Ahmedabad,22822539,reena.bohra@zomato.com,international,pratiksha.kothari@zomato.com,0,8688.886,0,3321.5340661636483
Sep-2026,Ahmedabad,22822637,reena.bohra@zomato.com,desserts,pratiksha.kothari@zomato.com,0,9310.591999999999,0,2344.6254035328257
Sep-2026,Ahmedabad,22822704,reena.bohra@zomato.com,international,pratiksha.kothari@zomato.com,0,41759.672,0,13043.529894304726
Sep-2026,Ahmedabad,22824500,reena.bohra@zomato.com,north indian,pratiksha.kothari@zomato.com,0,40150.928,0,13182.299591700328
Sep-2026,Ahmedabad,22826381,reena.bohra@zomato.com,chinese,pratiksha.kothari@zomato.com,0,61105.402,0,20209.182721170637
Sep-2026,Ahmedabad,22826416,reena.bohra@zomato.com,pizza,pratiksha.kothari@zomato.com,0,2084.59,0,480.2290246893534
Sep-2026,Ahmedabad,22829461,reena.bohra@zomato.com,biryani,pratiksha.kothari@zomato.com,0,9807.322,0,3092.8442317612626
Sep-2026,Ahmedabad,22847388,reena.bohra@zomato.com,burger,pratiksha.kothari@zomato.com,0,8542.722,0,3257.262210160821
Sep-2026,Ahmedabad,22861647,reena.bohra@zomato.com,north indian,pratiksha.kothari@zomato.com,0,47016.68799999999,0,17975.81747720339
Sep-2026,Ahmedabad,22917394,reena.bohra@zomato.com,street food,pratiksha.kothari@zomato.com,0,4314.314,0,1609.5080906989706
Sep-2026,Ahmedabad,21330592,sagar.bhanushali@zomato.com,international,pratiksha.kothari@zomato.com,1215,0.0,0,0.0
Sep-2026,Ahmedabad,21384437,sagar.bhanushali@zomato.com,north indian,pratiksha.kothari@zomato.com,0,1302.3179999999998,0,998.1713607347899
Sep-2026,Ahmedabad,22331217,sagar.bhanushali@zomato.com,north indian,pratiksha.kothari@zomato.com,2221,448.256,330,16.255545170767867
Sep-2026,Ahmedabad,22385638,sagar.bhanushali@zomato.com,na,pratiksha.kothari@zomato.com,54787,0.0,11715,0.0
Sep-2026,Ahmedabad,110020,shivansh.ojha@zomato.com,north indian,pratiksha.kothari@zomato.com,119025,74775.383,38576,16147.877547948614
Sep-2026,Ahmedabad,110305,shivansh.ojha@zomato.com,north indian,pratiksha.kothari@zomato.com,47656,48305.53,17316,19048.297553157445
Sep-2026,Ahmedabad,110323,shivansh.ojha@zomato.com,north indian,pratiksha.kothari@zomato.com,175341,16631.488,51519,3293.1395986881525
Sep-2026,Ahmedabad,110453,shivansh.ojha@zomato.com,street food,pratiksha.kothari@zomato.com,16943,26200.466,3693,5509.9264688281355
Sep-2026,Ahmedabad,110633,shivansh.ojha@zomato.com,na,pratiksha.kothari@zomato.com,25821,0.0,3707,0.0
Sep-2026,Ahmedabad,110688,shivansh.ojha@zomato.com,north indian,pratiksha.kothari@zomato.com,314538,201235.82300000003,79199,53893.29239804741
Sep-2026,Ahmedabad,110709,shivansh.ojha@zomato.com,north indian,pratiksha.kothari@zomato.com,73777,41365.592000000004,20930,15733.900996974127
Sep-2026,Ahmedabad,110939,shivansh.ojha@zomato.com,north indian,pratiksha.kothari@zomato.com,257813,216998.51799999998,62213,56878.81240764036
Sep-2026,Ahmedabad,111091,shivansh.ojha@zomato.com,street food,pratiksha.kothari@zomato.com,98239,80464.083,22674,23723.70950810635
Sep-2026,Ahmedabad,111224,shivansh.ojha@zomato.com,street food,pratiksha.kothari@zomato.com,48813,39235.448000000004,13265,11976.098929942178
Sep-2026,Ahmedabad,111437,shivansh.ojha@zomato.com,street food,pratiksha.kothari@zomato.com,96347,36511.29,34192,11384.927448046004
Sep-2026,Ahmedabad,111500,shivansh.ojha@zomato.com,street food,pratiksha.kothari@zomato.com,50749,60566.55500000001,9211,11356.085149337736
Sep-2026,Ahmedabad,111927,shivansh.ojha@zomato.com,pizza,pratiksha.kothari@zomato.com,101452,79854.07199999999,15532,13562.983621968111
Sep-2026,Ahmedabad,112127,shivansh.ojha@zomato.com,street food,pratiksha.kothari@zomato.com,37416,34772.679000000004,7989,5485.05682524514
Sep-2026,Ahmedabad,112291,shivansh.ojha@zomato.com,international,pratiksha.kothari@zomato.com,34306,61893.28600000001,7181,13255.681115426654
Sep-2026,Ahmedabad,112396,shivansh.ojha@zomato.com,street food,pratiksha.kothari@zomato.com,62007,67804.694,17637,18898.994583467556
Sep-2026,Ahmedabad,112420,shivansh.ojha@zomato.com,north indian,pratiksha.kothari@zomato.com,0,3231.162,0,683.4601870490507
Sep-2026,Ahmedabad,112546,shivansh.ojha@zomato.com,"wraps, rolls and sandwiches",pratiksha.kothari@zomato.com,116527,72931.199,41119,30316.746738150516
Sep-2026,Ahmedabad,112608,shivansh.ojha@zomato.com,north indian,pratiksha.kothari@zomato.com,56014,37476.69,15504,11294.155789960707
Sep-2026,Ahmedabad,112761,shivansh.ojha@zomato.com,street food,pratiksha.kothari@zomato.com,211393,199683.14700000003,59360,59505.450874552065
Sep-2026,Ahmedabad,112770,shivansh.ojha@zomato.com,north indian,pratiksha.kothari@zomato.com,178512,148965.50299999997,22855,28371.645867142975
Sep-2026,Ahmedabad,112840,shivansh.ojha@zomato.com,north indian,pratiksha.kothari@zomato.com,53760,20596.287,16217,3862.2503811618258
Sep-2026,Ahmedabad,113064,shivansh.ojha@zomato.com,north indian,pratiksha.kothari@zomato.com,46794,44175.75800000001,7278,8503.1268171365
Sep-2026,Ahmedabad,113091,shivansh.ojha@zomato.com,north indian,pratiksha.kothari@zomato.com,291201,169526.81000000003,75696,36389.764023782
Sep-2026,Ahmedabad,113155,shivansh.ojha@zomato.com,na,pratiksha.kothari@zomato.com,28122,0.0,7523,0.0
Sep-2026,Ahmedabad,113504,shivansh.ojha@zomato.com,north indian,pratiksha.kothari@zomato.com,26871,23024.929,4675,2928.609069012897
Sep-2026,Ahmedabad,113633,shivansh.ojha@zomato.com,north indian,pratiksha.kothari@zomato.com,97638,79413.542,38946,33079.04449599052
Sep-2026,Ahmedabad,113985,shivansh.ojha@zomato.com,street food,pratiksha.kothari@zomato.com,248043,222488.48100000003,61116,59536.91919019997
Sep-2026,Ahmedabad,113994,shivansh.ojha@zomato.com,north indian,pratiksha.kothari@zomato.com,72943,157755.925,22278,40274.58673794807
Sep-2026,Ahmedabad,114015,shivansh.ojha@zomato.com,chinese,pratiksha.kothari@zomato.com,88517,83578.224,19102,17072.759891501868
Sep-2026,Ahmedabad,18143121,shivansh.ojha@zomato.com,"wraps, rolls and sandwiches",pratiksha.kothari@zomato.com,74502,116172.448,15347,24460.34855405916
Sep-2026,Ahmedabad,18286122,shivansh.ojha@zomato.com,north indian,pratiksha.kothari@zomato.com,87211,51239.633,29678,16353.855763208749
Sep-2026,Ahmedabad,18335583,shivansh.ojha@zomato.com,north indian,pratiksha.kothari@zomato.com,78902,89030.03600000001,12572,12477.524885600526
Sep-2026,Ahmedabad,18354035,shivansh.ojha@zomato.com,north indian,pratiksha.kothari@zomato.com,636595,321195.822,126204,53866.01638236248
Sep-2026,Ahmedabad,18456111,shivansh.ojha@zomato.com,international,pratiksha.kothari@zomato.com,70765,47061.292,21910,14691.78670699818
Sep-2026,Ahmedabad,18480155,shivansh.ojha@zomato.com,international,pratiksha.kothari@zomato.com,3027,93133.734,387,25669.931552726608
Sep-2026,Ahmedabad,18554554,shivansh.ojha@zomato.com,desserts,pratiksha.kothari@zomato.com,66454,55426.829,11708,9198.484398290775
Sep-2026,Ahmedabad,18555696,shivansh.ojha@zomato.com,chinese,pratiksha.kothari@zomato.com,109907,0.0,27594,0.0
Sep-2026,Ahmedabad,18588978,shivansh.ojha@zomato.com,north indian,pratiksha.kothari@zomato.com,545251,417805.55899999995,115389,101565.28402518704
Sep-2026,Ahmedabad,18589609,shivansh.ojha@zomato.com,north indian,pratiksha.kothari@zomato.com,34699,103124.381,7759,25831.181238431356
Sep-2026,Ahmedabad,18617647,shivansh.ojha@zomato.com,north indian,pratiksha.kothari@zomato.com,47601,24167.408,9477,5267.46489283572
Sep-2026,Ahmedabad,18623398,shivansh.ojha@zomato.com,north indian,pratiksha.kothari@zomato.com,363540,181788.14900000003,62726,24926.12434224771
Sep-2026,Ahmedabad,18638910,shivansh.ojha@zomato.com,north indian,pratiksha.kothari@zomato.com,510125,444643.83499999996,109745,89120.40049260223
Sep-2026,Ahmedabad,18666845,shivansh.ojha@zomato.com,biryani,pratiksha.kothari@zomato.com,55183,38216.296,14177,8228.794617829832
Sep-2026,Ahmedabad,18682170,shivansh.ojha@zomato.com,chinese,pratiksha.kothari@zomato.com,55452,55020.14199999999,5836,6405.82269236772
Sep-2026,Ahmedabad,18701263,shivansh.ojha@zomato.com,north indian,pratiksha.kothari@zomato.com,128711,28899.111,44227,16663.764850952055
Sep-2026,Ahmedabad,18748104,shivansh.ojha@zomato.com,north indian,pratiksha.kothari@zomato.com,277977,269251.919,45891,42675.38072326478
Sep-2026,Ahmedabad,18752848,shivansh.ojha@zomato.com,street food,pratiksha.kothari@zomato.com,289107,448075.9169999999,77299,125325.5611708493
Sep-2026,Ahmedabad,18767027,shivansh.ojha@zomato.com,"wraps, rolls and sandwiches",pratiksha.kothari@zomato.com,16250,9929.336,2565,1834.7445460806096
Sep-2026,Ahmedabad,18790443,shivansh.ojha@zomato.com,north indian,pratiksha.kothari@zomato.com,210396,274242.782,48093,69512.22915888348
Sep-2026,Ahmedabad,18880687,shivansh.ojha@zomato.com,biryani,pratiksha.kothari@zomato.com,228803,198258.41700000002,80847,68848.92563037359
Sep-2026,Ahmedabad,18900882,shivansh.ojha@zomato.com,north indian,pratiksha.kothari@zomato.com,43631,81690.963,9322,23214.736817540645
Sep-2026,Ahmedabad,18937844,shivansh.ojha@zomato.com,north indian,pratiksha.kothari@zomato.com,423279,202034.332,111660,62996.255699456175
Sep-2026,Ahmedabad,18973024,shivansh.ojha@zomato.com,north indian,pratiksha.kothari@zomato.com,70160,54194.233,22718,9682.887366363531
Sep-2026,Ahmedabad,19050178,shivansh.ojha@zomato.com,pizza,pratiksha.kothari@zomato.com,19404,14845.582,4731,3776.917543414279
Sep-2026,Ahmedabad,19083377,shivansh.ojha@zomato.com,street food,pratiksha.kothari@zomato.com,146384,94333.48200000003,44309,25479.678620306673
Sep-2026,Ahmedabad,19131659,shivansh.ojha@zomato.com,north indian,pratiksha.kothari@zomato.com,18630,31895.798999999995,4255,8457.361231873349
Sep-2026,Ahmedabad,19177716,shivansh.ojha@zomato.com,street food,pratiksha.kothari@zomato.com,221302,220896.40799999997,78994,84453.23922877187
Sep-2026,Ahmedabad,19189073,shivansh.ojha@zomato.com,biryani,pratiksha.kothari@zomato.com,40708,24623.827,13495,8078.77402493622
Sep-2026,Ahmedabad,19201835,shivansh.ojha@zomato.com,beverages,pratiksha.kothari@zomato.com,25154,5570.018,9569,1890.0477414607983
Sep-2026,Ahmedabad,19273369,shivansh.ojha@zomato.com,north indian,pratiksha.kothari@zomato.com,18896,31350.799000000003,5020,9266.693358977822
Sep-2026,Ahmedabad,19317006,shivansh.ojha@zomato.com,south indian,pratiksha.kothari@zomato.com,36945,71803.77,8768,17023.786042856867
Sep-2026,Ahmedabad,19322540,shivansh.ojha@zomato.com,street food,pratiksha.kothari@zomato.com,124144,73355.676,37441,19557.10483678109
Sep-2026,Ahmedabad,19322686,shivansh.ojha@zomato.com,street food,pratiksha.kothari@zomato.com,165862,52859.941,48959,12253.163617096194
Sep-2026,Ahmedabad,19343453,shivansh.ojha@zomato.com,"wraps, rolls and sandwiches",pratiksha.kothari@zomato.com,33747,67804.866,4133,10062.184623854528
Sep-2026,Ahmedabad,19372397,shivansh.ojha@zomato.com,"wraps, rolls and sandwiches",pratiksha.kothari@zomato.com,138796,152084.59199999998,41632,43639.80786428894
Sep-2026,Ahmedabad,19440424,shivansh.ojha@zomato.com,"wraps, rolls and sandwiches",pratiksha.kothari@zomato.com,49899,124148.72699999998,9976,32684.757431760117
Sep-2026,Ahmedabad,19519333,shivansh.ojha@zomato.com,street food,pratiksha.kothari@zomato.com,154510,99917.957,43694,36872.175060733
Sep-2026,Ahmedabad,19526884,shivansh.ojha@zomato.com,burger,pratiksha.kothari@zomato.com,23432,11240.555999999999,4035,1663.674609361169
Sep-2026,Ahmedabad,19541851,shivansh.ojha@zomato.com,street food,pratiksha.kothari@zomato.com,108184,54608.63799999999,26604,16774.58437361251
Sep-2026,Ahmedabad,19552960,shivansh.ojha@zomato.com,international,pratiksha.kothari@zomato.com,36767,19210.766999999996,13167,4608.201469073454
Sep-2026,Ahmedabad,19568879,shivansh.ojha@zomato.com,street food,pratiksha.kothari@zomato.com,88574,70649.752,16960,19660.91000074272
Sep-2026,Ahmedabad,19577983,shivansh.ojha@zomato.com,north indian,pratiksha.kothari@zomato.com,54306,20791.370000000003,19492,6044.287055122364
Sep-2026,Ahmedabad,19634300,shivansh.ojha@zomato.com,beverages,pratiksha.kothari@zomato.com,43921,45804.636,9127,13358.807950825823
Sep-2026,Ahmedabad,19677883,shivansh.ojha@zomato.com,south indian,pratiksha.kothari@zomato.com,54694,32589.844999999998,19354,5670.4414863085
Sep-2026,Ahmedabad,19679224,shivansh.ojha@zomato.com,street food,pratiksha.kothari@zomato.com,86841,80764.12,23328,19123.84072458953
Sep-2026,Ahmedabad,19684991,shivansh.ojha@zomato.com,south indian,pratiksha.kothari@zomato.com,33872,10498.014,10128,2012.9338181397159
Sep-2026,Ahmedabad,19695228,shivansh.ojha@zomato.com,south indian,pratiksha.kothari@zomato.com,5273,5875.389999999999,1847,5241.414520378494
Sep-2026,Ahmedabad,19773032,shivansh.ojha@zomato.com,chinese,pratiksha.kothari@zomato.com,147033,24383.146000000004,46134,-16.778693254643485
Sep-2026,Ahmedabad,19788001,shivansh.ojha@zomato.com,north indian,pratiksha.kothari@zomato.com,33544,21713.162,5842,3733.009585398136
Sep-2026,Ahmedabad,19847366,shivansh.ojha@zomato.com,burger,pratiksha.kothari@zomato.com,39240,26386.546000000002,7327,2032.3282842317321
Sep-2026,Ahmedabad,19848168,shivansh.ojha@zomato.com,international,pratiksha.kothari@zomato.com,119775,85547.272,39986,33255.51517055137
Sep-2026,Ahmedabad,19870136,shivansh.ojha@zomato.com,north indian,pratiksha.kothari@zomato.com,12808,6577.307999999999,1730,1576.7969491023816
Sep-2026,Ahmedabad,19913133,shivansh.ojha@zomato.com,international,pratiksha.kothari@zomato.com,182860,181343.26299999998,39418,38286.25744113718
Sep-2026,Ahmedabad,19978553,shivansh.ojha@zomato.com,chinese,pratiksha.kothari@zomato.com,70494,64018.756,14824,13072.812061738996
Sep-2026,Ahmedabad,19985204,shivansh.ojha@zomato.com,north indian,pratiksha.kothari@zomato.com,62817,33533.001,24676,13103.77308048545
Sep-2026,Ahmedabad,20021668,shivansh.ojha@zomato.com,street food,pratiksha.kothari@zomato.com,85768,141970.84200000003,26503,50386.30385206386
Sep-2026,Ahmedabad,20099201,shivansh.ojha@zomato.com,international,pratiksha.kothari@zomato.com,289277,229679.99000000002,79163,66301.29942640991
Sep-2026,Ahmedabad,20144337,shivansh.ojha@zomato.com,desserts,pratiksha.kothari@zomato.com,54356,18751.725999999995,12103,4224.612381635212
Sep-2026,Ahmedabad,20165254,shivansh.ojha@zomato.com,street food,pratiksha.kothari@zomato.com,108148,86493.26400000001,26297,22789.32411782691
Sep-2026,Ahmedabad,20224098,shivansh.ojha@zomato.com,north indian,pratiksha.kothari@zomato.com,78677,254530.532,17511,65151.00889670054
Sep-2026,Ahmedabad,20248323,shivansh.ojha@zomato.com,north indian,pratiksha.kothari@zomato.com,19224,78223.061,4222,19721.807722411235
Sep-2026,Ahmedabad,20265624,shivansh.ojha@zomato.com,desserts,pratiksha.kothari@zomato.com,11616,11259.874,4785,4996.955189643171
Sep-2026,Ahmedabad,20307157,shivansh.ojha@zomato.com,beverages,pratiksha.kothari@zomato.com,49212,38291.564,17511,12443.509718976093
Sep-2026,Ahmedabad,20322339,shivansh.ojha@zomato.com,international,pratiksha.kothari@zomato.com,31067,21952.398,7131,4612.258380197927
Sep-2026,Ahmedabad,20340746,shivansh.ojha@zomato.com,north indian,pratiksha.kothari@zomato.com,82925,9679.568000000001,19705,3933.7708823207086
Sep-2026,Ahmedabad,20340789,shivansh.ojha@zomato.com,north indian,pratiksha.kothari@zomato.com,17814,3111.0040000000004,4599,853.8952115890859
Sep-2026,Ahmedabad,20357966,shivansh.ojha@zomato.com,north indian,pratiksha.kothari@zomato.com,168173,75906.04799999998,50902,20824.377525565356
Sep-2026,Ahmedabad,20415721,shivansh.ojha@zomato.com,pizza,pratiksha.kothari@zomato.com,12159,4877.732,2940,1177.3746904729092
Sep-2026,Ahmedabad,20476535,shivansh.ojha@zomato.com,north indian,pratiksha.kothari@zomato.com,76791,15805.179999999998,26762,3120.504382213733
Sep-2026,Ahmedabad,20486806,shivansh.ojha@zomato.com,north indian,pratiksha.kothari@zomato.com,157175,58738.211,38917,13783.612567009664
Sep-2026,Ahmedabad,20521395,shivansh.ojha@zomato.com,street food,pratiksha.kothari@zomato.com,408,29126.347999999998,23,5785.0364927410055
Sep-2026,Ahmedabad,20525688,shivansh.ojha@zomato.com,desserts,pratiksha.kothari@zomato.com,37815,31759.378,12591,4869.9843332590035
Sep-2026,Ahmedabad,20566243,shivansh.ojha@zomato.com,"wraps, rolls and sandwiches",pratiksha.kothari@zomato.com,84785,20890.656,24893,3269.383445122897
Sep-2026,Ahmedabad,20567357,shivansh.ojha@zomato.com,south indian,pratiksha.kothari@zomato.com,35352,12427.557999999999,13016,3023.45755078411
Sep-2026,Ahmedabad,20583743,shivansh.ojha@zomato.com,street food,pratiksha.kothari@zomato.com,0,5750.3640000000005,0,1335.952154866623
Sep-2026,Ahmedabad,20607976,shivansh.ojha@zomato.com,street food,pratiksha.kothari@zomato.com,32123,28046.029999999995,7986,8070.94715980554
Sep-2026,Ahmedabad,20634350,shivansh.ojha@zomato.com,international,pratiksha.kothari@zomato.com,37376,83921.254,15944,30626.830152709026
Sep-2026,Ahmedabad,20654379,shivansh.ojha@zomato.com,north indian,pratiksha.kothari@zomato.com,19804,11414.346,4745,3104.7940417193176
Sep-2026,Ahmedabad,20654753,shivansh.ojha@zomato.com,ice cream,pratiksha.kothari@zomato.com,69126,27710.578,16129,5548.73201961298
Sep-2026,Ahmedabad,20658706,shivansh.ojha@zomato.com,desserts,pratiksha.kothari@zomato.com,162479,15138.454,27677,2661.935149381574
Sep-2026,Ahmedabad,20666137,shivansh.ojha@zomato.com,street food,pratiksha.kothari@zomato.com,224573,109664.48899999999,65418,32909.57051811821
Sep-2026,Ahmedabad,20685457,shivansh.ojha@zomato.com,north indian,pratiksha.kothari@zomato.com,46610,6972.023999999999,15481,1683.6824192148188
Sep-2026,Ahmedabad,20710820,shivansh.ojha@zomato.com,north indian,pratiksha.kothari@zomato.com,178723,144732.204,22800,32064.65237754591
Sep-2026,Ahmedabad,20721350,shivansh.ojha@zomato.com,street food,pratiksha.kothari@zomato.com,189705,166377.23299999998,50684,41910.390054556075
Sep-2026,Ahmedabad,20743562,shivansh.ojha@zomato.com,south indian,pratiksha.kothari@zomato.com,14183,9149.08,3055,1905.5456065926762
Sep-2026,Ahmedabad,20745667,shivansh.ojha@zomato.com,pizza,pratiksha.kothari@zomato.com,13793,38060.553,6279,17088.25758615704
Sep-2026,Ahmedabad,20755138,shivansh.ojha@zomato.com,chinese,pratiksha.kothari@zomato.com,14557,436.17,9615,54.80688905893218
Sep-2026,Ahmedabad,20758287,shivansh.ojha@zomato.com,north indian,pratiksha.kothari@zomato.com,34813,33049.298,9323,7998.941853179806
Sep-2026,Ahmedabad,20760719,shivansh.ojha@zomato.com,north indian,pratiksha.kothari@zomato.com,32946,26202.25,9923,7568.2920702707615
Sep-2026,Ahmedabad,20761461,shivansh.ojha@zomato.com,north indian,pratiksha.kothari@zomato.com,146652,144649.559,29103,47521.32057143163
Sep-2026,Ahmedabad,20765654,shivansh.ojha@zomato.com,north indian,pratiksha.kothari@zomato.com,21924,11594.490999999998,5062,1106.8417491957541
Sep-2026,Ahmedabad,20765907,shivansh.ojha@zomato.com,north indian,pratiksha.kothari@zomato.com,62358,48138.96799999999,9836,9857.054925357332
Sep-2026,Ahmedabad,20766097,shivansh.ojha@zomato.com,north indian,pratiksha.kothari@zomato.com,161932,243566.94600000003,23554,59860.20136616817
Sep-2026,Ahmedabad,20768314,shivansh.ojha@zomato.com,north indian,pratiksha.kothari@zomato.com,41142,48512.185999999994,8657,10500.757719684658
Sep-2026,Ahmedabad,20770618,shivansh.ojha@zomato.com,north indian,pratiksha.kothari@zomato.com,71218,46540.914,25004,13607.684535214034
Sep-2026,Ahmedabad,20786169,shivansh.ojha@zomato.com,mithai,pratiksha.kothari@zomato.com,65630,63246.74800000001,12965,11351.645543952647
Sep-2026,Ahmedabad,20797513,shivansh.ojha@zomato.com,biryani,pratiksha.kothari@zomato.com,155509,138277.53600000002,55383,51005.09854200653
Sep-2026,Ahmedabad,20812573,shivansh.ojha@zomato.com,na,pratiksha.kothari@zomato.com,73843,0.0,38691,0.0
Sep-2026,Ahmedabad,20816899,shivansh.ojha@zomato.com,street food,pratiksha.kothari@zomato.com,91061,96720.09,21444,30009.742071686036
Sep-2026,Ahmedabad,20818389,shivansh.ojha@zomato.com,na,pratiksha.kothari@zomato.com,26933,0.0,10737,0.0
Sep-2026,Ahmedabad,20824204,shivansh.ojha@zomato.com,pizza,pratiksha.kothari@zomato.com,30139,22883.936999999998,18518,13122.73460786861
Sep-2026,Ahmedabad,20840155,shivansh.ojha@zomato.com,north indian,pratiksha.kothari@zomato.com,39820,14726.214,11441,3292.1892509336612
Sep-2026,Ahmedabad,20903602,shivansh.ojha@zomato.com,pizza,pratiksha.kothari@zomato.com,51138,38293.221999999994,18001,16451.701797894053
Sep-2026,Ahmedabad,20904591,shivansh.ojha@zomato.com,pizza,pratiksha.kothari@zomato.com,14307,17274.002,3299,3770.0179509643203
Sep-2026,Ahmedabad,20909146,shivansh.ojha@zomato.com,street food,pratiksha.kothari@zomato.com,43563,71047.644,11970,21072.990693880995
Sep-2026,Ahmedabad,20913328,shivansh.ojha@zomato.com,pizza,pratiksha.kothari@zomato.com,31183,26923.021999999997,17732,9554.921026779952
Sep-2026,Ahmedabad,20944655,shivansh.ojha@zomato.com,desserts,pratiksha.kothari@zomato.com,21041,21651.447,4274,4595.0139837965835
Sep-2026,Ahmedabad,20961786,shivansh.ojha@zomato.com,pizza,pratiksha.kothari@zomato.com,53789,49473.21399999999,17740,16692.11446412755
Sep-2026,Ahmedabad,20963994,shivansh.ojha@zomato.com,north indian,pratiksha.kothari@zomato.com,67635,100308.45699999998,30624,57458.00841081527
Sep-2026,Ahmedabad,20979459,shivansh.ojha@zomato.com,north indian,pratiksha.kothari@zomato.com,37855,36821.872,11097,11055.825764451007
Sep-2026,Ahmedabad,20990066,shivansh.ojha@zomato.com,north indian,pratiksha.kothari@zomato.com,15078,0.0,9741,0.0
Sep-2026,Ahmedabad,21050747,shivansh.ojha@zomato.com,biryani,pratiksha.kothari@zomato.com,83053,23102.958000000002,31906,9089.1098959826
Sep-2026,Ahmedabad,21062886,shivansh.ojha@zomato.com,beverages,pratiksha.kothari@zomato.com,33857,49659.25,5461,7196.651195097931
Sep-2026,Ahmedabad,21078652,shivansh.ojha@zomato.com,pizza,pratiksha.kothari@zomato.com,149883,175634.10199999998,58398,74679.55789956142
Sep-2026,Ahmedabad,21109314,shivansh.ojha@zomato.com,international,pratiksha.kothari@zomato.com,49825,31654.102,13012,6347.336522306084
Sep-2026,Ahmedabad,21123035,shivansh.ojha@zomato.com,north indian,pratiksha.kothari@zomato.com,0,22861.674,0,4906.491852080257
Sep-2026,Ahmedabad,21151863,shivansh.ojha@zomato.com,north indian,pratiksha.kothari@zomato.com,23807,84225.02799999999,3692,27606.866778464326
Sep-2026,Ahmedabad,21169032,shivansh.ojha@zomato.com,pizza,pratiksha.kothari@zomato.com,14140,12890.604000000003,1938,2220.0722242044035
Sep-2026,Ahmedabad,21171501,shivansh.ojha@zomato.com,south indian,pratiksha.kothari@zomato.com,103492,148576.496,41886,55492.17939050755
Sep-2026,Ahmedabad,21179869,shivansh.ojha@zomato.com,pizza,pratiksha.kothari@zomato.com,48976,4437.024,14521,706.733326601946
Sep-2026,Ahmedabad,21232928,shivansh.ojha@zomato.com,pizza,pratiksha.kothari@zomato.com,21207,21630.94,4014,2464.9275364026335
Sep-2026,Ahmedabad,21245798,shivansh.ojha@zomato.com,street food,pratiksha.kothari@zomato.com,109502,92417.05000000002,33806,18679.010549213694
Sep-2026,Ahmedabad,21260557,shivansh.ojha@zomato.com,north indian,pratiksha.kothari@zomato.com,21442,28076.856,6932,9608.963411577457
Sep-2026,Ahmedabad,21262285,shivansh.ojha@zomato.com,north indian,pratiksha.kothari@zomato.com,52266,42594.594000000005,8732,6468.315613709131
Sep-2026,Ahmedabad,21267076,shivansh.ojha@zomato.com,chinese,pratiksha.kothari@zomato.com,69367,87693.69400000002,17241,29579.14853853428
Sep-2026,Ahmedabad,21289756,shivansh.ojha@zomato.com,north indian,pratiksha.kothari@zomato.com,241822,273010.14900000003,75236,74333.47756560096
Sep-2026,Ahmedabad,21296051,shivansh.ojha@zomato.com,street food,pratiksha.kothari@zomato.com,29891,19960.504,5868,3613.0966245846207
Sep-2026,Ahmedabad,21304172,shivansh.ojha@zomato.com,"wraps, rolls and sandwiches",pratiksha.kothari@zomato.com,68734,74632.65299999999,27337,26063.752463565106
Sep-2026,Ahmedabad,21304323,shivansh.ojha@zomato.com,"wraps, rolls and sandwiches",pratiksha.kothari@zomato.com,34213,54659.866,10748,16772.406780682635
Sep-2026,Ahmedabad,21314477,shivansh.ojha@zomato.com,chinese,pratiksha.kothari@zomato.com,46916,17897.627999999997,21057,6771.828602433502
Sep-2026,Ahmedabad,21326103,shivansh.ojha@zomato.com,street food,pratiksha.kothari@zomato.com,6524,6398.73,1055,402.5569427891982
Sep-2026,Ahmedabad,21338898,shivansh.ojha@zomato.com,street food,pratiksha.kothari@zomato.com,0,8294.028,0,1695.5628393109068
Sep-2026,Ahmedabad,21345114,shivansh.ojha@zomato.com,north indian,pratiksha.kothari@zomato.com,133587,111359.17699999998,57593,26789.672561752104
Sep-2026,Ahmedabad,21422568,shivansh.ojha@zomato.com,street food,pratiksha.kothari@zomato.com,85644,154237.59799999997,21862,52403.19196458408
Sep-2026,Ahmedabad,21432965,shivansh.ojha@zomato.com,international,pratiksha.kothari@zomato.com,17346,26575.128,3930,8619.613101704432
Sep-2026,Ahmedabad,21454096,shivansh.ojha@zomato.com,street food,pratiksha.kothari@zomato.com,63531,21805.577999999998,19585,5053.214182018546
Sep-2026,Ahmedabad,21465027,shivansh.ojha@zomato.com,chinese,pratiksha.kothari@zomato.com,3567,30131.917999999994,501,8206.95454841147
Sep-2026,Ahmedabad,21477174,shivansh.ojha@zomato.com,street food,pratiksha.kothari@zomato.com,38681,24213.622000000003,12987,6921.989225816974
Sep-2026,Ahmedabad,21478929,shivansh.ojha@zomato.com,north indian,pratiksha.kothari@zomato.com,38889,28456.17,8210,5806.591741554642
Sep-2026,Ahmedabad,21484816,shivansh.ojha@zomato.com,beverages,pratiksha.kothari@zomato.com,61968,41420.50199999999,24996,13823.430191919331
Sep-2026,Ahmedabad,21518166,shivansh.ojha@zomato.com,na,pratiksha.kothari@zomato.com,383,0.0,164,0.0
Sep-2026,Ahmedabad,21538577,shivansh.ojha@zomato.com,street food,pratiksha.kothari@zomato.com,32733,7963.758,6611,1760.9937251849458
Sep-2026,Ahmedabad,21554045,shivansh.ojha@zomato.com,international,pratiksha.kothari@zomato.com,78177,115249.56,29201,39123.123308885755
Sep-2026,Ahmedabad,21559456,shivansh.ojha@zomato.com,street food,pratiksha.kothari@zomato.com,167288,51024.716,38987,16635.631334498532
Sep-2026,Ahmedabad,21568110,shivansh.ojha@zomato.com,"wraps, rolls and sandwiches",pratiksha.kothari@zomato.com,59476,10405.902,16514,1679.6005451035614
Sep-2026,Ahmedabad,21591165,shivansh.ojha@zomato.com,north indian,pratiksha.kothari@zomato.com,122249,0.0,41418,0.0
Sep-2026,Ahmedabad,21594094,shivansh.ojha@zomato.com,"wraps, rolls and sandwiches",pratiksha.kothari@zomato.com,48533,39378.378,9670,8190.855969411724
Sep-2026,Ahmedabad,21594771,shivansh.ojha@zomato.com,street food,pratiksha.kothari@zomato.com,6264,0.0,921,0.0
Sep-2026,Ahmedabad,21595279,shivansh.ojha@zomato.com,north indian,pratiksha.kothari@zomato.com,27756,20499.108000000004,4346,-2167.005120433679
Sep-2026,Ahmedabad,21595507,shivansh.ojha@zomato.com,burger,pratiksha.kothari@zomato.com,13405,4020.9479999999994,2370,507.2474525565123
Sep-2026,Ahmedabad,21595665,shivansh.ojha@zomato.com,north indian,pratiksha.kothari@zomato.com,205012,191039.01100000003,46399,47063.59752371004
Sep-2026,Ahmedabad,21607312,shivansh.ojha@zomato.com,street food,pratiksha.kothari@zomato.com,101604,47515.520000000004,37116,18442.450463061734
Sep-2026,Ahmedabad,21610093,shivansh.ojha@zomato.com,street food,pratiksha.kothari@zomato.com,881,112164.22399999999,72,29023.24656884905
Sep-2026,Ahmedabad,21610257,shivansh.ojha@zomato.com,pizza,pratiksha.kothari@zomato.com,243232,198720.487,72816,59059.30604427791
Sep-2026,Ahmedabad,21630774,shivansh.ojha@zomato.com,north indian,pratiksha.kothari@zomato.com,57303,64740.982,14558,16547.20786265319
Sep-2026,Ahmedabad,21647670,shivansh.ojha@zomato.com,north indian,pratiksha.kothari@zomato.com,51330,41399.458,14999,12213.989746779283
Sep-2026,Ahmedabad,21657566,shivansh.ojha@zomato.com,south indian,pratiksha.kothari@zomato.com,21273,18277.002,3742,3125.5131521431786
Sep-2026,Ahmedabad,21663237,shivansh.ojha@zomato.com,beverages,pratiksha.kothari@zomato.com,145960,102402.598,62294,42401.53042185508
Sep-2026,Ahmedabad,21676969,shivansh.ojha@zomato.com,ice cream,pratiksha.kothari@zomato.com,24338,29246.793999999998,4817,5309.618985109463
Sep-2026,Ahmedabad,21684119,shivansh.ojha@zomato.com,street food,pratiksha.kothari@zomato.com,69224,17926.124,13513,2218.6070548030707
Sep-2026,Ahmedabad,21691984,shivansh.ojha@zomato.com,south indian,pratiksha.kothari@zomato.com,18971,21578.079,7398,7713.612517030428
Sep-2026,Ahmedabad,21711601,shivansh.ojha@zomato.com,pizza,pratiksha.kothari@zomato.com,2985,6443.158,560,2430.4567230659313
Sep-2026,Ahmedabad,21714806,shivansh.ojha@zomato.com,mithai,pratiksha.kothari@zomato.com,32074,26968.632999999998,4962,4194.02622320241
Sep-2026,Ahmedabad,21732314,shivansh.ojha@zomato.com,international,pratiksha.kothari@zomato.com,23521,38090.30800000001,9946,16616.90982989332
Sep-2026,Ahmedabad,21732535,shivansh.ojha@zomato.com,desserts,pratiksha.kothari@zomato.com,107795,60949.816000000006,40673,9944.580243549182
Sep-2026,Ahmedabad,21734800,shivansh.ojha@zomato.com,pizza,pratiksha.kothari@zomato.com,84691,98908.09,29449,31511.597453496117
Sep-2026,Ahmedabad,21751794,shivansh.ojha@zomato.com,"wraps, rolls and sandwiches",pratiksha.kothari@zomato.com,10343,4124.603999999999,1585,706.8786352373601
Sep-2026,Ahmedabad,21772589,shivansh.ojha@zomato.com,pizza,pratiksha.kothari@zomato.com,50598,9220.994999999999,18268,3120.0410994214917
Sep-2026,Ahmedabad,21773988,shivansh.ojha@zomato.com,cakes,pratiksha.kothari@zomato.com,51875,59279.81800000001,15561,17564.892777008696
Sep-2026,Ahmedabad,21778098,shivansh.ojha@zomato.com,street food,pratiksha.kothari@zomato.com,81077,323614.255,20426,107041.59601922694
Sep-2026,Ahmedabad,21833773,shivansh.ojha@zomato.com,north indian,pratiksha.kothari@zomato.com,22200,7365.816,4674,1701.3119930337107
Sep-2026,Ahmedabad,21882169,shivansh.ojha@zomato.com,north indian,pratiksha.kothari@zomato.com,80929,121888.386,13981,26021.096644924313
Sep-2026,Ahmedabad,21882841,shivansh.ojha@zomato.com,chinese,pratiksha.kothari@zomato.com,58103,7440.907999999999,18424,1918.0154602763905
Sep-2026,Ahmedabad,21942030,shivansh.ojha@zomato.com,burger,pratiksha.kothari@zomato.com,129618,96925.80500000001,29335,20079.60329168428
Sep-2026,Ahmedabad,21958794,shivansh.ojha@zomato.com,international,pratiksha.kothari@zomato.com,192684,89508.248,79306,51889.61309369919
Sep-2026,Ahmedabad,21969569,shivansh.ojha@zomato.com,north indian,pratiksha.kothari@zomato.com,38644,25647.338,8193,5907.10930490397
Sep-2026,Ahmedabad,21974320,shivansh.ojha@zomato.com,street food,pratiksha.kothari@zomato.com,96285,198814.28400000004,34358,71417.29878032031
Sep-2026,Ahmedabad,21981700,shivansh.ojha@zomato.com,pizza,pratiksha.kothari@zomato.com,215259,149738.001,78246,50333.13105397452
Sep-2026,Ahmedabad,21985737,shivansh.ojha@zomato.com,north indian,pratiksha.kothari@zomato.com,47027,101866.014,18216,40938.054340953684
Sep-2026,Ahmedabad,22049298,shivansh.ojha@zomato.com,beverages,pratiksha.kothari@zomato.com,0,1965.73,0,4504.244342312414
Sep-2026,Ahmedabad,22078661,shivansh.ojha@zomato.com,burger,pratiksha.kothari@zomato.com,74839,39259.324,23971,10746.936583384606
Sep-2026,Ahmedabad,22094398,shivansh.ojha@zomato.com,beverages,pratiksha.kothari@zomato.com,26254,0.0,7609,0.0
Sep-2026,Ahmedabad,22139712,shivansh.ojha@zomato.com,international,pratiksha.kothari@zomato.com,78712,133445.824,30130,41890.142298537445
Sep-2026,Ahmedabad,22144578,shivansh.ojha@zomato.com,street food,pratiksha.kothari@zomato.com,51494,30279.732000000004,15464,13452.683825686303
Sep-2026,Ahmedabad,22154693,shivansh.ojha@zomato.com,north indian,pratiksha.kothari@zomato.com,105760,73860.23500000002,30685,28825.701945766956
Sep-2026,Ahmedabad,22159898,shivansh.ojha@zomato.com,north indian,pratiksha.kothari@zomato.com,20594,9878.713,5608,2795.0905911343475
Sep-2026,Ahmedabad,22168826,shivansh.ojha@zomato.com,street food,pratiksha.kothari@zomato.com,22983,10443.298999999999,4899,2101.6109815694995
Sep-2026,Ahmedabad,22170352,shivansh.ojha@zomato.com,"wraps, rolls and sandwiches",pratiksha.kothari@zomato.com,289726,163451.98400000005,117581,58742.792802204975
Sep-2026,Ahmedabad,22170456,shivansh.ojha@zomato.com,north indian,pratiksha.kothari@zomato.com,0,37704.41399999999,0,12580.159969976752
Sep-2026,Ahmedabad,22200877,shivansh.ojha@zomato.com,"wraps, rolls and sandwiches",pratiksha.kothari@zomato.com,530615,769.856,162290,148.32810000690523
Sep-2026,Ahmedabad,22205153,shivansh.ojha@zomato.com,street food,pratiksha.kothari@zomato.com,178788,41374.722,53128,9706.222733268889
Sep-2026,Ahmedabad,22229635,shivansh.ojha@zomato.com,south indian,pratiksha.kothari@zomato.com,74696,21434.888000000003,26053,6298.670590844786
Sep-2026,Ahmedabad,22237090,shivansh.ojha@zomato.com,street food,pratiksha.kothari@zomato.com,0,8185.766000000001,0,1833.4244828014832
Sep-2026,Ahmedabad,22260718,shivansh.ojha@zomato.com,north indian,pratiksha.kothari@zomato.com,209539,168510.38400000002,61259,42959.538043767054
Sep-2026,Ahmedabad,22286837,shivansh.ojha@zomato.com,international,pratiksha.kothari@zomato.com,53090,27521.042,19695,6381.190244889324
Sep-2026,Ahmedabad,22301886,shivansh.ojha@zomato.com,beverages,pratiksha.kothari@zomato.com,158946,230127.58400000003,53637,75576.1435097316
Sep-2026,Ahmedabad,22315274,shivansh.ojha@zomato.com,north indian,pratiksha.kothari@zomato.com,407776,215555.81000000003,108049,51581.184549940124
Sep-2026,Ahmedabad,22359887,shivansh.ojha@zomato.com,pizza,pratiksha.kothari@zomato.com,77973,144806.624,15005,56694.35255223605
Sep-2026,Ahmedabad,22385504,shivansh.ojha@zomato.com,chinese,pratiksha.kothari@zomato.com,77082,74446.68699999999,8315,16330.849901235779
Sep-2026,Ahmedabad,22426714,shivansh.ojha@zomato.com,south indian,pratiksha.kothari@zomato.com,88260,92252.728,25311,25422.592893934223
Sep-2026,Ahmedabad,22427539,shivansh.ojha@zomato.com,chinese,pratiksha.kothari@zomato.com,335470,33165.117999999995,100536,4827.335516368142
Sep-2026,Ahmedabad,22448210,shivansh.ojha@zomato.com,north indian,pratiksha.kothari@zomato.com,100900,97943.98599999999,38942,37118.37568798339
Sep-2026,Ahmedabad,22458174,shivansh.ojha@zomato.com,pizza,pratiksha.kothari@zomato.com,2817,8921.850999999999,1045,5126.483447200639
Sep-2026,Ahmedabad,22488297,shivansh.ojha@zomato.com,international,pratiksha.kothari@zomato.com,244,6184.48,0,1621.853923805572
Sep-2026,Ahmedabad,22492405,shivansh.ojha@zomato.com,north indian,pratiksha.kothari@zomato.com,118590,66588.222,16805,12578.968930768056
Sep-2026,Ahmedabad,22503909,shivansh.ojha@zomato.com,"wraps, rolls and sandwiches",pratiksha.kothari@zomato.com,2431,1455.6259999999997,316,-162.4799700985797
Sep-2026,Ahmedabad,22519740,shivansh.ojha@zomato.com,international,pratiksha.kothari@zomato.com,23271,5881.556,8256,1441.5577435018972
Sep-2026,Ahmedabad,22537770,shivansh.ojha@zomato.com,street food,pratiksha.kothari@zomato.com,9942,11850.128,4327,3191.2169658949233
Sep-2026,Ahmedabad,22552125,shivansh.ojha@zomato.com,na,pratiksha.kothari@zomato.com,35114,0.0,8685,0.0
Sep-2026,Ahmedabad,22553332,shivansh.ojha@zomato.com,pizza,pratiksha.kothari@zomato.com,152931,166686.258,45026,50118.22999733624
Sep-2026,Ahmedabad,22624537,shivansh.ojha@zomato.com,north indian,pratiksha.kothari@zomato.com,731,4063.472,12,658.932411424701
Sep-2026,Ahmedabad,22632522,shivansh.ojha@zomato.com,desserts,pratiksha.kothari@zomato.com,77903,34730.5,18854,6832.166069547309
Sep-2026,Ahmedabad,22642265,shivansh.ojha@zomato.com,north indian,pratiksha.kothari@zomato.com,26719,0.0,2431,0.0
Sep-2026,Ahmedabad,22650450,shivansh.ojha@zomato.com,street food,pratiksha.kothari@zomato.com,11216,5453.532,69,1203.4090383199793
Sep-2026,Ahmedabad,22654775,shivansh.ojha@zomato.com,burger,pratiksha.kothari@zomato.com,0,1743.246,0,180.8451013950823
Sep-2026,Ahmedabad,22656226,shivansh.ojha@zomato.com,"wraps, rolls and sandwiches",pratiksha.kothari@zomato.com,26910,24179.000999999997,293,4709.4060107520545
Sep-2026,Ahmedabad,22666367,shivansh.ojha@zomato.com,burger,pratiksha.kothari@zomato.com,5866,10553.854,1138,4285.576813534572
Sep-2026,Ahmedabad,22677638,shivansh.ojha@zomato.com,north indian,pratiksha.kothari@zomato.com,19063,12491.901,-1328,1837.8424625424675
Sep-2026,Ahmedabad,22678186,shivansh.ojha@zomato.com,street food,pratiksha.kothari@zomato.com,6338,1828.982,-1055,398.0597246574472
Sep-2026,Ahmedabad,22679028,shivansh.ojha@zomato.com,beverages,pratiksha.kothari@zomato.com,40711,795.0260000000001,13035,121.69792254102762
Sep-2026,Ahmedabad,22682011,shivansh.ojha@zomato.com,north indian,pratiksha.kothari@zomato.com,12291,28956.595,3494,3998.5341036501177
Sep-2026,Ahmedabad,22689402,shivansh.ojha@zomato.com,south indian,pratiksha.kothari@zomato.com,21516,49924.268000000004,-3330,9707.250908323593
Sep-2026,Ahmedabad,22701832,shivansh.ojha@zomato.com,street food,pratiksha.kothari@zomato.com,731,0.0,-26,0.0
Sep-2026,Ahmedabad,22730742,shivansh.ojha@zomato.com,street food,pratiksha.kothari@zomato.com,788,0.0,1,0.0
Sep-2026,Ahmedabad,22737122,shivansh.ojha@zomato.com,north indian,pratiksha.kothari@zomato.com,1411,101517.00499999999,394,29834.18266978188
Sep-2026,Ahmedabad,22744081,shivansh.ojha@zomato.com,street food,pratiksha.kothari@zomato.com,610,10676.122,-106,2091.083653537918
Sep-2026,Ahmedabad,22780930,shivansh.ojha@zomato.com,street food,pratiksha.kothari@zomato.com,0,29415.244,0,10232.33624949592
Sep-2026,Ahmedabad,22781405,shivansh.ojha@zomato.com,mithai,pratiksha.kothari@zomato.com,0,68449.55200000001,0,30322.410678457607
Sep-2026,Ahmedabad,22815668,shivansh.ojha@zomato.com,street food,pratiksha.kothari@zomato.com,0,39009.520000000004,0,27239.031674942802
Sep-2026,Ahmedabad,22818346,shivansh.ojha@zomato.com,north indian,pratiksha.kothari@zomato.com,0,4433.582,0,1319.7723965993478
Sep-2026,Ahmedabad,22894355,shivansh.ojha@zomato.com,north indian,pratiksha.kothari@zomato.com,0,23735.507999999994,0,1090.290610600659
Sep-2026,Ahmedabad,110106,siddharth.vaishnav@zomato.com,north indian,pratiksha.kothari@zomato.com,183305,177325.75999999998,37021,34958.30687685785
Sep-2026,Ahmedabad,110139,siddharth.vaishnav@zomato.com,street food,pratiksha.kothari@zomato.com,246839,214196.40499999997,57747,59427.278147538826
Sep-2026,Ahmedabad,110198,siddharth.vaishnav@zomato.com,north indian,pratiksha.kothari@zomato.com,574451,501699.658,123881,109397.59554686786
Sep-2026,Ahmedabad,110199,siddharth.vaishnav@zomato.com,north indian,pratiksha.kothari@zomato.com,171089,150357.81,25623,19276.071988702653
Sep-2026,Ahmedabad,110202,siddharth.vaishnav@zomato.com,north indian,pratiksha.kothari@zomato.com,333676,408882.3469999999,50779,59625.44863911796
Sep-2026,Ahmedabad,110203,siddharth.vaishnav@zomato.com,north indian,pratiksha.kothari@zomato.com,486860,397980.51399999997,66107,54191.566950781424
Sep-2026,Ahmedabad,110206,siddharth.vaishnav@zomato.com,north indian,pratiksha.kothari@zomato.com,162858,188335.40800000002,24399,27239.136823855875
Sep-2026,Ahmedabad,110207,siddharth.vaishnav@zomato.com,north indian,pratiksha.kothari@zomato.com,294069,263409.613,54964,50093.27141250372
Sep-2026,Ahmedabad,110208,siddharth.vaishnav@zomato.com,north indian,pratiksha.kothari@zomato.com,869312,733929.5769999999,135322,112462.53698657933
Sep-2026,Ahmedabad,110209,siddharth.vaishnav@zomato.com,north indian,pratiksha.kothari@zomato.com,352801,451361.15399999986,46828,65837.60985554107
Sep-2026,Ahmedabad,110210,siddharth.vaishnav@zomato.com,north indian,pratiksha.kothari@zomato.com,163196,164252.474,31112,28539.570051596613
Sep-2026,Ahmedabad,110211,siddharth.vaishnav@zomato.com,north indian,pratiksha.kothari@zomato.com,676230,622646.3499999997,114328,106535.40269694378
Sep-2026,Ahmedabad,110212,siddharth.vaishnav@zomato.com,north indian,pratiksha.kothari@zomato.com,305212,277183.93200000003,46224,41364.61281862347
Sep-2026,Ahmedabad,110227,siddharth.vaishnav@zomato.com,street food,pratiksha.kothari@zomato.com,87816,79688.30600000001,18093,15846.354308521986
Sep-2026,Ahmedabad,110228,siddharth.vaishnav@zomato.com,street food,pratiksha.kothari@zomato.com,20124,0.0,5402,0.0
Sep-2026,Ahmedabad,110258,siddharth.vaishnav@zomato.com,north indian,pratiksha.kothari@zomato.com,86235,53000.518999999986,13486,14972.518256914987
Sep-2026,Ahmedabad,110304,siddharth.vaishnav@zomato.com,cakes,pratiksha.kothari@zomato.com,113398,69681.976,24530,13754.91623977724
Sep-2026,Ahmedabad,110425,siddharth.vaishnav@zomato.com,south indian,pratiksha.kothari@zomato.com,192282,146115.388,51813,58322.923365092196
Sep-2026,Ahmedabad,110454,siddharth.vaishnav@zomato.com,north indian,pratiksha.kothari@zomato.com,470204,389958.86,139355,122013.19919709717
Sep-2026,Ahmedabad,110524,siddharth.vaishnav@zomato.com,street food,pratiksha.kothari@zomato.com,95717,56749.998,25110,14044.543125087814
Sep-2026,Ahmedabad,110525,siddharth.vaishnav@zomato.com,street food,pratiksha.kothari@zomato.com,159946,1717.7740000000001,45256,115.57370985541691
Sep-2026,Ahmedabad,110655,siddharth.vaishnav@zomato.com,street food,pratiksha.kothari@zomato.com,13890,18810.098,2606,3614.848354381864
Sep-2026,Ahmedabad,110660,siddharth.vaishnav@zomato.com,street food,pratiksha.kothari@zomato.com,60855,59164.15900000001,11357,13201.536261171492
Sep-2026,Ahmedabad,110815,siddharth.vaishnav@zomato.com,north indian,pratiksha.kothari@zomato.com,255570,440855.59,62230,122926.16154040536
Sep-2026,Ahmedabad,110955,siddharth.vaishnav@zomato.com,north indian,pratiksha.kothari@zomato.com,411725,319029.55700000003,91213,80796.08026902984
Sep-2026,Ahmedabad,111153,siddharth.vaishnav@zomato.com,chinese,pratiksha.kothari@zomato.com,187336,404.30000000000007,61066,57.76138808160114
Sep-2026,Ahmedabad,111194,siddharth.vaishnav@zomato.com,street food,pratiksha.kothari@zomato.com,138642,95161.47699999998,27283,22233.331264266522
Sep-2026,Ahmedabad,111261,siddharth.vaishnav@zomato.com,street food,pratiksha.kothari@zomato.com,200170,223000.40300000002,36952,53692.59301007389
Sep-2026,Ahmedabad,111817,siddharth.vaishnav@zomato.com,street food,pratiksha.kothari@zomato.com,421593,309791.002,132386,98040.23802451935
Sep-2026,Ahmedabad,111883,siddharth.vaishnav@zomato.com,street food,pratiksha.kothari@zomato.com,81314,96391.409,22091,31681.35485324585
Sep-2026,Ahmedabad,112158,siddharth.vaishnav@zomato.com,street food,pratiksha.kothari@zomato.com,375451,140442.82000000004,130423,44928.47546230681
Sep-2026,Ahmedabad,112212,siddharth.vaishnav@zomato.com,mithai,pratiksha.kothari@zomato.com,144529,152938.63199999998,39390,36155.93384861748
Sep-2026,Ahmedabad,112213,siddharth.vaishnav@zomato.com,mithai,pratiksha.kothari@zomato.com,143271,131464.374,30153,27879.616638210002
Sep-2026,Ahmedabad,112214,siddharth.vaishnav@zomato.com,mithai,pratiksha.kothari@zomato.com,216909,278983.97399999993,43694,72013.07209814177
Sep-2026,Ahmedabad,112397,siddharth.vaishnav@zomato.com,street food,pratiksha.kothari@zomato.com,173920,131317.128,35565,29500.329926821556
Sep-2026,Ahmedabad,112535,siddharth.vaishnav@zomato.com,street food,pratiksha.kothari@zomato.com,36308,21110.480000000003,6305,4285.274499955753
Sep-2026,Ahmedabad,112911,siddharth.vaishnav@zomato.com,street food,pratiksha.kothari@zomato.com,196657,293856.99199999997,68380,115785.51756719602
Sep-2026,Ahmedabad,112985,siddharth.vaishnav@zomato.com,street food,pratiksha.kothari@zomato.com,44102,41734.577000000005,7858,9397.827767240044
Sep-2026,Ahmedabad,113219,siddharth.vaishnav@zomato.com,pizza,pratiksha.kothari@zomato.com,159099,157481.29700000002,57120,48405.216243069735
Sep-2026,Ahmedabad,113392,siddharth.vaishnav@zomato.com,street food,pratiksha.kothari@zomato.com,111354,98532.22200000001,20372,18055.107252595626
Sep-2026,Ahmedabad,113398,siddharth.vaishnav@zomato.com,street food,pratiksha.kothari@zomato.com,100065,83616.31,23550,20611.483945991873
Sep-2026,Ahmedabad,113407,siddharth.vaishnav@zomato.com,north indian,pratiksha.kothari@zomato.com,364794,519690.1309999997,121757,151099.7028109187
Sep-2026,Ahmedabad,113476,siddharth.vaishnav@zomato.com,street food,pratiksha.kothari@zomato.com,54665,1639.792,15653,341.2358623147919
Sep-2026,Ahmedabad,113555,siddharth.vaishnav@zomato.com,street food,pratiksha.kothari@zomato.com,25618,16797.643,16437,7043.110321028675
Sep-2026,Ahmedabad,113710,siddharth.vaishnav@zomato.com,north indian,pratiksha.kothari@zomato.com,303646,286352.988,62221,56189.53634712415
Sep-2026,Ahmedabad,113773,siddharth.vaishnav@zomato.com,south indian,pratiksha.kothari@zomato.com,451592,280231.179,111797,62893.139980777516
Sep-2026,Ahmedabad,18161735,siddharth.vaishnav@zomato.com,burger,pratiksha.kothari@zomato.com,164426,103291.14600000002,32819,28695.24777872021
Sep-2026,Ahmedabad,18173168,siddharth.vaishnav@zomato.com,north indian,pratiksha.kothari@zomato.com,97048,67524.951,14987,8893.900692262743
Sep-2026,Ahmedabad,18261033,siddharth.vaishnav@zomato.com,street food,pratiksha.kothari@zomato.com,68920,62895.006,13680,13652.581362585885
Sep-2026,Ahmedabad,18264324,siddharth.vaishnav@zomato.com,street food,pratiksha.kothari@zomato.com,112484,88305.77599999998,19660,18991.047002395993
Sep-2026,Ahmedabad,18299257,siddharth.vaishnav@zomato.com,street food,pratiksha.kothari@zomato.com,95611,82377.69900000001,20287,17586.095055287373
Sep-2026,Ahmedabad,18354017,siddharth.vaishnav@zomato.com,mithai,pratiksha.kothari@zomato.com,333937,307641.041,56077,59044.592077818466
Sep-2026,Ahmedabad,18427423,siddharth.vaishnav@zomato.com,street food,pratiksha.kothari@zomato.com,87731,86430.86600000001,28685,24102.883586350028
Sep-2026,Ahmedabad,18541248,siddharth.vaishnav@zomato.com,street food,pratiksha.kothari@zomato.com,99529,86973.92899999999,20868,19926.681342870124
Sep-2026,Ahmedabad,18554503,siddharth.vaishnav@zomato.com,north indian,pratiksha.kothari@zomato.com,222006,208398.343,32768,29947.506943732573
Sep-2026,Ahmedabad,18565170,siddharth.vaishnav@zomato.com,international,pratiksha.kothari@zomato.com,154599,474678.792,43493,98440.630599826
Sep-2026,Ahmedabad,18567768,siddharth.vaishnav@zomato.com,street food,pratiksha.kothari@zomato.com,22610,929.628,4408,149.81449995280397
Sep-2026,Ahmedabad,18619207,siddharth.vaishnav@zomato.com,street food,pratiksha.kothari@zomato.com,87641,93533.32800000004,12554,20614.03452493171
Sep-2026,Ahmedabad,18621282,siddharth.vaishnav@zomato.com,street food,pratiksha.kothari@zomato.com,182633,127908.899,29664,25600.176588831742
Sep-2026,Ahmedabad,18630527,siddharth.vaishnav@zomato.com,north indian,pratiksha.kothari@zomato.com,259332,312394.46699999995,42443,54792.59873511209
Sep-2026,Ahmedabad,18631819,siddharth.vaishnav@zomato.com,street food,pratiksha.kothari@zomato.com,43389,22716.838,7543,5135.797934865237
Sep-2026,Ahmedabad,18634824,siddharth.vaishnav@zomato.com,street food,pratiksha.kothari@zomato.com,34695,37145.526000000005,7723,9657.308063342092
Sep-2026,Ahmedabad,18636945,siddharth.vaishnav@zomato.com,na,pratiksha.kothari@zomato.com,292818,0.0,93994,0.0
Sep-2026,Ahmedabad,18703757,siddharth.vaishnav@zomato.com,north indian,pratiksha.kothari@zomato.com,104109,255931.837,12183,50257.25035629773
Sep-2026,Ahmedabad,18723399,siddharth.vaishnav@zomato.com,street food,pratiksha.kothari@zomato.com,141913,159302.312,20837,23630.057005396135
Sep-2026,Ahmedabad,18728687,siddharth.vaishnav@zomato.com,beverages,pratiksha.kothari@zomato.com,131567,166106.94600000003,33443,39483.695759572176
Sep-2026,Ahmedabad,18775783,siddharth.vaishnav@zomato.com,street food,pratiksha.kothari@zomato.com,23434,25463.186,4093,4028.9897957356425
Sep-2026,Ahmedabad,18797255,siddharth.vaishnav@zomato.com,north indian,pratiksha.kothari@zomato.com,86578,32984.401999999995,36080,6479.682937854697
Sep-2026,Ahmedabad,18801671,siddharth.vaishnav@zomato.com,street food,pratiksha.kothari@zomato.com,50136,20724.268,14967,7311.507014080989
Sep-2026,Ahmedabad,18857339,siddharth.vaishnav@zomato.com,north indian,pratiksha.kothari@zomato.com,300853,150874.42400000003,110606,51209.24530592182
Sep-2026,Ahmedabad,18880338,siddharth.vaishnav@zomato.com,street food,pratiksha.kothari@zomato.com,330756,268732.227,104546,93474.78044138919
Sep-2026,Ahmedabad,18887621,siddharth.vaishnav@zomato.com,north indian,pratiksha.kothari@zomato.com,25472,35465.861999999994,4889,8661.732257594338
Sep-2026,Ahmedabad,18944974,siddharth.vaishnav@zomato.com,"wraps, rolls and sandwiches",pratiksha.kothari@zomato.com,133456,69333.13900000001,33986,16587.831044464292
Sep-2026,Ahmedabad,19043677,siddharth.vaishnav@zomato.com,street food,pratiksha.kothari@zomato.com,31125,19815.743,8818,6546.568481922272
Sep-2026,Ahmedabad,19050712,siddharth.vaishnav@zomato.com,street food,pratiksha.kothari@zomato.com,56938,0.0,21322,0.0
Sep-2026,Ahmedabad,19064518,siddharth.vaishnav@zomato.com,street food,pratiksha.kothari@zomato.com,52857,34794.822,8737,6647.848883700138
Sep-2026,Ahmedabad,19159938,siddharth.vaishnav@zomato.com,north indian,pratiksha.kothari@zomato.com,225440,160838.686,49787,40021.76873430751
Sep-2026,Ahmedabad,19175966,siddharth.vaishnav@zomato.com,street food,pratiksha.kothari@zomato.com,60456,67555.632,11447,14215.147753741932
Sep-2026,Ahmedabad,19181751,siddharth.vaishnav@zomato.com,street food,pratiksha.kothari@zomato.com,45807,52963.221000000005,8755,11435.628233744623
Sep-2026,Ahmedabad,19203741,siddharth.vaishnav@zomato.com,street food,pratiksha.kothari@zomato.com,18530,0.0,12561,0.0
Sep-2026,Ahmedabad,19259498,siddharth.vaishnav@zomato.com,street food,pratiksha.kothari@zomato.com,145624,122939.46800000001,30561,28223.426966429117
Sep-2026,Ahmedabad,19270357,siddharth.vaishnav@zomato.com,street food,pratiksha.kothari@zomato.com,34830,47851.846,6774,9182.325014960505
Sep-2026,Ahmedabad,19292679,siddharth.vaishnav@zomato.com,street food,pratiksha.kothari@zomato.com,59071,71390.08499999999,13474,22491.76286204544
Sep-2026,Ahmedabad,19302682,siddharth.vaishnav@zomato.com,south indian,pratiksha.kothari@zomato.com,218095,159300.88700000002,50109,41581.86344944665
Sep-2026,Ahmedabad,19304783,siddharth.vaishnav@zomato.com,north indian,pratiksha.kothari@zomato.com,60485,43537.787,21390,15104.209410373007
Sep-2026,Ahmedabad,19314123,siddharth.vaishnav@zomato.com,street food,pratiksha.kothari@zomato.com,50774,31479.787,9387,5917.970660451882
Sep-2026,Ahmedabad,19511005,siddharth.vaishnav@zomato.com,street food,pratiksha.kothari@zomato.com,82716,43578.549999999996,14697,9826.163417427251
Sep-2026,Ahmedabad,19519836,siddharth.vaishnav@zomato.com,north indian,pratiksha.kothari@zomato.com,148545,170489.621,42047,53989.912552329784
Sep-2026,Ahmedabad,19538659,siddharth.vaishnav@zomato.com,street food,pratiksha.kothari@zomato.com,187704,76369.81599999999,53245,24906.5043558828
Sep-2026,Ahmedabad,19563173,siddharth.vaishnav@zomato.com,na,pratiksha.kothari@zomato.com,80468,0.0,34337,0.0
Sep-2026,Ahmedabad,19573943,siddharth.vaishnav@zomato.com,north indian,pratiksha.kothari@zomato.com,531092,511633.97699999984,75581,73972.41729928232
Sep-2026,Ahmedabad,19578366,siddharth.vaishnav@zomato.com,street food,pratiksha.kothari@zomato.com,11671,48283.188,1323,6569.6476365710105
Sep-2026,Ahmedabad,19584284,siddharth.vaishnav@zomato.com,street food,pratiksha.kothari@zomato.com,156508,268319.00500000006,39025,71348.06883220549
Sep-2026,Ahmedabad,19645800,siddharth.vaishnav@zomato.com,street food,pratiksha.kothari@zomato.com,37220,32579.693,7066,6925.673396713276
Sep-2026,Ahmedabad,19675546,siddharth.vaishnav@zomato.com,street food,pratiksha.kothari@zomato.com,46564,40727.181,7461,7963.362731030805
Sep-2026,Ahmedabad,19684384,siddharth.vaishnav@zomato.com,street food,pratiksha.kothari@zomato.com,67419,57356.70700000001,13912,13417.80349728882
Sep-2026,Ahmedabad,19691080,siddharth.vaishnav@zomato.com,street food,pratiksha.kothari@zomato.com,222022,110552.767,40210,24991.817824232527
Sep-2026,Ahmedabad,19728625,siddharth.vaishnav@zomato.com,international,pratiksha.kothari@zomato.com,265564,386056.53099999996,72574,119176.71713315131
Sep-2026,Ahmedabad,19753433,siddharth.vaishnav@zomato.com,street food,pratiksha.kothari@zomato.com,407117,183869.56399999995,117584,40169.56061029027
Sep-2026,Ahmedabad,19758538,siddharth.vaishnav@zomato.com,pizza,pratiksha.kothari@zomato.com,1347,38483.71399999999,149,6833.9802968740205
Sep-2026,Ahmedabad,19758929,siddharth.vaishnav@zomato.com,street food,pratiksha.kothari@zomato.com,133565,113386.17899999999,25595,25574.076216298366
Sep-2026,Ahmedabad,19771624,siddharth.vaishnav@zomato.com,international,pratiksha.kothari@zomato.com,83121,80224.12099999998,23006,24978.11109064188
Sep-2026,Ahmedabad,19793854,siddharth.vaishnav@zomato.com,north indian,pratiksha.kothari@zomato.com,248712,263027.29600000003,46748,43811.81458757963
Sep-2026,Ahmedabad,19798517,siddharth.vaishnav@zomato.com,street food,pratiksha.kothari@zomato.com,341144,335796.25599999994,85296,76244.49196105573
Sep-2026,Ahmedabad,19804199,siddharth.vaishnav@zomato.com,biryani,pratiksha.kothari@zomato.com,87877,70236.564,23154,23165.24585753143
Sep-2026,Ahmedabad,19806179,siddharth.vaishnav@zomato.com,street food,pratiksha.kothari@zomato.com,29266,38359.233,5418,8457.473742488175
Sep-2026,Ahmedabad,19818332,siddharth.vaishnav@zomato.com,north indian,pratiksha.kothari@zomato.com,527225,340638.38599999994,186934,111164.58223475258
Sep-2026,Ahmedabad,19822938,siddharth.vaishnav@zomato.com,desserts,pratiksha.kothari@zomato.com,164503,95311.669,52578,33234.07521763542
Sep-2026,Ahmedabad,19849571,siddharth.vaishnav@zomato.com,street food,pratiksha.kothari@zomato.com,78808,44541.425,17059,10439.852498853494
Sep-2026,Ahmedabad,19854017,siddharth.vaishnav@zomato.com,street food,pratiksha.kothari@zomato.com,2142,4094.496,305,5709.71891754233
Sep-2026,Ahmedabad,19883512,siddharth.vaishnav@zomato.com,street food,pratiksha.kothari@zomato.com,0,34225.598,0,6438.142661445949
Sep-2026,Ahmedabad,19890125,siddharth.vaishnav@zomato.com,street food,pratiksha.kothari@zomato.com,140730,80432.03800000002,27644,12895.415374931696
Sep-2026,Ahmedabad,19908003,siddharth.vaishnav@zomato.com,north indian,pratiksha.kothari@zomato.com,216885,210725.968,54064,48595.94495595735
Sep-2026,Ahmedabad,19912635,siddharth.vaishnav@zomato.com,cakes,pratiksha.kothari@zomato.com,83994,54268.045999999995,25421,22101.612015750376
Sep-2026,Ahmedabad,19913888,siddharth.vaishnav@zomato.com,north indian,pratiksha.kothari@zomato.com,315145,220294.34399999998,122343,87012.77545962927
Sep-2026,Ahmedabad,20012111,siddharth.vaishnav@zomato.com,street food,pratiksha.kothari@zomato.com,97195,85989.84800000001,39323,43802.646231608116
Sep-2026,Ahmedabad,20039920,siddharth.vaishnav@zomato.com,cakes,pratiksha.kothari@zomato.com,218169,200652.06900000002,80511,65763.93834420254
Sep-2026,Ahmedabad,20065454,siddharth.vaishnav@zomato.com,beverages,pratiksha.kothari@zomato.com,460351,570393.499,136940,173711.0083821284
Sep-2026,Ahmedabad,20073325,siddharth.vaishnav@zomato.com,north indian,pratiksha.kothari@zomato.com,487143,449822.08100000006,149902,147627.14818381087
Sep-2026,Ahmedabad,20075650,siddharth.vaishnav@zomato.com,pizza,pratiksha.kothari@zomato.com,434253,410264.586,96354,97671.52229537118
Sep-2026,Ahmedabad,20080416,siddharth.vaishnav@zomato.com,international,pratiksha.kothari@zomato.com,171547,111074.124,50079,37655.95549562742
Sep-2026,Ahmedabad,20089259,siddharth.vaishnav@zomato.com,street food,pratiksha.kothari@zomato.com,154442,191679.95799999998,43484,42615.25956819293
Sep-2026,Ahmedabad,20090436,siddharth.vaishnav@zomato.com,street food,pratiksha.kothari@zomato.com,145395,118201.28300000001,38410,30651.874688689342
Sep-2026,Ahmedabad,20092315,siddharth.vaishnav@zomato.com,cakes,pratiksha.kothari@zomato.com,11397,23094.730000000003,2692,4909.210439362746
Sep-2026,Ahmedabad,20106922,siddharth.vaishnav@zomato.com,mithai,pratiksha.kothari@zomato.com,413658,640001.945,81317,150983.0951311692
Sep-2026,Ahmedabad,20119009,siddharth.vaishnav@zomato.com,street food,pratiksha.kothari@zomato.com,34773,10641.078000000001,8041,1977.3932714878445
Sep-2026,Ahmedabad,20128710,siddharth.vaishnav@zomato.com,street food,pratiksha.kothari@zomato.com,40411,70332.997,9558,17368.97568592834
Sep-2026,Ahmedabad,20132218,siddharth.vaishnav@zomato.com,street food,pratiksha.kothari@zomato.com,58495,32008.403999999995,7538,6911.618285528988
Sep-2026,Ahmedabad,20142064,siddharth.vaishnav@zomato.com,street food,pratiksha.kothari@zomato.com,35942,22389.376,4930,1855.5550468235529
Sep-2026,Ahmedabad,20145996,siddharth.vaishnav@zomato.com,street food,pratiksha.kothari@zomato.com,76824,76973.19,15758,17614.77279764017
Sep-2026,Ahmedabad,20151632,siddharth.vaishnav@zomato.com,south indian,pratiksha.kothari@zomato.com,137967,37954.585000000014,74267,23314.90018377845
Sep-2026,Ahmedabad,20187213,siddharth.vaishnav@zomato.com,international,pratiksha.kothari@zomato.com,96075,99304.93400000002,32867,30929.051601577594
Sep-2026,Ahmedabad,20192818,siddharth.vaishnav@zomato.com,north indian,pratiksha.kothari@zomato.com,138590,103702.633,44393,46705.39102247302
Sep-2026,Ahmedabad,20195093,siddharth.vaishnav@zomato.com,street food,pratiksha.kothari@zomato.com,55976,17793.395000000004,8956,2182.888003450845
Sep-2026,Ahmedabad,20215861,siddharth.vaishnav@zomato.com,pizza,pratiksha.kothari@zomato.com,129766,0.0,60005,0.0
Sep-2026,Ahmedabad,20245848,siddharth.vaishnav@zomato.com,street food,pratiksha.kothari@zomato.com,85,0.0,3,0.0
Sep-2026,Ahmedabad,20263125,siddharth.vaishnav@zomato.com,street food,pratiksha.kothari@zomato.com,58571,65106.184,10978,12908.750004754376
Sep-2026,Ahmedabad,20265134,siddharth.vaishnav@zomato.com,na,pratiksha.kothari@zomato.com,32331,0.0,8995,0.0
Sep-2026,Ahmedabad,20274134,siddharth.vaishnav@zomato.com,north indian,pratiksha.kothari@zomato.com,1812,3594.04,251,595.1522986421154
Sep-2026,Ahmedabad,20292192,siddharth.vaishnav@zomato.com,street food,pratiksha.kothari@zomato.com,54650,46913.46599999999,8683,10029.233342624708
Sep-2026,Ahmedabad,20298390,siddharth.vaishnav@zomato.com,pizza,pratiksha.kothari@zomato.com,31696,0.0,17246,0.0
Sep-2026,Ahmedabad,20309750,siddharth.vaishnav@zomato.com,street food,pratiksha.kothari@zomato.com,75782,51454.299999999996,14851,11470.600108669034
Sep-2026,Ahmedabad,20310608,siddharth.vaishnav@zomato.com,street food,pratiksha.kothari@zomato.com,0,59705.52999999999,0,18859.267575319216
Sep-2026,Ahmedabad,20312277,siddharth.vaishnav@zomato.com,north indian,pratiksha.kothari@zomato.com,1262,3899.5460000000003,269,947.0927716585106
Sep-2026,Ahmedabad,20314414,siddharth.vaishnav@zomato.com,north indian,pratiksha.kothari@zomato.com,99163,54832.33899999999,39860,21074.44389169236
Sep-2026,Ahmedabad,20316700,siddharth.vaishnav@zomato.com,mithai,pratiksha.kothari@zomato.com,101664,100877.867,19739,17734.41145419379
Sep-2026,Ahmedabad,20364930,siddharth.vaishnav@zomato.com,street food,pratiksha.kothari@zomato.com,44369,29623.575999999997,7379,6156.979553926958
Sep-2026,Ahmedabad,20370756,siddharth.vaishnav@zomato.com,street food,pratiksha.kothari@zomato.com,37543,30060.440000000006,4904,5265.2901455554875
Sep-2026,Ahmedabad,20373359,siddharth.vaishnav@zomato.com,cakes,pratiksha.kothari@zomato.com,107321,70201.538,40837,17707.98538568385
Sep-2026,Ahmedabad,20373494,siddharth.vaishnav@zomato.com,street food,pratiksha.kothari@zomato.com,39173,0.0,7430,0.0
Sep-2026,Ahmedabad,20373855,siddharth.vaishnav@zomato.com,north indian,pratiksha.kothari@zomato.com,110658,17193.476,47433,6913.301024315582
Sep-2026,Ahmedabad,20376623,siddharth.vaishnav@zomato.com,"wraps, rolls and sandwiches",pratiksha.kothari@zomato.com,52870,16374.154000000002,22555,410.7302638604198
Sep-2026,Ahmedabad,20381409,siddharth.vaishnav@zomato.com,cakes,pratiksha.kothari@zomato.com,150011,156569.19299999997,55929,48159.852303320265
Sep-2026,Ahmedabad,20398763,siddharth.vaishnav@zomato.com,international,pratiksha.kothari@zomato.com,215275,491666.784,51887,92073.86066051558
Sep-2026,Ahmedabad,20425746,siddharth.vaishnav@zomato.com,street food,pratiksha.kothari@zomato.com,44329,31742.621999999996,6988,4462.796628212294
Sep-2026,Ahmedabad,20435628,siddharth.vaishnav@zomato.com,north indian,pratiksha.kothari@zomato.com,493063,313759.98999999993,104189,76570.630127718
Sep-2026,Ahmedabad,20464497,siddharth.vaishnav@zomato.com,street food,pratiksha.kothari@zomato.com,27184,24312.540000000005,3932,3589.051076298185
Sep-2026,Ahmedabad,20487896,siddharth.vaishnav@zomato.com,beverages,pratiksha.kothari@zomato.com,137414,200700.41300000003,43028,71023.39734773006
Sep-2026,Ahmedabad,20491331,siddharth.vaishnav@zomato.com,ice cream,pratiksha.kothari@zomato.com,9308,896.3319999999999,1184,150.15825844726575
Sep-2026,Ahmedabad,20516014,siddharth.vaishnav@zomato.com,mithai,pratiksha.kothari@zomato.com,99390,133618.975,16365,23203.46052354759
Sep-2026,Ahmedabad,20516306,siddharth.vaishnav@zomato.com,street food,pratiksha.kothari@zomato.com,123532,99909.388,45663,28649.24731693887
Sep-2026,Ahmedabad,20529982,siddharth.vaishnav@zomato.com,mithai,pratiksha.kothari@zomato.com,277320,208482.88700000002,42529,38064.72382207807
Sep-2026,Ahmedabad,20530214,siddharth.vaishnav@zomato.com,mithai,pratiksha.kothari@zomato.com,207098,183013.91,77742,46489.836997397586
Sep-2026,Ahmedabad,20538882,siddharth.vaishnav@zomato.com,street food,pratiksha.kothari@zomato.com,162419,165867.16199999998,62704,55279.75540014311
Sep-2026,Ahmedabad,20564790,siddharth.vaishnav@zomato.com,street food,pratiksha.kothari@zomato.com,36789,27484.951999999997,6478,6501.606006260413
Sep-2026,Ahmedabad,20579098,siddharth.vaishnav@zomato.com,mithai,pratiksha.kothari@zomato.com,43056,0.0,8197,0.0
Sep-2026,Ahmedabad,20598743,siddharth.vaishnav@zomato.com,street food,pratiksha.kothari@zomato.com,19715,41767.977,3920,7049.0552345161595
Sep-2026,Ahmedabad,20604081,siddharth.vaishnav@zomato.com,south indian,pratiksha.kothari@zomato.com,258891,226308.816,75259,69265.40170165725
Sep-2026,Ahmedabad,20609129,siddharth.vaishnav@zomato.com,north indian,pratiksha.kothari@zomato.com,89891,0.0,28198,0.0
Sep-2026,Ahmedabad,20610884,siddharth.vaishnav@zomato.com,street food,pratiksha.kothari@zomato.com,58232,32601.150000000005,7873,4676.622080946962
Sep-2026,Ahmedabad,20614488,siddharth.vaishnav@zomato.com,north indian,pratiksha.kothari@zomato.com,2042,6874.579999999999,477,2166.7005279339473
Sep-2026,Ahmedabad,20614926,siddharth.vaishnav@zomato.com,street food,pratiksha.kothari@zomato.com,87531,80301.06799999998,17387,18028.29230139954
Sep-2026,Ahmedabad,20634136,siddharth.vaishnav@zomato.com,street food,pratiksha.kothari@zomato.com,24204,10717.84,5773,1690.7887918474296
Sep-2026,Ahmedabad,20648648,siddharth.vaishnav@zomato.com,biryani,pratiksha.kothari@zomato.com,92056,59429.048,27828,22910.95375081241
Sep-2026,Ahmedabad,20648672,siddharth.vaishnav@zomato.com,north indian,pratiksha.kothari@zomato.com,14182,0.0,2830,0.0
Sep-2026,Ahmedabad,20649428,siddharth.vaishnav@zomato.com,burger,pratiksha.kothari@zomato.com,349826,134255.399,103493,47407.20198980209
Sep-2026,Ahmedabad,20656358,siddharth.vaishnav@zomato.com,street food,pratiksha.kothari@zomato.com,1103,475.9359999999999,315,71.03513594505372
Sep-2026,Ahmedabad,20656918,siddharth.vaishnav@zomato.com,street food,pratiksha.kothari@zomato.com,170905,107113.50899999999,34733,25675.21798873225
Sep-2026,Ahmedabad,20669146,siddharth.vaishnav@zomato.com,street food,pratiksha.kothari@zomato.com,86899,47115.045000000006,35443,11930.923464315329
Sep-2026,Ahmedabad,20674044,siddharth.vaishnav@zomato.com,street food,pratiksha.kothari@zomato.com,83868,95847.093,17472,22665.31269836983
Sep-2026,Ahmedabad,20678803,siddharth.vaishnav@zomato.com,north indian,pratiksha.kothari@zomato.com,103477,65950.012,44151,24652.911710160333
Sep-2026,Ahmedabad,20678905,siddharth.vaishnav@zomato.com,north indian,pratiksha.kothari@zomato.com,481552,274177.14400000003,158099,94018.48421173451
Sep-2026,Ahmedabad,20690218,siddharth.vaishnav@zomato.com,street food,pratiksha.kothari@zomato.com,12679,5837.812,1830,1019.7986399446905
Sep-2026,Ahmedabad,20710114,siddharth.vaishnav@zomato.com,street food,pratiksha.kothari@zomato.com,12758,0.0,2098,0.0
Sep-2026,Ahmedabad,20720728,siddharth.vaishnav@zomato.com,street food,pratiksha.kothari@zomato.com,23227,4236.023999999999,9458,823.1739821124008
Sep-2026,Ahmedabad,20723178,siddharth.vaishnav@zomato.com,desserts,pratiksha.kothari@zomato.com,159113,194353.654,48983,55795.84552928247
Sep-2026,Ahmedabad,20736020,siddharth.vaishnav@zomato.com,street food,pratiksha.kothari@zomato.com,113632,110019.112,23784,26820.240496347913
Sep-2026,Ahmedabad,20745869,siddharth.vaishnav@zomato.com,mithai,pratiksha.kothari@zomato.com,125445,88194.877,21557,11959.983234288065
Sep-2026,Ahmedabad,20749232,siddharth.vaishnav@zomato.com,north indian,pratiksha.kothari@zomato.com,154252,54591.02,46192,18182.17606203082
Sep-2026,Ahmedabad,20759756,siddharth.vaishnav@zomato.com,"wraps, rolls and sandwiches",pratiksha.kothari@zomato.com,116631,215884.603,39458,77201.3368863999
Sep-2026,Ahmedabad,20794584,siddharth.vaishnav@zomato.com,mithai,pratiksha.kothari@zomato.com,56285,39924.335999999996,11076,6957.702457160428
Sep-2026,Ahmedabad,20822268,siddharth.vaishnav@zomato.com,street food,pratiksha.kothari@zomato.com,8058,0.0,1284,0.0
Sep-2026,Ahmedabad,20823327,siddharth.vaishnav@zomato.com,street food,pratiksha.kothari@zomato.com,52587,0.0,9992,0.0
Sep-2026,Ahmedabad,20826541,siddharth.vaishnav@zomato.com,desserts,pratiksha.kothari@zomato.com,41586,69586.10999999999,8989,22320.87551889275
Sep-2026,Ahmedabad,20829354,siddharth.vaishnav@zomato.com,north indian,pratiksha.kothari@zomato.com,591085,640539.3679999998,88562,87681.38530618725
Sep-2026,Ahmedabad,20836401,siddharth.vaishnav@zomato.com,burger,pratiksha.kothari@zomato.com,205403,115497.68,55390,36972.148346613205
Sep-2026,Ahmedabad,20841243,siddharth.vaishnav@zomato.com,international,pratiksha.kothari@zomato.com,506386,324464.962,149363,99820.51039141012
Sep-2026,Ahmedabad,20852395,siddharth.vaishnav@zomato.com,mithai,pratiksha.kothari@zomato.com,202019,222758.68099999998,39450,45762.21639535996
Sep-2026,Ahmedabad,20862694,siddharth.vaishnav@zomato.com,street food,pratiksha.kothari@zomato.com,32886,11196.268,5997,2299.489384683542
Sep-2026,Ahmedabad,20866457,siddharth.vaishnav@zomato.com,street food,pratiksha.kothari@zomato.com,147954,82477.898,40366,16236.849531389253
Sep-2026,Ahmedabad,20893155,siddharth.vaishnav@zomato.com,street food,pratiksha.kothari@zomato.com,24141,35133.59,4711,7760.754545093017
Sep-2026,Ahmedabad,20893295,siddharth.vaishnav@zomato.com,international,pratiksha.kothari@zomato.com,277947,310267.59099999996,76895,91822.19329566092
Sep-2026,Ahmedabad,20905124,siddharth.vaishnav@zomato.com,street food,pratiksha.kothari@zomato.com,226411,307991.68299999996,67026,101531.91263564138
Sep-2026,Ahmedabad,20934547,siddharth.vaishnav@zomato.com,north indian,pratiksha.kothari@zomato.com,213909,203244.04900000006,40209,36483.524808596354
Sep-2026,Ahmedabad,20946492,siddharth.vaishnav@zomato.com,north indian,pratiksha.kothari@zomato.com,0,29557.372,0,6096.258336632021
Sep-2026,Ahmedabad,20979306,siddharth.vaishnav@zomato.com,street food,pratiksha.kothari@zomato.com,23094,27884.084000000003,3887,4337.5219118480745
Sep-2026,Ahmedabad,20985112,siddharth.vaishnav@zomato.com,street food,pratiksha.kothari@zomato.com,45050,28248.079999999998,9088,6422.166182137585
Sep-2026,Ahmedabad,20985314,siddharth.vaishnav@zomato.com,mithai,pratiksha.kothari@zomato.com,146805,218499.75699999995,74741,59718.11357866488
Sep-2026,Ahmedabad,20999223,siddharth.vaishnav@zomato.com,street food,pratiksha.kothari@zomato.com,76352,59621.041999999994,13788,11025.572133392936
Sep-2026,Ahmedabad,21006547,siddharth.vaishnav@zomato.com,south indian,pratiksha.kothari@zomato.com,89582,147781.276,21511,54039.76972284135
Sep-2026,Ahmedabad,21030657,siddharth.vaishnav@zomato.com,street food,pratiksha.kothari@zomato.com,86983,48305.082,23893,11292.206316573067
Sep-2026,Ahmedabad,21052745,siddharth.vaishnav@zomato.com,pizza,pratiksha.kothari@zomato.com,35176,59703.682,10112,18731.03807620327
Sep-2026,Ahmedabad,21085310,siddharth.vaishnav@zomato.com,street food,pratiksha.kothari@zomato.com,69096,64244.75800000001,15141,12751.626115519382
Sep-2026,Ahmedabad,21086120,siddharth.vaishnav@zomato.com,international,pratiksha.kothari@zomato.com,32884,35049.894,10960,14169.003575753855
Sep-2026,Ahmedabad,21129554,siddharth.vaishnav@zomato.com,mithai,pratiksha.kothari@zomato.com,80201,113280.76100000001,19137,26575.469473678517
Sep-2026,Ahmedabad,21144919,siddharth.vaishnav@zomato.com,mithai,pratiksha.kothari@zomato.com,70942,112864.38299999997,30803,24964.29707660022
Sep-2026,Ahmedabad,21170239,siddharth.vaishnav@zomato.com,na,pratiksha.kothari@zomato.com,493,0.0,46,0.0
Sep-2026,Ahmedabad,21178111,siddharth.vaishnav@zomato.com,street food,pratiksha.kothari@zomato.com,25518,28438.181999999997,3783,4638.941182338023
Sep-2026,Ahmedabad,21189755,siddharth.vaishnav@zomato.com,cakes,pratiksha.kothari@zomato.com,93215,45412.54,40831,12699.629102738596
Sep-2026,Ahmedabad,21191663,siddharth.vaishnav@zomato.com,beverages,pratiksha.kothari@zomato.com,87320,68719.773,29359,19076.92015475486
Sep-2026,Ahmedabad,21196561,siddharth.vaishnav@zomato.com,south indian,pratiksha.kothari@zomato.com,227799,91491.909,72366,29654.78440954579
Sep-2026,Ahmedabad,21243852,siddharth.vaishnav@zomato.com,desserts,pratiksha.kothari@zomato.com,28877,50998.664,8979,14510.152641675826
Sep-2026,Ahmedabad,21280661,siddharth.vaishnav@zomato.com,north indian,pratiksha.kothari@zomato.com,190771,113937.30200000001,76297,62616.432520364324
Sep-2026,Ahmedabad,21301082,siddharth.vaishnav@zomato.com,street food,pratiksha.kothari@zomato.com,46342,35393.810000000005,7830,4983.929036607318
Sep-2026,Ahmedabad,21304725,siddharth.vaishnav@zomato.com,mithai,pratiksha.kothari@zomato.com,6963,23388.284999999996,1029,4199.704350399712
Sep-2026,Ahmedabad,21307027,siddharth.vaishnav@zomato.com,beverages,pratiksha.kothari@zomato.com,112374,67421.59199999999,33844,13996.89159478046
Sep-2026,Ahmedabad,21312113,siddharth.vaishnav@zomato.com,street food,pratiksha.kothari@zomato.com,231528,177569.17499999996,65591,43189.83857118137
Sep-2026,Ahmedabad,21320277,siddharth.vaishnav@zomato.com,north indian,pratiksha.kothari@zomato.com,228197,171293.077,81621,72132.93796320003
Sep-2026,Ahmedabad,21340727,siddharth.vaishnav@zomato.com,north indian,pratiksha.kothari@zomato.com,90160,50198.123999999996,27752,21036.698483754597
Sep-2026,Ahmedabad,21342038,siddharth.vaishnav@zomato.com,street food,pratiksha.kothari@zomato.com,18325,8028.512,2790,1354.9043249529288
Sep-2026,Ahmedabad,21393046,siddharth.vaishnav@zomato.com,street food,pratiksha.kothari@zomato.com,53328,50919.84600000001,8975,8046.316706550618
Sep-2026,Ahmedabad,21442821,siddharth.vaishnav@zomato.com,street food,pratiksha.kothari@zomato.com,0,73879.217,0,12995.881456208946
Sep-2026,Ahmedabad,21464306,siddharth.vaishnav@zomato.com,north indian,pratiksha.kothari@zomato.com,17180,108170.03799999999,6231,36780.04593317001
Sep-2026,Ahmedabad,21473840,siddharth.vaishnav@zomato.com,street food,pratiksha.kothari@zomato.com,15625,0.0,2210,0.0
Sep-2026,Ahmedabad,21479337,siddharth.vaishnav@zomato.com,beverages,pratiksha.kothari@zomato.com,295391,264504.256,103522,103027.82871323207
Sep-2026,Ahmedabad,21488020,siddharth.vaishnav@zomato.com,mithai,pratiksha.kothari@zomato.com,342853,285933.489,92903,60823.3032004251
Sep-2026,Ahmedabad,21492069,siddharth.vaishnav@zomato.com,south indian,pratiksha.kothari@zomato.com,55979,40265.12699999999,17292,12565.903217663083
Sep-2026,Ahmedabad,21526991,siddharth.vaishnav@zomato.com,street food,pratiksha.kothari@zomato.com,53175,72751.47300000001,13185,16023.979552555596
Sep-2026,Ahmedabad,21528778,siddharth.vaishnav@zomato.com,south indian,pratiksha.kothari@zomato.com,74758,29178.13,19091,5895.8555593562805
Sep-2026,Ahmedabad,21566335,siddharth.vaishnav@zomato.com,street food,pratiksha.kothari@zomato.com,61057,28592.2,8968,5369.491057492633
Sep-2026,Ahmedabad,21580294,siddharth.vaishnav@zomato.com,pizza,pratiksha.kothari@zomato.com,120648,96406.041,42103,36221.90184626641
Sep-2026,Ahmedabad,21604503,siddharth.vaishnav@zomato.com,south indian,pratiksha.kothari@zomato.com,120702,72886.45199999999,45350,12131.031991032607
Sep-2026,Ahmedabad,21627616,siddharth.vaishnav@zomato.com,international,pratiksha.kothari@zomato.com,144991,188677.05599999995,33195,44622.518966721065
Sep-2026,Ahmedabad,21628068,siddharth.vaishnav@zomato.com,street food,pratiksha.kothari@zomato.com,158016,209572.25600000002,43726,59835.69289640512
Sep-2026,Ahmedabad,21630107,siddharth.vaishnav@zomato.com,north indian,pratiksha.kothari@zomato.com,0,951.9979999999999,0,812.7051270928206
Sep-2026,Ahmedabad,21630658,siddharth.vaishnav@zomato.com,"wraps, rolls and sandwiches",pratiksha.kothari@zomato.com,100784,67086.51699999999,26966,24115.792078807903
Sep-2026,Ahmedabad,21645088,siddharth.vaishnav@zomato.com,street food,pratiksha.kothari@zomato.com,18421,13781.518000000002,406,900.1937610654657
Sep-2026,Ahmedabad,21651513,siddharth.vaishnav@zomato.com,street food,pratiksha.kothari@zomato.com,49995,92089.753,9289,19921.863113860523
Sep-2026,Ahmedabad,21683150,siddharth.vaishnav@zomato.com,street food,pratiksha.kothari@zomato.com,52264,37048.302,10695,6704.834624801142
Sep-2026,Ahmedabad,21721249,siddharth.vaishnav@zomato.com,street food,pratiksha.kothari@zomato.com,5985,0.0,1094,0.0
Sep-2026,Ahmedabad,21736707,siddharth.vaishnav@zomato.com,international,pratiksha.kothari@zomato.com,16091,5632.742,6923,748.4576917942272
Sep-2026,Ahmedabad,21765849,siddharth.vaishnav@zomato.com,desserts,pratiksha.kothari@zomato.com,1515,997.2760000000001,304,218.72957522313118
Sep-2026,Ahmedabad,21778552,siddharth.vaishnav@zomato.com,north indian,pratiksha.kothari@zomato.com,101736,60816.367,17568,12395.508380700545
Sep-2026,Ahmedabad,21782997,siddharth.vaishnav@zomato.com,south indian,pratiksha.kothari@zomato.com,30153,12635.457999999999,15186,6376.569152974574
Sep-2026,Ahmedabad,21788577,siddharth.vaishnav@zomato.com,beverages,pratiksha.kothari@zomato.com,364516,284996.377,160886,120663.94337266436
Sep-2026,Ahmedabad,21837175,siddharth.vaishnav@zomato.com,pizza,pratiksha.kothari@zomato.com,31096,35811.558000000005,3820,1644.6836783880844
Sep-2026,Ahmedabad,21858733,siddharth.vaishnav@zomato.com,mithai,pratiksha.kothari@zomato.com,0,84776.602,0,14304.433960090963
Sep-2026,Ahmedabad,21863857,siddharth.vaishnav@zomato.com,mithai,pratiksha.kothari@zomato.com,115948,53669.24199999999,34286,12968.414911386786
Sep-2026,Ahmedabad,21867307,siddharth.vaishnav@zomato.com,cakes,pratiksha.kothari@zomato.com,102014,142733.25,37600,46494.00635642745
Sep-2026,Ahmedabad,21913729,siddharth.vaishnav@zomato.com,street food,pratiksha.kothari@zomato.com,6039,2498.12,1337,337.5832054574049
Sep-2026,Ahmedabad,21955177,siddharth.vaishnav@zomato.com,street food,pratiksha.kothari@zomato.com,117412,38485.259,32253,7629.9005924933435
Sep-2026,Ahmedabad,21960117,siddharth.vaishnav@zomato.com,mithai,pratiksha.kothari@zomato.com,254864,146084.67299999998,76633,33546.107443986664
Sep-2026,Ahmedabad,21960463,siddharth.vaishnav@zomato.com,mithai,pratiksha.kothari@zomato.com,136286,84914.33000000002,54229,18552.41334699009
Sep-2026,Ahmedabad,22035218,siddharth.vaishnav@zomato.com,pizza,pratiksha.kothari@zomato.com,154194,0.0,71444,0.0
Sep-2026,Ahmedabad,22049386,siddharth.vaishnav@zomato.com,street food,pratiksha.kothari@zomato.com,24429,22098.009,4504,4181.658488017971
Sep-2026,Ahmedabad,22060187,siddharth.vaishnav@zomato.com,street food,pratiksha.kothari@zomato.com,67636,971.87,14574,0.3652754491104291
Sep-2026,Ahmedabad,22063006,siddharth.vaishnav@zomato.com,street food,pratiksha.kothari@zomato.com,0,227.688,0,0.05426797252687079
Sep-2026,Ahmedabad,22220262,siddharth.vaishnav@zomato.com,cakes,pratiksha.kothari@zomato.com,86274,88567.942,27769,31242.21491097702
Sep-2026,Ahmedabad,22234768,siddharth.vaishnav@zomato.com,north indian,pratiksha.kothari@zomato.com,330697,78708.212,120555,40837.43841374543
Sep-2026,Ahmedabad,22234906,siddharth.vaishnav@zomato.com,north indian,pratiksha.kothari@zomato.com,1715,1202.94,251,153.69812312699332
Sep-2026,Ahmedabad,22261453,siddharth.vaishnav@zomato.com,street food,pratiksha.kothari@zomato.com,215933,60185.20700000001,31217,12804.000134932608
Sep-2026,Ahmedabad,22413139,siddharth.vaishnav@zomato.com,south indian,pratiksha.kothari@zomato.com,76712,48648.667,20498,12292.429979453704
Sep-2026,Ahmedabad,22445388,siddharth.vaishnav@zomato.com,"wraps, rolls and sandwiches",pratiksha.kothari@zomato.com,28367,0.0,19809,0.0
Sep-2026,Ahmedabad,22449787,siddharth.vaishnav@zomato.com,south indian,pratiksha.kothari@zomato.com,88076,151190.78399999999,23473,47896.977073840506
Sep-2026,Ahmedabad,22501928,siddharth.vaishnav@zomato.com,pizza,pratiksha.kothari@zomato.com,13816,17137.12,5009,-861.1879227107919
Sep-2026,Ahmedabad,22587471,siddharth.vaishnav@zomato.com,pizza,pratiksha.kothari@zomato.com,11275,41055.791,5925,13805.443260661894
Sep-2026,Ahmedabad,22601304,siddharth.vaishnav@zomato.com,desserts,pratiksha.kothari@zomato.com,1719,0.0,1415,0.0
Sep-2026,Ahmedabad,22601436,siddharth.vaishnav@zomato.com,"wraps, rolls and sandwiches",pratiksha.kothari@zomato.com,47184,20514.672,17787,10383.807287157812
Sep-2026,Ahmedabad,22601481,siddharth.vaishnav@zomato.com,desserts,pratiksha.kothari@zomato.com,3294,367.504,1895,-33.356931193337
Sep-2026,Ahmedabad,22601509,siddharth.vaishnav@zomato.com,international,pratiksha.kothari@zomato.com,3238,712.692,1224,38.5177370761016
Sep-2026,Ahmedabad,22603473,siddharth.vaishnav@zomato.com,street food,pratiksha.kothari@zomato.com,65848,57092.234,10768,11530.867667519593
Sep-2026,Ahmedabad,22612226,siddharth.vaishnav@zomato.com,na,pratiksha.kothari@zomato.com,46,0.0,0,0.0
Sep-2026,Ahmedabad,22626537,siddharth.vaishnav@zomato.com,street food,pratiksha.kothari@zomato.com,8224,0.0,-595,0.0
Sep-2026,Ahmedabad,22651127,siddharth.vaishnav@zomato.com,ice cream,pratiksha.kothari@zomato.com,2044,3832.866,60,755.4576096159982
Sep-2026,Ahmedabad,22654077,siddharth.vaishnav@zomato.com,north indian,pratiksha.kothari@zomato.com,5068,17986.012,-120,8579.30608009491
Sep-2026,Ahmedabad,22657438,siddharth.vaishnav@zomato.com,beverages,pratiksha.kothari@zomato.com,8886,5738.972000000001,6011,2445.6978016963235
Sep-2026,Ahmedabad,22663937,siddharth.vaishnav@zomato.com,street food,pratiksha.kothari@zomato.com,6049,4016.5640000000003,-272,696.4123802645847
Sep-2026,Ahmedabad,22668069,siddharth.vaishnav@zomato.com,street food,pratiksha.kothari@zomato.com,8143,4946.728999999999,-42,330.7890202689003
Sep-2026,Ahmedabad,22673973,siddharth.vaishnav@zomato.com,north indian,pratiksha.kothari@zomato.com,4565,15575.232,853,2059.9855298243706
Sep-2026,Ahmedabad,22682924,siddharth.vaishnav@zomato.com,na,pratiksha.kothari@zomato.com,2283,0.0,-2,0.0
Sep-2026,Ahmedabad,22687568,siddharth.vaishnav@zomato.com,international,pratiksha.kothari@zomato.com,3508,34026.966,-334,10784.849783225225
Sep-2026,Ahmedabad,22693950,siddharth.vaishnav@zomato.com,"wraps, rolls and sandwiches",pratiksha.kothari@zomato.com,8923,449.53399999999993,525,94.90259312042734
Sep-2026,Ahmedabad,22707953,siddharth.vaishnav@zomato.com,north indian,pratiksha.kothari@zomato.com,8016,17552.896,-1059,2625.343034931158
Sep-2026,Ahmedabad,22718400,siddharth.vaishnav@zomato.com,street food,pratiksha.kothari@zomato.com,4117,5169.9940000000015,-337,52.295167334035256
Sep-2026,Ahmedabad,22718653,siddharth.vaishnav@zomato.com,street food,pratiksha.kothari@zomato.com,1807,2537.358,-267,481.0557851527088
Sep-2026,Ahmedabad,22724722,siddharth.vaishnav@zomato.com,south indian,pratiksha.kothari@zomato.com,4459,141747.68799999997,26,42493.46326289175
Sep-2026,Ahmedabad,22728866,siddharth.vaishnav@zomato.com,"wraps, rolls and sandwiches",pratiksha.kothari@zomato.com,1044,57106.94000000002,-94,9802.045624021628
Sep-2026,Ahmedabad,22790744,siddharth.vaishnav@zomato.com,burger,pratiksha.kothari@zomato.com,0,33114.378000000004,0,2075.0590595072495
Sep-2026,Ahmedabad,22794069,siddharth.vaishnav@zomato.com,"wraps, rolls and sandwiches",pratiksha.kothari@zomato.com,0,142703.796,0,22794.41804180362
Sep-2026,Ahmedabad,22798632,siddharth.vaishnav@zomato.com,street food,pratiksha.kothari@zomato.com,0,86679.63999999998,0,25437.469814403845
Sep-2026,Ahmedabad,22799784,siddharth.vaishnav@zomato.com,street food,pratiksha.kothari@zomato.com,0,144352.65000000005,0,18429.533313663534
Sep-2026,Ahmedabad,22801885,siddharth.vaishnav@zomato.com,street food,pratiksha.kothari@zomato.com,0,165791.55999999997,0,49548.55883543591
Sep-2026,Ahmedabad,22810875,siddharth.vaishnav@zomato.com,biryani,pratiksha.kothari@zomato.com,0,42580.35800000001,0,17998.20809834455
Sep-2026,Ahmedabad,22827575,siddharth.vaishnav@zomato.com,"wraps, rolls and sandwiches",pratiksha.kothari@zomato.com,0,97600.426,0,17022.02191703873
Sep-2026,Ahmedabad,22862766,siddharth.vaishnav@zomato.com,street food,pratiksha.kothari@zomato.com,0,4226.662,0,1718.7166862117742
Sep-2026,Ahmedabad,22869362,siddharth.vaishnav@zomato.com,beverages,pratiksha.kothari@zomato.com,0,10665.885,0,2833.120645844276
Sep-2026,Ahmedabad,18766904,abhijitsinh.kher@zomato.com,north indian,purohit.yash@zomato.com,75331,87477.455,23092,25453.080354462523
Sep-2026,Ahmedabad,20503660,abhijitsinh.kher@zomato.com,"wraps, rolls and sandwiches",purohit.yash@zomato.com,162884,185036.36599999998,42629,44382.069514533854
Sep-2026,Ahmedabad,20800475,abhijitsinh.kher@zomato.com,"wraps, rolls and sandwiches",purohit.yash@zomato.com,156933,139565.992,39367,34737.65731709855
Sep-2026,Ahmedabad,20906645,abhijitsinh.kher@zomato.com,"wraps, rolls and sandwiches",purohit.yash@zomato.com,32318,657.138,8549,129.0420497407467
Sep-2026,Ahmedabad,21500590,abhijitsinh.kher@zomato.com,"wraps, rolls and sandwiches",purohit.yash@zomato.com,112090,81427.011,30203,25350.54938873744
Sep-2026,Ahmedabad,20817279,gor.akash@zomato.com,south indian,purohit.yash@zomato.com,124608,80352.403,43894,31377.509605516167
Sep-2026,Ahmedabad,22537314,gor.akash@zomato.com,beverages,purohit.yash@zomato.com,80136,62804.344999999994,28003,19983.077356738482
Sep-2026,Ahmedabad,22508024,mahak.acharya@zomato.com,desserts,purohit.yash@zomato.com,17633,11310.932,10487,3641.968339372264
Sep-2026,Ahmedabad,18636555,singh.nidhi@zomato.com,north indian,purohit.yash@zomato.com,46581,37094.380000000005,8249,7332.31965990686
Sep-2026,Ahmedabad,21167516,singh.nidhi@zomato.com,international,purohit.yash@zomato.com,60293,173813.397,23260,54576.81369082551
Sep-2026,Ahmedabad,21486699,singh.nidhi@zomato.com,north indian,purohit.yash@zomato.com,40287,21472.343,13680,3871.0576301048554
Sep-2026,Ahmedabad,22553333,krina.shah@zomato.com,street food,rahul.salecha@zomato.com,4483,0.0,960,0.0
Sep-2026,Ahmedabad,22603834,krina.shah@zomato.com,street food,rahul.salecha@zomato.com,4770,9649.693,920,1911.8067438609191
Sep-2026,Ahmedabad,22271379,melanie.dsouza@zomato.com,desserts,rahul.salecha@zomato.com,15669,9849.324,3560,562.6757822643827
Sep-2026,Ahmedabad,19292258,niharika.yadav@zomato.com,international,reddi.vivekananda@zomato.com,431276,418599.821,101695,93943.81592648503
Sep-2026,Ahmedabad,20265850,niharika.yadav@zomato.com,international,reddi.vivekananda@zomato.com,1050689,774124.6979999999,208799,180318.00507675853
Sep-2026,Ahmedabad,20265851,niharika.yadav@zomato.com,international,reddi.vivekananda@zomato.com,774214,820612.7769999999,166827,178496.7220069562
Sep-2026,Ahmedabad,20602837,niharika.yadav@zomato.com,international,reddi.vivekananda@zomato.com,390639,477654.76499999996,83719,107086.37404570359
Sep-2026,Ahmedabad,20865499,niharika.yadav@zomato.com,international,reddi.vivekananda@zomato.com,918282,732484.0899999999,190013,172228.00431812071
Sep-2026,Ahmedabad,22377360,kumari.saloni@zomato.com,na,samarjit.guha@zomato.com,85503,0.0,45763,0.0
Sep-2026,Ahmedabad,22649593,shreyaansh.ahuja@zomato.com,street food,samarjit.guha@zomato.com,26395,419778.62899999996,1203,10250.417310484258
Sep-2026,Ahmedabad,22722480,shreyaansh.ahuja@zomato.com,street food,samarjit.guha@zomato.com,794,53535.69,157,7065.528709630866
Sep-2026,Ahmedabad,22786255,shreyaansh.ahuja@zomato.com,street food,samarjit.guha@zomato.com,0,89453.24600000003,0,7097.278240255834
Sep-2026,Ahmedabad,21282039,anudeep.pawar@zomato.com,south indian,samrudhh.bhave@zomato.com,50811,74479.96299999999,7945,13338.683500204683
Sep-2026,Ahmedabad,22565221,anudeep.pawar@zomato.com,south indian,samrudhh.bhave@zomato.com,4407,3474.0560000000005,778,840.910170790972
Sep-2026,Ahmedabad,111048,arijit.moitra@zomato.com,ice cream,satbirsingh.lote@zomato.com,608182,585824.268,81632,72496.95570553964
Sep-2026,Ahmedabad,19032100,arijit.moitra@zomato.com,ice cream,satbirsingh.lote@zomato.com,554707,675953.2170000001,80413,83414.85475559442
Sep-2026,Ahmedabad,20040736,arijit.moitra@zomato.com,ice cream,satbirsingh.lote@zomato.com,141088,138532.99899999998,18322,15310.004619332754
Sep-2026,Ahmedabad,20040760,arijit.moitra@zomato.com,ice cream,satbirsingh.lote@zomato.com,214078,198723.417,26418,18695.45360460484
Sep-2026,Ahmedabad,20040766,arijit.moitra@zomato.com,ice cream,satbirsingh.lote@zomato.com,120600,102134.08899999998,16221,7869.637203442228
Sep-2026,Ahmedabad,20500935,arijit.moitra@zomato.com,ice cream,satbirsingh.lote@zomato.com,34997,0.0,10929,0.0
Sep-2026,Ahmedabad,20500977,arijit.moitra@zomato.com,ice cream,satbirsingh.lote@zomato.com,34091,0.0,10724,0.0
Sep-2026,Ahmedabad,20501029,arijit.moitra@zomato.com,ice cream,satbirsingh.lote@zomato.com,38711,0.0,11554,0.0
Sep-2026,Ahmedabad,20620727,arijit.moitra@zomato.com,north indian,satbirsingh.lote@zomato.com,104328,151108.38700000002,29863,47123.16169872384
Sep-2026,Ahmedabad,20627306,arijit.moitra@zomato.com,international,satbirsingh.lote@zomato.com,149287,189886.40899999999,41580,61251.5095165587
Sep-2026,Ahmedabad,20698004,arijit.moitra@zomato.com,chinese,satbirsingh.lote@zomato.com,285032,206449.13700000002,68934,73456.89818637993
Sep-2026,Ahmedabad,20740116,arijit.moitra@zomato.com,ice cream,satbirsingh.lote@zomato.com,35907,0.0,11346,0.0
Sep-2026,Ahmedabad,21139664,arijit.moitra@zomato.com,ice cream,satbirsingh.lote@zomato.com,85884,126825.90199999999,11055,12433.737743633425
Sep-2026,Ahmedabad,22376303,arijit.moitra@zomato.com,ice cream,satbirsingh.lote@zomato.com,468763,366046.672,62611,46469.96165920163
Sep-2026,Ahmedabad,22804903,arijit.moitra@zomato.com,ice cream,satbirsingh.lote@zomato.com,0,222202.03399999999,0,33392.21184517327
Sep-2026,Ahmedabad,20552845,bhumika.asnani@zomato.com,north indian,satbirsingh.lote@zomato.com,596007,676374.6300000001,137554,148226.17061802163
Sep-2026,Ahmedabad,20847225,bhumika.asnani@zomato.com,north indian,satbirsingh.lote@zomato.com,555038,562246.796,130990,132914.0427525999
Sep-2026,Ahmedabad,21478096,bhumika.asnani@zomato.com,north indian,satbirsingh.lote@zomato.com,445047,620364.4789999999,108773,145211.15983168432
Sep-2026,Ahmedabad,22208356,bhumika.asnani@zomato.com,north indian,satbirsingh.lote@zomato.com,1283855,439289.71700000006,342009,117820.06411352617
Sep-2026,Ahmedabad,20627255,priya.jha@zomato.com,cakes,satbirsingh.lote@zomato.com,519706,472151.497,137230,96638.00515250312
Sep-2026,Ahmedabad,21022161,priya.jha@zomato.com,cakes,satbirsingh.lote@zomato.com,6268,4279.897,941,376.11112437896423
Sep-2026,Ahmedabad,21614539,priya.jha@zomato.com,desserts,satbirsingh.lote@zomato.com,114412,63738.33699999999,26806,17340.369375617473
Sep-2026,Ahmedabad,21777418,priya.jha@zomato.com,cakes,satbirsingh.lote@zomato.com,219088,251640.155,69094,60180.20856187304
Sep-2026,Ahmedabad,22716187,priya.jha@zomato.com,desserts,satbirsingh.lote@zomato.com,0,12534.704000000002,0,1827.7010087104652
Sep-2026,Ahmedabad,110247,raiyan.sayed@zomato.com,biryani,satbirsingh.lote@zomato.com,24021,869.0319999999999,4222,227.05451281093644
Sep-2026,Ahmedabad,19059874,raiyan.sayed@zomato.com,desserts,satbirsingh.lote@zomato.com,17027,0.0,2285,0.0
Sep-2026,Ahmedabad,20758960,raiyan.sayed@zomato.com,pizza,satbirsingh.lote@zomato.com,49945,31307.904,7343,5412.451351991511
Sep-2026,Ahmedabad,20758969,raiyan.sayed@zomato.com,pizza,satbirsingh.lote@zomato.com,32177,13004.518,4155,1671.964438089218
Sep-2026,Ahmedabad,20791503,raiyan.sayed@zomato.com,pizza,satbirsingh.lote@zomato.com,7571,966.014,2061,279.63103737686885
Sep-2026,Ahmedabad,20791515,raiyan.sayed@zomato.com,pizza,satbirsingh.lote@zomato.com,6476,211.312,1433,102.11842613381747
Sep-2026,Ahmedabad,20791558,raiyan.sayed@zomato.com,desserts,satbirsingh.lote@zomato.com,1036,1009.15,176,228.57975322663805
Sep-2026,Ahmedabad,20862708,raiyan.sayed@zomato.com,biryani,satbirsingh.lote@zomato.com,49043,70186.13999999998,7956,13093.045712471205
Sep-2026,Ahmedabad,20862721,raiyan.sayed@zomato.com,north indian,satbirsingh.lote@zomato.com,64802,54221.443,10283,10112.046944126385
Sep-2026,Ahmedabad,20862844,raiyan.sayed@zomato.com,pizza,satbirsingh.lote@zomato.com,25026,40314.27600000001,4924,8968.027084061543
Sep-2026,Ahmedabad,20862852,raiyan.sayed@zomato.com,pizza,satbirsingh.lote@zomato.com,22763,2867.888,4374,527.1552081249372
Sep-2026,Ahmedabad,20863020,raiyan.sayed@zomato.com,desserts,satbirsingh.lote@zomato.com,10619,12696.038,1501,3204.154721800127
Sep-2026,Ahmedabad,20903994,raiyan.sayed@zomato.com,north indian,satbirsingh.lote@zomato.com,36461,11050.654000000002,5279,1793.7703296265495
Sep-2026,Ahmedabad,20904033,raiyan.sayed@zomato.com,pizza,satbirsingh.lote@zomato.com,22182,7415.853000000001,4032,1631.5501086875631
Sep-2026,Ahmedabad,20904039,raiyan.sayed@zomato.com,pizza,satbirsingh.lote@zomato.com,13925,1126.728,2446,322.8808455334405
Sep-2026,Ahmedabad,20904076,raiyan.sayed@zomato.com,desserts,satbirsingh.lote@zomato.com,22917,6149.434,3157,1410.6823893138953
Sep-2026,Ahmedabad,21370625,raiyan.sayed@zomato.com,chinese,satbirsingh.lote@zomato.com,0,853.1460000000001,0,386.0369521739307
Sep-2026,Ahmedabad,21463796,raiyan.sayed@zomato.com,north indian,satbirsingh.lote@zomato.com,0,155.76200000000003,0,59.92809520575358
Sep-2026,Ahmedabad,21594066,raiyan.sayed@zomato.com,north indian,satbirsingh.lote@zomato.com,1066,0.0,103,0.0
Sep-2026,Ahmedabad,21596360,raiyan.sayed@zomato.com,north indian,satbirsingh.lote@zomato.com,42,0.0,0,0.0
Sep-2026,Ahmedabad,21596424,raiyan.sayed@zomato.com,north indian,satbirsingh.lote@zomato.com,15135,9974.106,1844,1582.5407160956527
Sep-2026,Ahmedabad,21596487,raiyan.sayed@zomato.com,north indian,satbirsingh.lote@zomato.com,5770,25349.078,341,6018.067606265751
Sep-2026,Ahmedabad,21738074,raiyan.sayed@zomato.com,north indian,satbirsingh.lote@zomato.com,881,0.0,108,0.0
Sep-2026,Ahmedabad,21738082,raiyan.sayed@zomato.com,north indian,satbirsingh.lote@zomato.com,9576,5136.874,1255,843.7074062607542
Sep-2026,Ahmedabad,21738468,raiyan.sayed@zomato.com,north indian,satbirsingh.lote@zomato.com,0,1277.902,0,256.03315241851044
Sep-2026,Ahmedabad,21738487,raiyan.sayed@zomato.com,north indian,satbirsingh.lote@zomato.com,0,188.00800000000004,0,0.05426797252687079
Sep-2026,Ahmedabad,21867679,raiyan.sayed@zomato.com,pizza,satbirsingh.lote@zomato.com,256,0.0,-6,0.0
Sep-2026,Ahmedabad,21879505,raiyan.sayed@zomato.com,pizza,satbirsingh.lote@zomato.com,445,0.0,23,0.0
Sep-2026,Ahmedabad,21879520,raiyan.sayed@zomato.com,pizza,satbirsingh.lote@zomato.com,94,484.01800000000003,23,95.38088992655557
Sep-2026,Ahmedabad,21942167,raiyan.sayed@zomato.com,chinese,satbirsingh.lote@zomato.com,82700,23979.348000000005,22268,5696.252322281005
Sep-2026,Ahmedabad,21942177,raiyan.sayed@zomato.com,chinese,satbirsingh.lote@zomato.com,10789,4912.374,2654,875.1702076726899
Sep-2026,Ahmedabad,21997100,raiyan.sayed@zomato.com,chinese,satbirsingh.lote@zomato.com,164541,176754.625,41675,53628.953692260766
Sep-2026,Ahmedabad,21998594,raiyan.sayed@zomato.com,chinese,satbirsingh.lote@zomato.com,42463,26943.593,9253,5022.416103174032
Sep-2026,Ahmedabad,22210847,raiyan.sayed@zomato.com,north indian,satbirsingh.lote@zomato.com,2881,2564.486,86,509.2720532662626
Sep-2026,Ahmedabad,22210867,raiyan.sayed@zomato.com,chinese,satbirsingh.lote@zomato.com,36490,4331.151000000001,8082,584.5486412625244
Sep-2026,Ahmedabad,22211147,raiyan.sayed@zomato.com,chinese,satbirsingh.lote@zomato.com,5507,1970.906,797,91.28157835647134
Sep-2026,Ahmedabad,22239106,raiyan.sayed@zomato.com,chinese,satbirsingh.lote@zomato.com,41904,43499.376,13009,8481.308318922029
Sep-2026,Ahmedabad,22239132,raiyan.sayed@zomato.com,chinese,satbirsingh.lote@zomato.com,193392,28681.772,48783,6457.889605193661
Sep-2026,Ahmedabad,22239143,raiyan.sayed@zomato.com,north indian,satbirsingh.lote@zomato.com,0,253.002,0,79.48842613381747
Sep-2026,Ahmedabad,22239165,raiyan.sayed@zomato.com,north indian,satbirsingh.lote@zomato.com,22743,1584.574,3267,268.9096512103221
Sep-2026,Ahmedabad,22240529,raiyan.sayed@zomato.com,north indian,satbirsingh.lote@zomato.com,9820,10175.076000000001,1465,2299.773183766166
Sep-2026,Ahmedabad,22240552,raiyan.sayed@zomato.com,pizza,satbirsingh.lote@zomato.com,29251,16911.554000000004,3225,1953.7001110399513
Sep-2026,Ahmedabad,22241250,raiyan.sayed@zomato.com,north indian,satbirsingh.lote@zomato.com,4352,3609.21,503,644.8469415282607
Sep-2026,Ahmedabad,22241370,raiyan.sayed@zomato.com,north indian,satbirsingh.lote@zomato.com,53000,6788.219999999999,7006,1222.6198183891354
Sep-2026,Ahmedabad,22241628,raiyan.sayed@zomato.com,chinese,satbirsingh.lote@zomato.com,53524,10484.857999999998,11652,2402.530532223497
Sep-2026,Ahmedabad,22241875,raiyan.sayed@zomato.com,north indian,satbirsingh.lote@zomato.com,704,0.0,45,0.0
Sep-2026,Ahmedabad,22241906,raiyan.sayed@zomato.com,north indian,satbirsingh.lote@zomato.com,32283,20346.53,3343,5119.449704159909
Sep-2026,Ahmedabad,22264102,raiyan.sayed@zomato.com,pizza,satbirsingh.lote@zomato.com,49224,26624.225000000002,7644,6796.327565144826
Sep-2026,Ahmedabad,22264173,raiyan.sayed@zomato.com,north indian,satbirsingh.lote@zomato.com,55510,4839.144,5758,920.07517012235
Sep-2026,Ahmedabad,22264218,raiyan.sayed@zomato.com,north indian,satbirsingh.lote@zomato.com,103480,35272.704,13048,6032.29820639412
Sep-2026,Ahmedabad,22266482,raiyan.sayed@zomato.com,chinese,satbirsingh.lote@zomato.com,37976,26355.205,9193,4989.6795715449525
Sep-2026,Ahmedabad,22267019,raiyan.sayed@zomato.com,biryani,satbirsingh.lote@zomato.com,251,0.0,0,0.0
Sep-2026,Ahmedabad,22267228,raiyan.sayed@zomato.com,biryani,satbirsingh.lote@zomato.com,17709,60671.602,2323,11680.399624866519
Sep-2026,Ahmedabad,22267489,raiyan.sayed@zomato.com,street food,satbirsingh.lote@zomato.com,0,483.66599999999994,0,79.04294357302365
Sep-2026,Ahmedabad,22267492,raiyan.sayed@zomato.com,street food,satbirsingh.lote@zomato.com,1243,703.2320000000002,110,138.45662249819006
Sep-2026,Ahmedabad,22267493,raiyan.sayed@zomato.com,street food,satbirsingh.lote@zomato.com,2277,5344.442000000001,248,1003.7403048774739
Sep-2026,Ahmedabad,22267496,raiyan.sayed@zomato.com,street food,satbirsingh.lote@zomato.com,3437,4663.372,572,731.1643502408715
Sep-2026,Ahmedabad,22267501,raiyan.sayed@zomato.com,street food,satbirsingh.lote@zomato.com,4499,1668.1460000000002,699,199.3508492649333
Sep-2026,Ahmedabad,22270815,raiyan.sayed@zomato.com,north indian,satbirsingh.lote@zomato.com,36892,6125.0019999999995,4604,139.27059771433687
Sep-2026,Ahmedabad,22276106,raiyan.sayed@zomato.com,pizza,satbirsingh.lote@zomato.com,44270,25774.48,8332,4902.344138598686
Sep-2026,Ahmedabad,22276109,raiyan.sayed@zomato.com,pizza,satbirsingh.lote@zomato.com,175,174.03199999999998,30,32.72030078016733
Sep-2026,Ahmedabad,22276119,raiyan.sayed@zomato.com,pizza,satbirsingh.lote@zomato.com,53938,32571.956000000002,11030,6058.3171419811715
Sep-2026,Ahmedabad,22276157,raiyan.sayed@zomato.com,desserts,satbirsingh.lote@zomato.com,946,2361.1479999999997,162,269.35326085197846
Sep-2026,Ahmedabad,22276162,raiyan.sayed@zomato.com,desserts,satbirsingh.lote@zomato.com,506,2079.75,89,361.293417685877
Sep-2026,Ahmedabad,22276169,raiyan.sayed@zomato.com,desserts,satbirsingh.lote@zomato.com,312,232.99799999999996,58,45.13159287584755
Sep-2026,Ahmedabad,22276181,raiyan.sayed@zomato.com,north indian,satbirsingh.lote@zomato.com,1597,231.88799999999998,89,44.82291409228598
Sep-2026,Ahmedabad,22276187,raiyan.sayed@zomato.com,desserts,satbirsingh.lote@zomato.com,392,0.0,26,0.0
Sep-2026,Ahmedabad,22276194,raiyan.sayed@zomato.com,desserts,satbirsingh.lote@zomato.com,925,986.2520000000001,128,178.8959790851223
Sep-2026,Ahmedabad,22276217,raiyan.sayed@zomato.com,desserts,satbirsingh.lote@zomato.com,1671,274.418,287,53.66860960605964
Sep-2026,Ahmedabad,22276223,raiyan.sayed@zomato.com,desserts,satbirsingh.lote@zomato.com,839,0.0,147,0.0
Sep-2026,Ahmedabad,22276234,raiyan.sayed@zomato.com,desserts,satbirsingh.lote@zomato.com,23401,8585.786,3555,1534.8118533742625
Sep-2026,Ahmedabad,22276242,raiyan.sayed@zomato.com,north indian,satbirsingh.lote@zomato.com,14857,11889.207999999999,2084,2114.5215689465954
Sep-2026,Ahmedabad,22276251,raiyan.sayed@zomato.com,north indian,satbirsingh.lote@zomato.com,15629,2881.52,1914,538.6916274142252
Sep-2026,Ahmedabad,22276254,raiyan.sayed@zomato.com,north indian,satbirsingh.lote@zomato.com,4115,1874.5940000000003,721,361.15088123594853
Sep-2026,Ahmedabad,22276260,raiyan.sayed@zomato.com,desserts,satbirsingh.lote@zomato.com,14943,3523.814,2249,578.4857685931066
Sep-2026,Ahmedabad,22649095,raiyan.sayed@zomato.com,pizza,satbirsingh.lote@zomato.com,6221,34065.738,1316,9530.784187859743
Sep-2026,Ahmedabad,22649291,raiyan.sayed@zomato.com,pizza,satbirsingh.lote@zomato.com,4238,9267.070000000002,795,2344.8726176554183
Sep-2026,Ahmedabad,22649293,raiyan.sayed@zomato.com,chinese,satbirsingh.lote@zomato.com,1625,2630.032,325,1281.105456912499
Sep-2026,Ahmedabad,22649549,raiyan.sayed@zomato.com,beverages,satbirsingh.lote@zomato.com,1919,0.0,358,0.0
Sep-2026,Ahmedabad,22649570,raiyan.sayed@zomato.com,desserts,satbirsingh.lote@zomato.com,5115,15620.672999999999,1003,5009.338681913004
Sep-2026,Ahmedabad,22649580,raiyan.sayed@zomato.com,ice cream,satbirsingh.lote@zomato.com,1076,0.0,214,0.0
Sep-2026,Ahmedabad,22720220,raiyan.sayed@zomato.com,chinese,satbirsingh.lote@zomato.com,0,605.95,0,167.68247549353018
Sep-2026,Ahmedabad,21750788,tasneem.arab@zomato.com,pizza,satbirsingh.lote@zomato.com,370434,289163.67899999995,78719,63903.18662327774
Sep-2026,Ahmedabad,21878194,tasneem.arab@zomato.com,pizza,satbirsingh.lote@zomato.com,144620,154866.108,25873,28385.071460463398
Sep-2026,Ahmedabad,22493803,tasneem.arab@zomato.com,pizza,satbirsingh.lote@zomato.com,121531,114259.20900000002,19479,19945.9703808978
Sep-2026,Ahmedabad,22676400,tasneem.arab@zomato.com,pizza,satbirsingh.lote@zomato.com,44103,121237.24500000001,9473,21492.604178346774
Sep-2026,Ahmedabad,20473688,denzien.mathew@zomato.com,desserts,shivansh.bhola@zomato.com,36318,31011.729,6069,6116.017301381056
Sep-2026,Ahmedabad,21672477,udit.hegde@zomato.com,street food,shivansh.bhola@zomato.com,61462,65127.782,12616,14420.269064280055
Sep-2026,Ahmedabad,21177353,harshit.chhabra@zomato.com,south indian,snehil.maheshkar@zomato.com,3610,865.46,127,-230.17118085892895
Sep-2026,Ahmedabad,21888234,paliwal.grasim@zomato.com,beverages,snehil.maheshkar@zomato.com,43570,4679.548000000001,14409,980.7286033227592
Sep-2026,Ahmedabad,22463740,zuha.shaikh@zomato.com,ice cream,snehil.maheshkar@zomato.com,24103,35316.492,5662,8004.392555498955
Sep-2026,Ahmedabad,22127551,akshay.sh@zomato.com,pizza,sohrabjit.bhullar@zomato.com,3440,0.0,1890,0.0
Sep-2026,Ahmedabad,22779605,akshay.sh@zomato.com,"wraps, rolls and sandwiches",sohrabjit.bhullar@zomato.com,0,16742.127,0,1675.2568379594436
Sep-2026,Ahmedabad,22828136,akshay.sh@zomato.com,burger,sohrabjit.bhullar@zomato.com,0,309132.27199999994,0,39417.909892409276
Sep-2026,Ahmedabad,110803,ayush.naudiyal@zomato.com,mithai,sohrabjit.bhullar@zomato.com,183542,316857.42399999994,13459,32098.136789718315
Sep-2026,Ahmedabad,18885544,ayush.naudiyal@zomato.com,mithai,sohrabjit.bhullar@zomato.com,207274,299447.1,14737,33131.041132632374
Sep-2026,Ahmedabad,20926879,hiteshita.kapoor@zomato.com,pizza,sohrabjit.bhullar@zomato.com,103630,79976.236,27363,21221.71704637676
Sep-2026,Ahmedabad,21419118,hiteshita.kapoor@zomato.com,pizza,sohrabjit.bhullar@zomato.com,43463,0.0,15080,0.0
Sep-2026,Ahmedabad,21074746,hunny.nagpal@zomato.com,cakes,sohrabjit.bhullar@zomato.com,301939,384074.91900000005,61922,100186.30820082081
Sep-2026,Ahmedabad,21513746,hunny.nagpal@zomato.com,cakes,sohrabjit.bhullar@zomato.com,79725,9424.356000000002,14850,3043.3597953902436
Sep-2026,Ahmedabad,21807192,hunny.nagpal@zomato.com,"wraps, rolls and sandwiches",sohrabjit.bhullar@zomato.com,280938,132229.414,24028,4074.799350417081
Sep-2026,Ahmedabad,21877076,hunny.nagpal@zomato.com,"wraps, rolls and sandwiches",sohrabjit.bhullar@zomato.com,376152,115851.77599999998,30143,8748.887116261492
Sep-2026,Ahmedabad,22507981,hunny.nagpal@zomato.com,"wraps, rolls and sandwiches",sohrabjit.bhullar@zomato.com,1291,18028.180000000004,74,2780.0883465215607
Sep-2026,Ahmedabad,22508052,hunny.nagpal@zomato.com,"wraps, rolls and sandwiches",sohrabjit.bhullar@zomato.com,1517,6934.704000000001,29,634.9892330822615
Sep-2026,Ahmedabad,22761264,hunny.nagpal@zomato.com,"wraps, rolls and sandwiches",sohrabjit.bhullar@zomato.com,0,78582.61900000002,0,10394.542409012978
Sep-2026,Ahmedabad,22347534,abhishekmishra@zomato.com,international,sufiyan.boxwala@zomato.com,4078,9099.132000000001,8853,10725.602489749977
Sep-2026,Ahmedabad,22308871,ajay.pachori@zomato.com,biryani,vatsal.katkoria@zomato.com,0,4276.6939999999995,0,886.7960704850975
Sep-2026,Ahmedabad,22312890,ajay.pachori@zomato.com,beverages,vatsal.katkoria@zomato.com,0,197.35799999999995,0,49.50329040084557
Sep-2026,Ahmedabad,22900123,ayush.chaurasia@zomato.com,north indian,vatsal.katkoria@zomato.com,0,52818.418999999994,0,4470.811127083873
Sep-2026,Ahmedabad,21812576,debashish.mahakud@zomato.com,desserts,vatsal.katkoria@zomato.com,9761,43317.932,1690,7942.823291423982
Sep-2026,Ahmedabad,21840732,debashish.mahakud@zomato.com,desserts,vatsal.katkoria@zomato.com,5151,5873.879999999998,1243,1350.3914219292014
Sep-2026,Ahmedabad,22113286,debashish.mahakud@zomato.com,desserts,vatsal.katkoria@zomato.com,35355,25636.891999999996,7784,3937.468627550219
Sep-2026,Ahmedabad,22180083,debashish.mahakud@zomato.com,desserts,vatsal.katkoria@zomato.com,29086,38756.225,5922,9823.469103274385
Sep-2026,Ahmedabad,22243884,debashish.mahakud@zomato.com,desserts,vatsal.katkoria@zomato.com,6096,22080.872,1328,4646.502832261242
Sep-2026,Ahmedabad,22266554,debashish.mahakud@zomato.com,desserts,vatsal.katkoria@zomato.com,19255,40092.015,4222,10286.294379380226
Sep-2026,Ahmedabad,22282882,debashish.mahakud@zomato.com,desserts,vatsal.katkoria@zomato.com,10269,18707.243999999995,2137,3479.9879326567357
Sep-2026,Ahmedabad,22443150,debashish.mahakud@zomato.com,desserts,vatsal.katkoria@zomato.com,11773,0.0,2916,0.0
Sep-2026,Ahmedabad,22303932,ritik.talreja@zomato.com,biryani,vatsal.katkoria@zomato.com,0,1342.3220000000001,0,229.0295458322041
Sep-2026,Ahmedabad,22304090,ritik.talreja@zomato.com,mithai,vatsal.katkoria@zomato.com,492,0.0,0,0.0
Sep-2026,Ahmedabad,22312336,ritik.talreja@zomato.com,mithai,vatsal.katkoria@zomato.com,0,125.15200000000002,0,91.85662249819005
Sep-2026,Ahmedabad,20951533,nachiket.acharya@zomato.com,pizza,veena.rathor@zomato.com,158519,62874.67600000001,47492,21954.847858399975
Sep-2026,Ahmedabad,22262807,rathod.ankit@zomato.com,street food,veena.rathor@zomato.com,9862,0.0,1496,0.0
Sep-2026,Ahmedabad,22561613,rathod.ankit@zomato.com,street food,veena.rathor@zomato.com,26977,16555.37,4308,2643.4893409072392
Sep-2026,Ahmedabad,21961289,ansh.bhutani@zomato.com,pizza,vikrant.kundu@zomato.com,7759,0.0,963,0.0
Sep-2026,Ahmedabad,22485709,ansh.bhutani@zomato.com,pizza,vikrant.kundu@zomato.com,5872,0.0,859,0.0
Sep-2026,Ahmedabad,22654055,gupta.saket@zomato.com,north indian,vikrant.kundu@zomato.com,63721,400783.67799999996,2389,87955.71870897728
Sep-2026,Ahmedabad,22627246,neitya.mohta@zomato.com,international,vikrant.kundu@zomato.com,228558,294055.68100000004,45322,74098.96487083341
Sep-2026,Ahmedabad,110116,rishav.r@zomato.com,pizza,vrashali.lohia@zomato.com,534805,456181.5859999999,34182,20118.17338725426
Sep-2026,Ahmedabad,110117,rishav.r@zomato.com,pizza,vrashali.lohia@zomato.com,385942,95716.929,24107,4411.640584147004
Sep-2026,Ahmedabad,110119,rishav.r@zomato.com,pizza,vrashali.lohia@zomato.com,343607,283274.56100000005,22460,12664.325094173084
Sep-2026,Ahmedabad,110120,rishav.r@zomato.com,pizza,vrashali.lohia@zomato.com,649531,436981.84400000004,43969,18695.407891540723
Sep-2026,Ahmedabad,110561,rishav.r@zomato.com,pizza,vrashali.lohia@zomato.com,481109,382110.422,30182,17694.286196252448
Sep-2026,Ahmedabad,110667,rishav.r@zomato.com,pizza,vrashali.lohia@zomato.com,512395,443284.377,33572,19340.343890948956
Sep-2026,Ahmedabad,111823,rishav.r@zomato.com,pizza,vrashali.lohia@zomato.com,588749,480711.9959999999,34042,22651.51203469318
Sep-2026,Ahmedabad,111856,rishav.r@zomato.com,pizza,vrashali.lohia@zomato.com,472764,384134.3869999999,31422,17696.182495175017
Sep-2026,Ahmedabad,112078,rishav.r@zomato.com,pizza,vrashali.lohia@zomato.com,484475,359109.692,27825,15997.156677710995
Sep-2026,Ahmedabad,112134,rishav.r@zomato.com,pizza,vrashali.lohia@zomato.com,471285,435335.214,31659,19317.3930102916
Sep-2026,Ahmedabad,112380,rishav.r@zomato.com,pizza,vrashali.lohia@zomato.com,640058,456664.5020000001,41114,20330.228172660685
Sep-2026,Ahmedabad,112434,rishav.r@zomato.com,pizza,vrashali.lohia@zomato.com,479601,382468.56799999997,32325,16348.008630086679
Sep-2026,Ahmedabad,112511,rishav.r@zomato.com,pizza,vrashali.lohia@zomato.com,741328,526906.7420000001,42853,21787.625477723574
Sep-2026,Ahmedabad,112651,rishav.r@zomato.com,pizza,vrashali.lohia@zomato.com,396781,404601.365,28191,18629.600758602475
Sep-2026,Ahmedabad,113085,rishav.r@zomato.com,pizza,vrashali.lohia@zomato.com,343671,277695.972,22673,12523.837927162209
Sep-2026,Ahmedabad,113095,rishav.r@zomato.com,pizza,vrashali.lohia@zomato.com,651270,399514.40799999994,41822,16813.134532955242
Sep-2026,Ahmedabad,113251,rishav.r@zomato.com,pizza,vrashali.lohia@zomato.com,374720,329311.444,25798,14416.972875040115
Sep-2026,Ahmedabad,18143154,rishav.r@zomato.com,pizza,vrashali.lohia@zomato.com,383492,313432.62,22078,14455.915156407087
Sep-2026,Ahmedabad,18143165,rishav.r@zomato.com,pizza,vrashali.lohia@zomato.com,518744,408529.56999999995,31416,17821.31699119057
Sep-2026,Ahmedabad,18275499,rishav.r@zomato.com,pizza,vrashali.lohia@zomato.com,366085,255904.332,26888,12237.942582362652
Sep-2026,Ahmedabad,18385169,rishav.r@zomato.com,pizza,vrashali.lohia@zomato.com,818380,741351.9509999999,51985,32283.911250020825
Sep-2026,Ahmedabad,18821614,rishav.r@zomato.com,pizza,vrashali.lohia@zomato.com,527810,445727.2,33053,19691.170021658676
Sep-2026,Ahmedabad,19038692,rishav.r@zomato.com,pizza,vrashali.lohia@zomato.com,372302,281357.595,23482,12128.678412869856
Sep-2026,Ahmedabad,19038697,rishav.r@zomato.com,pizza,vrashali.lohia@zomato.com,577814,513965.9899999999,36002,22443.41473189229
Sep-2026,Ahmedabad,19313129,rishav.r@zomato.com,pizza,vrashali.lohia@zomato.com,542797,561264.696,32588,25297.4719191108
Sep-2026,Ahmedabad,19587936,rishav.r@zomato.com,pizza,vrashali.lohia@zomato.com,699848,611323.145,36557,24137.982150754997
Sep-2026,Ahmedabad,19587942,rishav.r@zomato.com,pizza,vrashali.lohia@zomato.com,572724,439636.348,36200,19240.497113344663
Sep-2026,Ahmedabad,19788432,rishav.r@zomato.com,pizza,vrashali.lohia@zomato.com,327276,285663.437,19412,12814.307316772354
Sep-2026,Ahmedabad,20036323,rishav.r@zomato.com,pizza,vrashali.lohia@zomato.com,314221,189509.711,21075,8528.417701393962
Sep-2026,Ahmedabad,20990547,rishav.r@zomato.com,pizza,vrashali.lohia@zomato.com,401793,392569.36400000006,25386,18935.413565313094
Sep-2026,Ahmedabad,21020088,rishav.r@zomato.com,pizza,vrashali.lohia@zomato.com,393221,464893.01999999996,19837,16140.286556511372
Sep-2026,Ahmedabad,21135670,rishav.r@zomato.com,pizza,vrashali.lohia@zomato.com,409622,327287.12899999996,24315,15002.83339937337
Sep-2026,Ahmedabad,21614318,rishav.r@zomato.com,pizza,vrashali.lohia@zomato.com,279108,227327.5979999999,17620,10203.906331707787
Sep-2026,Ahmedabad,21792413,rishav.r@zomato.com,pizza,vrashali.lohia@zomato.com,145675,110710.932,9378,4594.242516896281
Sep-2026,Ahmedabad,21812572,rishav.r@zomato.com,pizza,vrashali.lohia@zomato.com,306642,312424.07399999996,21189,14588.484357028325
Sep-2026,Ahmedabad,22185648,rishav.r@zomato.com,pizza,vrashali.lohia@zomato.com,529223,246008.20599999995,31690,11587.93534122173
Sep-2026,Ahmedabad,22194913,rishav.r@zomato.com,pizza,vrashali.lohia@zomato.com,567429,325226.89099999995,29981,14681.391088643053
Sep-2026,Ahmedabad,22194916,rishav.r@zomato.com,pizza,vrashali.lohia@zomato.com,636435,296861.64400000003,28017,10999.390363380182
Sep-2026,Ahmedabad,22419301,rishav.r@zomato.com,pizza,vrashali.lohia@zomato.com,289595,201022.146,15632,8365.809673787398
Sep-2026,Ahmedabad,22470165,rishav.r@zomato.com,pizza,vrashali.lohia@zomato.com,491300,385849.86,27910,15946.08018338031
Sep-2026,Ahmedabad,22737934,rishav.r@zomato.com,pizza,vrashali.lohia@zomato.com,2375,82906.79699999999,6,4174.792993658856
Sep-2026,Ahmedabad,22797457,rishav.r@zomato.com,pizza,vrashali.lohia@zomato.com,0,110034.749,0,4823.421397914956
Sep-2026,Ahmedabad,110217,N/A,na,,54145,0.0,16112,0.0
Sep-2026,Ahmedabad,110254,N/A,north indian,,22791,24011.449999999997,2310,2550.5661775966496
Sep-2026,Ahmedabad,110343,N/A,north indian,,14694,13774.466,2160,2284.4455670658826
Sep-2026,Ahmedabad,110378,N/A,south indian,,12187,9915.036,2137,1467.0106263185285
Sep-2026,Ahmedabad,110393,N/A,north indian,,19573,13128.49,4750,3268.2296571327647
Sep-2026,Ahmedabad,110404,N/A,north indian,,38317,35518.193,22408,25020.627202434564
Sep-2026,Ahmedabad,110429,N/A,pizza,,11532,8843.946,2614,1198.0523628000187
Sep-2026,Ahmedabad,110473,N/A,north indian,,5259,842.288,1097,155.9856774723084
Sep-2026,Ahmedabad,110475,N/A,north indian,,25439,50948.433,3896,7636.790685145902
Sep-2026,Ahmedabad,110505,N/A,north indian,,101932,49816.788,32654,19299.65954502421
Sep-2026,Ahmedabad,110516,N/A,north indian,,9259,4765.966,1038,544.3488432613381
Sep-2026,Ahmedabad,110542,N/A,street food,,11236,14760.516,1680,418.619075348783
Sep-2026,Ahmedabad,110648,N/A,international,,3675,1479.138,622,228.02812061052418
Sep-2026,Ahmedabad,110649,N/A,north indian,,5274,7051.810000000001,1091,1339.0608467390578
Sep-2026,Ahmedabad,110745,N/A,beverages,,68214,75319.632,10661,11897.036616693927
Sep-2026,Ahmedabad,110903,N/A,north indian,,3223,3474.4210000000003,218,340.4359964663536
Sep-2026,Ahmedabad,110910,N/A,north indian,,44266,53272.401999999995,6790,9464.99177149168
Sep-2026,Ahmedabad,110926,N/A,international,,31091,19970.904,6267,3891.636264273472
Sep-2026,Ahmedabad,110984,N/A,na,,0,283.998,0,49.8912999204657
Sep-2026,Ahmedabad,111100,N/A,north indian,,4280,11751.514000000001,505,895.9254130882903
Sep-2026,Ahmedabad,111149,N/A,street food,,35820,30170.65,4101,2263.636439137133
Sep-2026,Ahmedabad,111167,N/A,beverages,,9497,5311.14,1222,817.9573871194505
Sep-2026,Ahmedabad,111184,N/A,north indian,,54929,39148.721000000005,9083,8109.678503987843
Sep-2026,Ahmedabad,111320,N/A,mithai,,8031,12178.557999999997,1008,498.190346301301
Sep-2026,Ahmedabad,111403,N/A,ice cream,,6738,4879.139999999999,579,525.909907666037
Sep-2026,Ahmedabad,111412,N/A,south indian,,7347,9532.88,861,899.3190771107804
Sep-2026,Ahmedabad,111431,N/A,"wraps, rolls and sandwiches",,8421,7931.278,516,-128.2265349331808
Sep-2026,Ahmedabad,111442,N/A,north indian,,4857,12269.982,740,1857.329618375968
Sep-2026,Ahmedabad,111492,N/A,street food,,2718,4720.198000000001,43,774.2337895830675
Sep-2026,Ahmedabad,111557,N/A,north indian,,26809,55745.87,281,-58.31130319253327
Sep-2026,Ahmedabad,111681,N/A,north indian,,22445,7459.367,3397,1300.819299926496
Sep-2026,Ahmedabad,111799,N/A,north indian,,34053,17171.234,7208,2884.9755616497127
Sep-2026,Ahmedabad,111895,N/A,north indian,,136660,139965.692,12603,13991.78051817113
Sep-2026,Ahmedabad,111915,N/A,north indian,,11610,6307.064,2033,1231.2565475349766
Sep-2026,Ahmedabad,111940,N/A,north indian,,10637,14190.487,2002,2839.2910191289047
Sep-2026,Ahmedabad,112098,N/A,chinese,,8379,5810.956,957,689.7376527405598
Sep-2026,Ahmedabad,112128,N/A,street food,,13735,20796.834999999995,-277,-1696.0317689659043
Sep-2026,Ahmedabad,112132,N/A,chinese,,91733,87965.548,9798,8521.21357240883
Sep-2026,Ahmedabad,112173,N/A,desserts,,50978,16623.116,7088,2562.121352512987
Sep-2026,Ahmedabad,112241,N/A,na,,12079,0.0,2545,0.0
Sep-2026,Ahmedabad,112250,N/A,north indian,,39871,110508.222,9033,21957.56014368697
Sep-2026,Ahmedabad,112279,N/A,north indian,,15096,13710.09,3096,2383.761832960593
Sep-2026,Ahmedabad,112361,N/A,south indian,,13825,32571.868000000002,2935,6260.807309458673
Sep-2026,Ahmedabad,112447,N/A,street food,,2853,1822.6220000000003,115,-225.86512482769206
Sep-2026,Ahmedabad,112484,N/A,mithai,,23373,33728.53799999999,1265,-1463.8650938056785
Sep-2026,Ahmedabad,112526,N/A,na,,11225,0.0,297,0.0
Sep-2026,Ahmedabad,112558,N/A,beverages,,90894,61007.64600000001,16308,10928.046326582238
Sep-2026,Ahmedabad,112560,N/A,street food,,4794,1300.44,791,271.4493783307473
Sep-2026,Ahmedabad,112586,N/A,international,,5387,11187.74,813,2358.5401111534684
Sep-2026,Ahmedabad,112637,N/A,na,,3775,0.0,342,0.0
Sep-2026,Ahmedabad,112772,N/A,south indian,,7799,4236.374,1370,591.8726110908967
Sep-2026,Ahmedabad,112923,N/A,street food,,16399,11685.414,2162,1729.6556855152903
Sep-2026,Ahmedabad,112952,N/A,cakes,,336,1318.69,23,235.28004022610347
Sep-2026,Ahmedabad,113018,N/A,na,,143,0.0,42,0.0
Sep-2026,Ahmedabad,113161,N/A,north indian,,1290,56174.687000000005,355,12486.537087033703
Sep-2026,Ahmedabad,113244,N/A,international,,0,5900.346,0,1670.833096165786
Sep-2026,Ahmedabad,113601,N/A,na,,6754,0.0,1143,0.0
Sep-2026,Ahmedabad,113879,N/A,north indian,,0,1095.1499999999999,0,-59.73961948112509
Sep-2026,Ahmedabad,113892,N/A,ice cream,,6199,6197.166,495,907.7989537455535
Sep-2026,Ahmedabad,113980,N/A,na,,1098,0.0,142,0.0
Sep-2026,Ahmedabad,113990,N/A,street food,,5044,6225.377,442,423.7749285986127
Sep-2026,Ahmedabad,114001,N/A,cakes,,0,2350.376,0,680.533308424867
Sep-2026,Ahmedabad,114038,N/A,beverages,,11956,10267.329,2430,2176.355768240663
Sep-2026,Ahmedabad,18226402,N/A,cakes,,0,9795.151999999998,0,692.6537557095735
Sep-2026,Ahmedabad,18226404,N/A,north indian,,5790,1674.054,-39,-359.52039385783377
Sep-2026,Ahmedabad,18261007,N/A,cakes,,1894,819.6399999999999,365,160.8818516383431
Sep-2026,Ahmedabad,18264362,N/A,cakes,,8528,3197.816,2878,1074.7374103445366
Sep-2026,Ahmedabad,18282670,N/A,street food,,5017,8186.464000000001,654,1301.6435212887072
Sep-2026,Ahmedabad,18316069,N/A,north indian,,21780,16396.428,3516,-722.8574039371013
Sep-2026,Ahmedabad,18354027,N/A,street food,,89,0.0,0,0.0
Sep-2026,Ahmedabad,18385879,N/A,north indian,,19977,9324.532,2853,1633.572475977859
Sep-2026,Ahmedabad,18396961,N/A,north indian,,10211,19849.718999999997,3268,3615.5647427640934
Sep-2026,Ahmedabad,18413287,N/A,street food,,728,3042.936,-95,-33.470112906840804
Sep-2026,Ahmedabad,18418106,N/A,street food,,1313,3207.924,32,23.116713963419038
Sep-2026,Ahmedabad,18419528,N/A,street food,,4478,9830.728,733,1501.7061770768807
Sep-2026,Ahmedabad,18427425,N/A,beverages,,5211,547.188,681,44.9818198865601
Sep-2026,Ahmedabad,18427431,N/A,north indian,,3186,9610.954,529,1688.4154214847247
Sep-2026,Ahmedabad,18438905,N/A,north indian,,8142,12022.079999999998,1207,1856.604059128238
Sep-2026,Ahmedabad,18438912,N/A,na,,2388,428.97799999999995,307,0.05234056684285872
Sep-2026,Ahmedabad,18438927,N/A,street food,,4098,0.0,473,0.0
Sep-2026,Ahmedabad,18454925,N/A,international,,58752,64828.786,8045,12519.668529423074
Sep-2026,Ahmedabad,18456131,N/A,"wraps, rolls and sandwiches",,11643,0.0,6498,0.0
Sep-2026,Ahmedabad,18462661,N/A,north indian,,17420,17581.832000000002,3558,2510.443361185559
Sep-2026,Ahmedabad,18519455,N/A,ice cream,,2176,13608.893,457,2210.460709906396
Sep-2026,Ahmedabad,18525982,N/A,south indian,,78081,55173.698,-2009,-10427.446018963205
Sep-2026,Ahmedabad,18538152,N/A,street food,,4639,3572.272,946,566.3196345696998
Sep-2026,Ahmedabad,18553762,N/A,north indian,,15723,24151.128000000004,2943,3911.566836611466
Sep-2026,Ahmedabad,18571001,N/A,north indian,,2351,29117.903000000002,1547,1397.559430827056
Sep-2026,Ahmedabad,18589964,N/A,street food,,19936,21449.267,3846,3933.815098249316
Sep-2026,Ahmedabad,18607875,N/A,street food,,16309,12016.419,4435,2857.702666763971
Sep-2026,Ahmedabad,18610232,N/A,street food,,14719,5741.406,2725,407.60002644452663
Sep-2026,Ahmedabad,18613355,N/A,mithai,,28273,45469.64800000001,2726,6156.345359248985
Sep-2026,Ahmedabad,18623296,N/A,north indian,,17236,63663.632,2626,11302.12429286064
Sep-2026,Ahmedabad,18643878,N/A,street food,,2418,1123.7540000000001,121,2.6598715905129566
Sep-2026,Ahmedabad,18657002,N/A,north indian,,15716,13107.664,2608,2362.7753132241514
Sep-2026,Ahmedabad,18672972,N/A,beverages,,3063,0.0,137,0.0
Sep-2026,Ahmedabad,18677798,N/A,"wraps, rolls and sandwiches",,774,437.582,88,95.83462249819004
Sep-2026,Ahmedabad,18677873,N/A,chinese,,580,87.33800000000002,47,-83.57175064028729
Sep-2026,Ahmedabad,18678120,N/A,north indian,,49603,17889.339000000004,8696,2281.371666174678
Sep-2026,Ahmedabad,18679583,N/A,ice cream,,8986,6446.748,3804,1139.987976304645
Sep-2026,Ahmedabad,18691124,N/A,north indian,,13963,7059.573999999999,2523,1388.4035081723362
Sep-2026,Ahmedabad,18697149,N/A,cakes,,3069,5201.552,247,367.26321509836504
Sep-2026,Ahmedabad,18703505,N/A,international,,0,6678.6720000000005,0,1488.6121209981284
Sep-2026,Ahmedabad,18711321,N/A,pizza,,291,361.92600000000004,44,29.445742616594252
Sep-2026,Ahmedabad,18746372,N/A,pizza,,2972,8337.07,-259,255.19986653932799
Sep-2026,Ahmedabad,18753676,N/A,street food,,658,1396.3579999999997,26,300.4768182778907
Sep-2026,Ahmedabad,18756240,N/A,street food,,15003,26800.752000000004,2291,6306.7342144152635
Sep-2026,Ahmedabad,18767326,N/A,"wraps, rolls and sandwiches",,0,9153.544,0,2146.3545088616975
Sep-2026,Ahmedabad,18774923,N/A,na,,613,0.0,0,0.0
Sep-2026,Ahmedabad,18777664,N/A,"wraps, rolls and sandwiches",,684,626.46,133,10.764853226638046
Sep-2026,Ahmedabad,18785541,N/A,beverages,,44372,34798.577000000005,7865,6721.681047593276
Sep-2026,Ahmedabad,18790328,N/A,na,,40469,0.0,24053,0.0
Sep-2026,Ahmedabad,18800976,N/A,north indian,,2959,8905.418,211,554.9151479375528
Sep-2026,Ahmedabad,18801708,N/A,beverages,,146708,0.0,20240,0.0
Sep-2026,Ahmedabad,18806805,N/A,ice cream,,6224,8415.714,1058,739.7578528017976
Sep-2026,Ahmedabad,18812180,N/A,street food,,39854,29183.834000000003,6110,5133.275651363828
Sep-2026,Ahmedabad,18858399,N/A,desserts,,1499,424.084,295,97.55251527228394
Sep-2026,Ahmedabad,18873768,N/A,na,,3896,0.0,1576,0.0
Sep-2026,Ahmedabad,18875761,N/A,desserts,,913,0.0,177,0.0
Sep-2026,Ahmedabad,18877945,N/A,na,,536,0.0,95,0.0
Sep-2026,Ahmedabad,18882955,N/A,na,,1649,0.0,-437,0.0
Sep-2026,Ahmedabad,18882960,N/A,ice cream,,300,0.0,54,0.0
Sep-2026,Ahmedabad,18886478,N/A,street food,,1339,1644.615,72,338.88005699447604
Sep-2026,Ahmedabad,18898998,N/A,international,,4816,4695.220000000001,427,847.285478157441
Sep-2026,Ahmedabad,18902825,N/A,street food,,88,0.0,0,0.0
Sep-2026,Ahmedabad,18935793,N/A,north indian,,471,0.0,0,0.0
Sep-2026,Ahmedabad,18944842,N/A,cakes,,0,648.914,0,-29.914406879572667
Sep-2026,Ahmedabad,18962638,N/A,north indian,,1478,3914.2880000000005,275,606.6955065794383
Sep-2026,Ahmedabad,18966247,N/A,north indian,,2341,0.0,114,0.0
Sep-2026,Ahmedabad,18967711,N/A,street food,,4794,5068.034,784,122.52721836746635
Sep-2026,Ahmedabad,18979034,N/A,na,,133,0.0,0,0.0
Sep-2026,Ahmedabad,18980715,N/A,south indian,,4157,18532.232,1038,2952.8537749417446
Sep-2026,Ahmedabad,18980735,N/A,chinese,,20719,10931.82,5279,2339.1891357310487
Sep-2026,Ahmedabad,18988162,N/A,pizza,,101,32811.45,23,7314.41109599308
Sep-2026,Ahmedabad,19011888,N/A,south indian,,0,239.998,0,50.07216797252687
Sep-2026,Ahmedabad,19012304,N/A,na,,760,0.0,-23,0.0
Sep-2026,Ahmedabad,19015639,N/A,north indian,,0,73.33800000000001,0,-56.98969039394036
Sep-2026,Ahmedabad,19025904,N/A,"wraps, rolls and sandwiches",,8328,9176.304,1173,1211.5247245669161
Sep-2026,Ahmedabad,19043005,N/A,beverages,,2689,1609.2820000000002,139,211.00353627144125
Sep-2026,Ahmedabad,19045277,N/A,street food,,2189,2683.0420000000004,57,518.164970768765
Sep-2026,Ahmedabad,19050042,N/A,pizza,,1747,763.1479999999999,388,150.18779396903528
Sep-2026,Ahmedabad,19053728,N/A,street food,,11289,8192.626,2135,1571.5336647193385
Sep-2026,Ahmedabad,19058089,N/A,north indian,,9817,718.98,2254,-22.98422780895658
Sep-2026,Ahmedabad,19063863,N/A,north indian,,6064,7755.158,275,475.71679588126284
Sep-2026,Ahmedabad,19065761,N/A,na,,1549,0.0,23,0.0
Sep-2026,Ahmedabad,19075978,N/A,cakes,,1554,2799.894,295,447.8626244514693
Sep-2026,Ahmedabad,19080649,N/A,street food,,0,7328.396,0,1258.7994074032931
Sep-2026,Ahmedabad,19082706,N/A,cakes,,2348,2060.658,458,300.4126657427634
Sep-2026,Ahmedabad,19093479,N/A,na,,264,0.0,-50,0.0
Sep-2026,Ahmedabad,19102751,N/A,"wraps, rolls and sandwiches",,6827,33886.543999999994,564,3300.373318982137
Sep-2026,Ahmedabad,19106829,N/A,street food,,836,172.99800000000002,68,7.138899920465704
Sep-2026,Ahmedabad,19107505,N/A,north indian,,49,0.0,3,0.0
Sep-2026,Ahmedabad,19111571,N/A,street food,,5882,13002.877999999999,860,2168.2514323776923
Sep-2026,Ahmedabad,19116176,N/A,international,,12724,17036.833000000002,1018,2739.761422244944
Sep-2026,Ahmedabad,19116591,N/A,north indian,,3975,5061.7480000000005,807,824.7286035469622
Sep-2026,Ahmedabad,19131105,N/A,na,,3694,0.0,653,0.0
Sep-2026,Ahmedabad,19140047,N/A,na,,9389,0.0,558,0.0
Sep-2026,Ahmedabad,19150487,N/A,north indian,,0,113.62800000000001,0,-0.3113449101779153
Sep-2026,Ahmedabad,19150774,N/A,chinese,,5735,4802.34,649,568.4729411809557
Sep-2026,Ahmedabad,19151909,N/A,street food,,13169,5493.804,1356,355.3335990330611
Sep-2026,Ahmedabad,19152991,N/A,chinese,,0,11555.842999999997,0,643.5878075855226
Sep-2026,Ahmedabad,19153064,N/A,north indian,,8050,0.0,824,0.0
Sep-2026,Ahmedabad,19157705,N/A,street food,,604,206.08800000000002,72,26.865099920465703
Sep-2026,Ahmedabad,19157718,N/A,"wraps, rolls and sandwiches",,242,828.9359999999999,34,-182.33633696030813
Sep-2026,Ahmedabad,19157859,N/A,chinese,,1278,1658.388,211,157.28849127967806
Sep-2026,Ahmedabad,19159254,N/A,na,,467,0.0,-6,0.0
Sep-2026,Ahmedabad,19174037,N/A,street food,,509,0.0,58,0.0
Sep-2026,Ahmedabad,19174189,N/A,na,,115,0.0,0,0.0
Sep-2026,Ahmedabad,19188890,N/A,street food,,3759,1811.7479999999998,574,307.0117586577523
Sep-2026,Ahmedabad,19188951,N/A,na,,5777,0.0,1262,0.0
Sep-2026,Ahmedabad,19189386,N/A,street food,,751,851.3700000000001,104,13.64276276390273
Sep-2026,Ahmedabad,19211821,N/A,ice cream,,8909,20032.47,1972,4045.687894654943
Sep-2026,Ahmedabad,19214068,N/A,burger,,6938,2378.5480000000002,1505,470.1496547657886
Sep-2026,Ahmedabad,19215063,N/A,street food,,12167,9548.792,1532,1106.7608234944607
Sep-2026,Ahmedabad,19219829,N/A,street food,,1862,198.582,135,42.46969598592091
Sep-2026,Ahmedabad,19224691,N/A,street food,,359,347.31600000000003,0,18.411874765824976
Sep-2026,Ahmedabad,19231271,N/A,chinese,,3512,9896.539999999999,113,-543.3941659733016
Sep-2026,Ahmedabad,19232565,N/A,"wraps, rolls and sandwiches",,7526,6152.848,1139,1162.3047753994374
Sep-2026,Ahmedabad,19234350,N/A,burger,,2770,6969.165999999999,256,89.60760545834435
Sep-2026,Ahmedabad,19241281,N/A,cakes,,2017,2158.462,359,-0.939664734394114
Sep-2026,Ahmedabad,19245194,N/A,north indian,,4127,22152.634000000002,574,3500.7512025895053
Sep-2026,Ahmedabad,19256972,N/A,"wraps, rolls and sandwiches",,293,107.68800000000002,23,-7.198307124152446
Sep-2026,Ahmedabad,19261282,N/A,north indian,,2816,3321.2859999999996,275,395.0088532468475
Sep-2026,Ahmedabad,19266774,N/A,north indian,,2585,17749.628,368,3698.0355808163526
Sep-2026,Ahmedabad,19270516,N/A,"wraps, rolls and sandwiches",,312,0.0,49,0.0
Sep-2026,Ahmedabad,19271860,N/A,"wraps, rolls and sandwiches",,375,67743.87700000001,74,19237.25193040995
Sep-2026,Ahmedabad,19285184,N/A,street food,,31235,17672.204999999998,5714,3265.8040680003924
Sep-2026,Ahmedabad,19286611,N/A,biryani,,1794,3013.7599999999998,197,-448.43106654276755
Sep-2026,Ahmedabad,19292027,N/A,street food,,18241,8211.008000000002,4243,378.6113219433291
Sep-2026,Ahmedabad,19295881,N/A,"wraps, rolls and sandwiches",,9239,3902.659,29,-683.1330426700679
Sep-2026,Ahmedabad,19296736,N/A,na,,1807,0.0,61,0.0
Sep-2026,Ahmedabad,19298357,N/A,na,,366,0.0,73,0.0
Sep-2026,Ahmedabad,19302354,N/A,north indian,,7034,3784.298,1797,885.8482516627329
Sep-2026,Ahmedabad,19302616,N/A,na,,1035,0.0,191,0.0
Sep-2026,Ahmedabad,19304723,N/A,ice cream,,2895,11473.051999999998,29,1318.9868759128294
Sep-2026,Ahmedabad,19305537,N/A,"wraps, rolls and sandwiches",,936,1040.942,55,-4.620050610326267
Sep-2026,Ahmedabad,19317668,N/A,north indian,,6485,6547.652,1173,1359.6595527388724
Sep-2026,Ahmedabad,19330758,N/A,north indian,,5242,5601.1320000000005,500,371.0606888005551
Sep-2026,Ahmedabad,19336720,N/A,street food,,12298,4944.464,2045,947.1712132404808
Sep-2026,Ahmedabad,19338760,N/A,street food,,14237,6364.551,1810,545.3170241125639
Sep-2026,Ahmedabad,19344224,N/A,south indian,,3921,7296.636,794,1068.4032381723493
Sep-2026,Ahmedabad,19351890,N/A,na,,99,0.0,0,0.0
Sep-2026,Ahmedabad,19353905,N/A,street food,,296,2658.06,45,518.7731369901346
Sep-2026,Ahmedabad,19354067,N/A,street food,,1202,226.24000000000007,240,43.71516306503291
Sep-2026,Ahmedabad,19358816,N/A,cakes,,20164,3348.6279999999997,6924,896.9695460788053
Sep-2026,Ahmedabad,19361397,N/A,chinese,,12463,6364.937,2729,416.276032033665
Sep-2026,Ahmedabad,19392258,N/A,beverages,,904,0.0,123,0.0
Sep-2026,Ahmedabad,19407521,N/A,north indian,,10498,6773.288,-501,-2220.608512496018
Sep-2026,Ahmedabad,19412391,N/A,north indian,,3329,2502.788,156,440.8126509150352
Sep-2026,Ahmedabad,19419549,N/A,north indian,,10525,5091.972000000001,1498,383.6749352870025
Sep-2026,Ahmedabad,19419657,N/A,street food,,0,4795.228,0,482.5871230642633
Sep-2026,Ahmedabad,19420467,N/A,chinese,,412,1939.33,78,189.31596908183258
Sep-2026,Ahmedabad,19420471,N/A,chinese,,0,111.138,0,21.340827092820597
Sep-2026,Ahmedabad,19420870,N/A,na,,906,0.0,-115,0.0
Sep-2026,Ahmedabad,19429645,N/A,international,,1473,3760.5499999999997,170,409.937484004128
Sep-2026,Ahmedabad,19436157,N/A,na,,597,0.0,110,0.0
Sep-2026,Ahmedabad,19438001,N/A,burger,,7048,3213.106,1434,1028.0522537897145
Sep-2026,Ahmedabad,19441067,N/A,cakes,,4094,3651.4480000000003,-78,453.0214444364872
Sep-2026,Ahmedabad,19442761,N/A,pizza,,1399,1145.164,153,-3.8576050882430266
Sep-2026,Ahmedabad,19442852,N/A,north indian,,9654,15371.757000000001,1740,2322.261443720431
Sep-2026,Ahmedabad,19463590,N/A,beverages,,1616,0.0,346,0.0
Sep-2026,Ahmedabad,19463883,N/A,north indian,,0,434.6840000000001,0,87.9876746681471
Sep-2026,Ahmedabad,19465830,N/A,south indian,,640,238.082,121,50.32819234026002
Sep-2026,Ahmedabad,19467070,N/A,north indian,,2199,534.3500000000001,275,-8.637884625962394
Sep-2026,Ahmedabad,19469480,N/A,north indian,,14088,8126.587999999999,2896,1726.4834139933928
Sep-2026,Ahmedabad,19493459,N/A,street food,,0,22285.370999999996,0,3704.4470656403705
Sep-2026,Ahmedabad,19497069,N/A,north indian,,0,1950.826,0,448.1975501070817
Sep-2026,Ahmedabad,19508481,N/A,south indian,,3035,0.0,619,0.0
Sep-2026,Ahmedabad,19509461,N/A,north indian,,40735,71916.094,7146,14242.146823623982
Sep-2026,Ahmedabad,19513899,N/A,street food,,6502,11237.466,795,1042.5000018410537
Sep-2026,Ahmedabad,19517417,N/A,street food,,15124,5575.249999999999,3202,1125.2070706810953
Sep-2026,Ahmedabad,19525708,N/A,"wraps, rolls and sandwiches",,0,1753.702,0,-21.311230225453023
Sep-2026,Ahmedabad,19529099,N/A,north indian,,1218,1172.458,135,-117.88178526557112
Sep-2026,Ahmedabad,19530145,N/A,pizza,,5370,10769.253999999999,1001,1138.4220888127454
Sep-2026,Ahmedabad,19531489,N/A,pizza,,0,1886.172,0,397.4314659006783
Sep-2026,Ahmedabad,19532977,N/A,street food,,1258,2151.9159999999997,241,-289.58346795110106
Sep-2026,Ahmedabad,19533233,N/A,street food,,29289,12762.896,6763,1985.5105209278117
Sep-2026,Ahmedabad,19533776,N/A,street food,,553,1699.6800000000003,117,200.47087408550578
Sep-2026,Ahmedabad,19533868,N/A,street food,,1170,4163.4839999999995,239,908.4209221821246
Sep-2026,Ahmedabad,19534692,N/A,pizza,,5068,1678.496,947,362.2288657235695
Sep-2026,Ahmedabad,19536872,N/A,"wraps, rolls and sandwiches",,3201,16965.251999999997,507,3076.4969493784315
Sep-2026,Ahmedabad,19540381,N/A,cakes,,8157,4313.07,1538,1108.2942718647234
Sep-2026,Ahmedabad,19543342,N/A,pizza,,0,143.99800000000002,0,28.801692875847554
Sep-2026,Ahmedabad,19555924,N/A,street food,,7697,6796.340999999999,-989,-369.46238693696665
Sep-2026,Ahmedabad,19557118,N/A,street food,,3079,0.0,482,0.0
Sep-2026,Ahmedabad,19557851,N/A,north indian,,32301,29731.346,5756,67.41379609193865
Sep-2026,Ahmedabad,19560981,N/A,cakes,,1277,1243.248,-23,-150.32154928830073
Sep-2026,Ahmedabad,19565202,N/A,na,,484,0.0,26,0.0
Sep-2026,Ahmedabad,19567301,N/A,south indian,,2222,2386.504,416,170.35687739781318
Sep-2026,Ahmedabad,19573825,N/A,na,,16341,0.0,3043,0.0
Sep-2026,Ahmedabad,19578340,N/A,street food,,0,11727.716,0,1425.023654277133
Sep-2026,Ahmedabad,19580572,N/A,north indian,,0,2198.4,0,-722.9098882479556
Sep-2026,Ahmedabad,19580813,N/A,north indian,,2096,2722.554,295,366.3595685701865
Sep-2026,Ahmedabad,19583755,N/A,"wraps, rolls and sandwiches",,0,106.99999999999999,0,27.371600780167324
Sep-2026,Ahmedabad,19585857,N/A,street food,,0,1330.1200000000001,0,224.06282328821496
Sep-2026,Ahmedabad,19585914,N/A,international,,0,20039.41,0,2931.3342935169144
Sep-2026,Ahmedabad,19586659,N/A,chinese,,278,5100.407999999999,29,272.07024116281895
Sep-2026,Ahmedabad,19587173,N/A,beverages,,6462,2439.092,1188,400.08469204212355
Sep-2026,Ahmedabad,19594028,N/A,"wraps, rolls and sandwiches",,18245,4284.004000000001,2890,-32.83685289567867
Sep-2026,Ahmedabad,19598112,N/A,street food,,3869,4749.338,552,776.8514406319291
Sep-2026,Ahmedabad,19605457,N/A,street food,,6853,7369.582,1809,1407.1186555616564
Sep-2026,Ahmedabad,19607461,N/A,north indian,,587,1506.856,78,194.05863822323926
Sep-2026,Ahmedabad,19608287,N/A,north indian,,20522,22858.828,4697,3156.5997814840534
Sep-2026,Ahmedabad,19617014,N/A,north indian,,1351,0.0,95,0.0
Sep-2026,Ahmedabad,19618105,N/A,cakes,,0,1219.0020000000002,0,253.75019234025999
Sep-2026,Ahmedabad,19618110,N/A,cakes,,5885,3098.8859999999995,1421,651.3224653890968
Sep-2026,Ahmedabad,19624312,N/A,north indian,,1915,414.18600000000004,227,82.73686383303269
Sep-2026,Ahmedabad,19625584,N/A,"wraps, rolls and sandwiches",,0,1371.67,0,27.243602418278822
Sep-2026,Ahmedabad,19626654,N/A,street food,,1165,841.1659999999999,187,67.86150761254396
Sep-2026,Ahmedabad,19629542,N/A,south indian,,3472,1994.498,162,108.79910949413029
Sep-2026,Ahmedabad,19631046,N/A,north indian,,80308,26184.239,16725,736.5393713947424
Sep-2026,Ahmedabad,19631571,N/A,desserts,,7552,3385.93,1076,718.9372187467009
Sep-2026,Ahmedabad,19631996,N/A,north indian,,7198,12800.788000000002,454,68.51521495741255
Sep-2026,Ahmedabad,19640862,N/A,north indian,,2696,2343.446,187,293.6941027902548
Sep-2026,Ahmedabad,19644281,N/A,chinese,,2325,0.0,387,0.0
Sep-2026,Ahmedabad,19644286,N/A,street food,,2417,5938.223000000001,400,1070.0460973862228
Sep-2026,Ahmedabad,19644797,N/A,burger,,7686,16828.074,1891,4314.380127629223
Sep-2026,Ahmedabad,19650590,N/A,north indian,,866,823.6119999999999,-17,-3.773221973697286
Sep-2026,Ahmedabad,19655577,N/A,north indian,,6858,133.53199999999998,749,29.491600780167325
Sep-2026,Ahmedabad,19668710,N/A,street food,,603,1342.9939999999997,56,126.24909832540851
Sep-2026,Ahmedabad,19678472,N/A,north indian,,11912,19328.184,1759,188.19379944234333
Sep-2026,Ahmedabad,19684636,N/A,"wraps, rolls and sandwiches",,19233,28496.935,3673,4798.513382369538
Sep-2026,Ahmedabad,19686102,N/A,na,,773,0.0,140,0.0
Sep-2026,Ahmedabad,19693441,N/A,street food,,3157,2567.332,624,430.27815937261585
Sep-2026,Ahmedabad,19693655,N/A,street food,,0,3287.318,0,325.09980217118385
Sep-2026,Ahmedabad,19694128,N/A,street food,,0,67.0,0,-64.25764070191688
Sep-2026,Ahmedabad,19703350,N/A,street food,,4151,3448.6360000000004,868,813.9531954335616
Sep-2026,Ahmedabad,19714240,N/A,na,,512,0.0,46,0.0
Sep-2026,Ahmedabad,19716508,N/A,"wraps, rolls and sandwiches",,1718,1966.068,129,254.05512498548342
Sep-2026,Ahmedabad,19731086,N/A,south indian,,6544,9995.652,782,1172.2051960102935
Sep-2026,Ahmedabad,19733348,N/A,na,,336,0.0,65,0.0
Sep-2026,Ahmedabad,19734646,N/A,mithai,,0,143.68800000000002,0,0.012049740746699006
Sep-2026,Ahmedabad,19735775,N/A,burger,,2297,630.0,186,-423.3169449101779
Sep-2026,Ahmedabad,19749674,N/A,beverages,,139,0.0,23,0.0
Sep-2026,Ahmedabad,19756684,N/A,south indian,,4743,2030.2939999999999,449,347.37703489334234
Sep-2026,Ahmedabad,19760446,N/A,south indian,,7922,16353.815999999999,437,1254.3949248112153
Sep-2026,Ahmedabad,19760720,N/A,cakes,,12008,61643.73499999999,3833,19714.08871074528
Sep-2026,Ahmedabad,19762070,N/A,street food,,1294,1831.56,-241,-462.50401428148444
Sep-2026,Ahmedabad,19769084,N/A,chinese,,0,143.582,0,28.74682613381746
Sep-2026,Ahmedabad,19771320,N/A,north indian,,32159,50812.53199999999,6948,10540.367563216927
Sep-2026,Ahmedabad,19779339,N/A,south indian,,0,229.46800000000002,0,42.04154935971272
Sep-2026,Ahmedabad,19779983,N/A,north indian,,499,0.0,88,0.0
Sep-2026,Ahmedabad,19782011,N/A,street food,,7182,13250.832,1045,2011.801692934966
Sep-2026,Ahmedabad,19782510,N/A,north indian,,5736,1622.456,991,318.07720748879507
Sep-2026,Ahmedabad,19783170,N/A,na,,1050,0.0,112,0.0
Sep-2026,Ahmedabad,19785374,N/A,north indian,,1162,2474.944,94,303.5642499910819
Sep-2026,Ahmedabad,19785437,N/A,north indian,,0,406.188,0,88.5897270928206
Sep-2026,Ahmedabad,19785545,N/A,north indian,,0,632.9979999999999,0,150.8870679725269
Sep-2026,Ahmedabad,19786322,N/A,south indian,,422,0.0,0,0.0
Sep-2026,Ahmedabad,19786794,N/A,street food,,1589,1622.454,183,108.99397868341326
Sep-2026,Ahmedabad,19789283,N/A,street food,,837,986.2540000000001,23,177.1932705064296
Sep-2026,Ahmedabad,19794488,N/A,street food,,13792,3384.3839999999996,2425,10.041569120878073
Sep-2026,Ahmedabad,19796196,N/A,street food,,3268,3102.9579999999996,-164,-222.3377925095309
Sep-2026,Ahmedabad,19798339,N/A,international,,52573,33056.8,10972,6885.957940801134
Sep-2026,Ahmedabad,19800253,N/A,beverages,,1346,555.462,143,-27.45941376816488
Sep-2026,Ahmedabad,19802683,N/A,north indian,,0,26689.922000000002,0,1343.1806962544406
Sep-2026,Ahmedabad,19803751,N/A,north indian,,2249,2396.4700000000003,532,419.77842188979446
Sep-2026,Ahmedabad,19804106,N/A,street food,,1977,11241.070000000003,166,2053.452086917414
Sep-2026,Ahmedabad,19804816,N/A,street food,,112,0.0,23,0.0
Sep-2026,Ahmedabad,19813527,N/A,international,,10227,3121.214,2040,337.4584125936317
Sep-2026,Ahmedabad,19820894,N/A,beverages,,10348,1808.184,1852,267.1555613826946
Sep-2026,Ahmedabad,19824058,N/A,"wraps, rolls and sandwiches",,0,269.688,0,50.933292875847556
Sep-2026,Ahmedabad,19841477,N/A,na,,2184,0.0,316,0.0
Sep-2026,Ahmedabad,19841541,N/A,pizza,,449,1173.642,0,158.0087749812913
Sep-2026,Ahmedabad,19841584,N/A,street food,,6305,3366.8659999999995,772,75.16863186885783
Sep-2026,Ahmedabad,19843476,N/A,street food,,0,7028.1759999999995,0,738.5403048709519
Sep-2026,Ahmedabad,19845778,N/A,street food,,2722,1280.0,26,-54.51182870014914
Sep-2026,Ahmedabad,19849475,N/A,beverages,,13190,6354.304,2389,764.2955088080862
Sep-2026,Ahmedabad,19850461,N/A,north indian,,26,9134.078000000001,0,-2502.489447717726
Sep-2026,Ahmedabad,19852475,N/A,"wraps, rolls and sandwiches",,3378,1311.728,405,266.4914173230385
Sep-2026,Ahmedabad,19852798,N/A,street food,,4797,5455.722,344,920.2861351385002
Sep-2026,Ahmedabad,19856713,N/A,pizza,,95,0.0,23,0.0
Sep-2026,Ahmedabad,19857981,N/A,"wraps, rolls and sandwiches",,0,528.576,0,9.404847802031156
Sep-2026,Ahmedabad,19858729,N/A,south indian,,176,698.608,26,147.34384351404495
Sep-2026,Ahmedabad,19859120,N/A,north indian,,0,7058.985999999999,0,1049.1367576941075
Sep-2026,Ahmedabad,19860354,N/A,cakes,,1423,1833.452,98,-235.61760668576602
Sep-2026,Ahmedabad,19862613,N/A,"wraps, rolls and sandwiches",,0,2864.9120000000003,0,360.474168034017
Sep-2026,Ahmedabad,19863826,N/A,street food,,11708,0.0,1918,0.0
Sep-2026,Ahmedabad,19867190,N/A,street food,,945,16254.058,58,3719.7693389923816
Sep-2026,Ahmedabad,19870492,N/A,north indian,,12775,24368.576,2799,5991.027204923573
Sep-2026,Ahmedabad,19872060,N/A,north indian,,1071,0.0,0,0.0
Sep-2026,Ahmedabad,19873886,N/A,cakes,,655,0.0,72,0.0
Sep-2026,Ahmedabad,19878112,N/A,desserts,,15854,29512.802000000003,4231,8034.533859568268
Sep-2026,Ahmedabad,19887414,N/A,ice cream,,1051,422.938,192,-4.091059433157142
Sep-2026,Ahmedabad,19892238,N/A,street food,,3455,845.2199999999999,445,121.34775442820218
Sep-2026,Ahmedabad,19893299,N/A,na,,1409,0.0,135,0.0
Sep-2026,Ahmedabad,19894153,N/A,na,,143,0.0,29,0.0
Sep-2026,Ahmedabad,19900702,N/A,"wraps, rolls and sandwiches",,1423,6113.316000000001,120,45.9959621587386
Sep-2026,Ahmedabad,19904055,N/A,street food,,0,4018.6179999999995,0,725.4967844469483
Sep-2026,Ahmedabad,19905075,N/A,north indian,,2953,3186.6440000000002,367,377.348381485404
Sep-2026,Ahmedabad,19914623,N/A,street food,,2627,5396.34,194,633.4773036489885
Sep-2026,Ahmedabad,19922757,N/A,"wraps, rolls and sandwiches",,2493,442.49,249,92.98575211865824
Sep-2026,Ahmedabad,19924628,N/A,na,,1962,0.0,297,0.0
Sep-2026,Ahmedabad,19926741,N/A,street food,,2211,1846.2000000000003,91,-217.94751860660594
Sep-2026,Ahmedabad,19928641,N/A,desserts,,490,948.6899999999999,80,91.33809745492661
Sep-2026,Ahmedabad,19930687,N/A,ice cream,,2368,0.0,382,0.0
Sep-2026,Ahmedabad,19938072,N/A,street food,,463,726.832,40,-17.73843843432551
Sep-2026,Ahmedabad,19938772,N/A,cakes,,2885,2306.866,342,364.1643662683653
Sep-2026,Ahmedabad,19946093,N/A,"wraps, rolls and sandwiches",,604,0.0,85,0.0
Sep-2026,Ahmedabad,19947650,N/A,na,,97,0.0,0,0.0
Sep-2026,Ahmedabad,19953069,N/A,north indian,,8417,8968.778,-827,225.0557097797104
Sep-2026,Ahmedabad,19953581,N/A,north indian,,6992,12834.923999999999,1146,1712.8740384034777
Sep-2026,Ahmedabad,19954048,N/A,north indian,,0,4442.244000000001,0,879.3828879861317
Sep-2026,Ahmedabad,19957333,N/A,na,,2874,0.0,487,0.0
Sep-2026,Ahmedabad,19958710,N/A,pizza,,0,573.566,0,96.15835896577236
Sep-2026,Ahmedabad,19959504,N/A,cakes,,911,4528.884,-78,869.4813402913296
Sep-2026,Ahmedabad,19960317,N/A,biryani,,790,50426.828,122,5091.651475709199
Sep-2026,Ahmedabad,19963208,N/A,chinese,,2923,1959.7039999999997,79,111.92069884010436
Sep-2026,Ahmedabad,19965173,N/A,street food,,2334,3489.1359999999995,85,119.17900080203954
Sep-2026,Ahmedabad,19967424,N/A,north indian,,6358,6038.4400000000005,529,216.2255354922749
Sep-2026,Ahmedabad,19971186,N/A,north indian,,697,453.96999999999997,15,61.85694208100671
Sep-2026,Ahmedabad,19973459,N/A,street food,,6725,7998.512000000001,1317,1650.2191647569825
Sep-2026,Ahmedabad,19979637,N/A,biryani,,3149,3650.206,-69,-184.17422860673688
Sep-2026,Ahmedabad,19987279,N/A,north indian,,0,303.00199999999995,0,0.06408913846648105
Sep-2026,Ahmedabad,19993089,N/A,cakes,,3086,13270.975999999999,448,2386.9855828856075
Sep-2026,Ahmedabad,19997160,N/A,na,,11384,0.0,5756,0.0
Sep-2026,Ahmedabad,20000492,N/A,north indian,,6478,217.188,1662,66.12506797252686
Sep-2026,Ahmedabad,20000915,N/A,chinese,,13005,24126.497999999996,4160,7607.7043633505355
Sep-2026,Ahmedabad,20001517,N/A,north indian,,0,3693.2879999999996,0,321.93404698339214
Sep-2026,Ahmedabad,20005874,N/A,north indian,,15781,6889.559999999999,2323,899.5766002235589
Sep-2026,Ahmedabad,20013446,N/A,street food,,5506,1790.55,999,300.7770089088609
Sep-2026,Ahmedabad,20020459,N/A,north indian,,0,2753.612,0,614.2641477672887
Sep-2026,Ahmedabad,20022687,N/A,street food,,6685,5204.172,1878,951.1679042051555
Sep-2026,Ahmedabad,20025710,N/A,beverages,,2208,679.1379999999999,490,189.9103957785966
Sep-2026,Ahmedabad,20030294,N/A,street food,,0,11896.333999999999,0,3215.2507594937583
Sep-2026,Ahmedabad,20031654,N/A,na,,3524,0.0,598,0.0
Sep-2026,Ahmedabad,20032136,N/A,na,,2258,0.0,105,0.0
Sep-2026,Ahmedabad,20036501,N/A,north indian,,33502,11395.110000000002,6324,1246.356935716108
Sep-2026,Ahmedabad,20039034,N/A,street food,,167,1612.8080000000002,-69,145.0909961892611
Sep-2026,Ahmedabad,20042391,N/A,pizza,,0,1214.374,0,171.60554884120612
Sep-2026,Ahmedabad,20042394,N/A,chinese,,838,1212.908,167,-371.7692907528816
Sep-2026,Ahmedabad,20042401,N/A,street food,,8764,8930.161,1699,1901.161964219515
Sep-2026,Ahmedabad,20053260,N/A,chinese,,0,34703.238,0,5343.129866994476
Sep-2026,Ahmedabad,20055126,N/A,street food,,3635,4565.3240000000005,808,925.1000220124272
Sep-2026,Ahmedabad,20056867,N/A,pizza,,5633,19863.992,867,3424.6997834005497
Sep-2026,Ahmedabad,20057072,N/A,north indian,,0,1113.982,0,-131.31478400074215
Sep-2026,Ahmedabad,20060006,N/A,na,,8952,0.0,1280,0.0
Sep-2026,Ahmedabad,20074983,N/A,north indian,,30771,8362.022,5991,2148.077986147686
Sep-2026,Ahmedabad,20078351,N/A,street food,,1697,1537.292,-264,125.54781659989406
Sep-2026,Ahmedabad,20078818,N/A,north indian,,0,15765.058,0,2391.829345368983
Sep-2026,Ahmedabad,20089533,N/A,north indian,,0,2450.3140000000003,0,239.8046614050273
Sep-2026,Ahmedabad,20090918,N/A,north indian,,12779,20682.569999999996,864,2139.11537529238
Sep-2026,Ahmedabad,20094286,N/A,street food,,0,117058.08500000002,0,20843.891791415448
Sep-2026,Ahmedabad,20099876,N/A,cakes,,1878,1425.842,237,161.14697334171748
Sep-2026,Ahmedabad,20108638,N/A,south indian,,1658,1578.808,136,112.69131842640846
Sep-2026,Ahmedabad,20118985,N/A,street food,,2916,2920.8279999999995,395,453.9124685730794
Sep-2026,Ahmedabad,20121704,N/A,north indian,,19009,18786.118000000002,3209,2223.6346557612183
Sep-2026,Ahmedabad,20123388,N/A,pizza,,9441,12261.366000000002,945,1193.191087323676
Sep-2026,Ahmedabad,20123686,N/A,north indian,,0,437.41600000000005,0,7.328209748950933
Sep-2026,Ahmedabad,20128922,N/A,na,,1344,0.0,218,0.0
Sep-2026,Ahmedabad,20137622,N/A,desserts,,4722,5417.546,735,598.67729946686
Sep-2026,Ahmedabad,20138267,N/A,street food,,11536,5264.082,2143,-713.0027045788843
Sep-2026,Ahmedabad,20139455,N/A,street food,,10211,9035.922,617,804.2517001902628
Sep-2026,Ahmedabad,20139505,N/A,street food,,11193,4813.030000000001,1878,964.3518819245824
Sep-2026,Ahmedabad,20141884,N/A,north indian,,0,703.364,0,40.90774442506018
Sep-2026,Ahmedabad,20150013,N/A,cakes,,6288,4985.972,703,98.4003374689465
Sep-2026,Ahmedabad,20156334,N/A,beverages,,20385,13133.448999999999,1762,536.687181814709
Sep-2026,Ahmedabad,20156671,N/A,street food,,0,10776.478,0,2515.9837697868697
Sep-2026,Ahmedabad,20157275,N/A,"wraps, rolls and sandwiches",,23893,28636.120000000003,-142,965.4915648731464
Sep-2026,Ahmedabad,20162069,N/A,north indian,,3376,3944.1440000000002,731,1094.8579532961567
Sep-2026,Ahmedabad,20165096,N/A,north indian,,4940,8368.407999999998,26,-519.3550397724836
Sep-2026,Ahmedabad,20170016,N/A,street food,,795,1258.836,100,-4.751027204928452
Sep-2026,Ahmedabad,20172940,N/A,chinese,,10437,9530.582000000002,-648,409.91761878877395
Sep-2026,Ahmedabad,20174207,N/A,chinese,,2225,0.0,53,0.0
Sep-2026,Ahmedabad,20181195,N/A,na,,718,0.0,79,0.0
Sep-2026,Ahmedabad,20182682,N/A,street food,,2762,4127.916,213,480.64884728648764
Sep-2026,Ahmedabad,20186105,N/A,desserts,,5580,1123.0819999999999,0,-92.9427381588703
Sep-2026,Ahmedabad,20188360,N/A,street food,,3228,2383.2839999999997,500,350.6484413327082
Sep-2026,Ahmedabad,20189717,N/A,street food,,19305,18717.812,2683,-4579.81692294594
Sep-2026,Ahmedabad,20190561,N/A,street food,,1897,2251.1459999999997,59,186.2476998001677
Sep-2026,Ahmedabad,20191265,N/A,street food,,3346,2908.8659999999995,-229,-435.14929247667504
Sep-2026,Ahmedabad,20203791,N/A,south indian,,448,0.0,91,0.0
Sep-2026,Ahmedabad,20207574,N/A,north indian,,23338,37943.16199999999,3018,6081.5436013779035
Sep-2026,Ahmedabad,20211093,N/A,beverages,,10516,3785.3600000000006,3217,668.8101981416228
Sep-2026,Ahmedabad,20216772,N/A,chinese,,113,7779.820000000001,30,720.1911520045376
Sep-2026,Ahmedabad,20223713,N/A,pizza,,2201,1324.712,311,183.82295220349937
Sep-2026,Ahmedabad,20224235,N/A,north indian,,1934,2208.3099999999995,165,272.1811583325384
Sep-2026,Ahmedabad,20224321,N/A,north indian,,10580,17694.672000000002,1417,2724.3189336307732
Sep-2026,Ahmedabad,20230907,N/A,na,,214,0.0,45,0.0
Sep-2026,Ahmedabad,20233173,N/A,street food,,53,0.0,7,0.0
Sep-2026,Ahmedabad,20233892,N/A,beverages,,0,4712.09,0,-141.2136898045097
Sep-2026,Ahmedabad,20244303,N/A,street food,,44,1492.4120000000003,0,-445.7909925660967
Sep-2026,Ahmedabad,20247826,N/A,north indian,,105,23576.163999999997,0,3946.0537308382827
Sep-2026,Ahmedabad,20251469,N/A,street food,,3634,7292.067999999999,724,1482.7506542710967
Sep-2026,Ahmedabad,20254534,N/A,north indian,,98,0.0,0,0.0
Sep-2026,Ahmedabad,20254600,N/A,chinese,,1049,0.0,94,0.0
Sep-2026,Ahmedabad,20258401,N/A,international,,979,277.782,165,57.30662249819006
Sep-2026,Ahmedabad,20267412,N/A,north indian,,3771,2071.518,508,-150.47977203300894
Sep-2026,Ahmedabad,20270526,N/A,street food,,0,339.68600000000004,0,81.1272343991198
Sep-2026,Ahmedabad,20281142,N/A,cakes,,5704,9844.92,116,444.9516014499144
Sep-2026,Ahmedabad,20282792,N/A,chinese,,14725,610.938,3717,165.27017169675952
Sep-2026,Ahmedabad,20287150,N/A,international,,2796,1024.058,652,39.380725757812435
Sep-2026,Ahmedabad,20289281,N/A,street food,,2266,0.0,208,0.0
Sep-2026,Ahmedabad,20291301,N/A,pizza,,1384,1364.9580000000003,193,275.8834659614894
Sep-2026,Ahmedabad,20292824,N/A,pizza,,0,192.87800000000001,0,55.974827092820604
Sep-2026,Ahmedabad,20302494,N/A,na,,1800,0.0,112,0.0
Sep-2026,Ahmedabad,20302826,N/A,cakes,,1332,1240.144,134,233.48931319274539
Sep-2026,Ahmedabad,20305441,N/A,beverages,,5628,4334.395999999999,1962,1113.0822729653253
Sep-2026,Ahmedabad,20307487,N/A,north indian,,277,0.0,52,0.0
Sep-2026,Ahmedabad,20307519,N/A,biryani,,1060,2758.13,94,352.36824932417005
Sep-2026,Ahmedabad,20309362,N/A,beverages,,1714,4203.437,297,850.6698032606649
Sep-2026,Ahmedabad,20318487,N/A,north indian,,4714,2375.064,804,65.12980189236173
Sep-2026,Ahmedabad,20320692,N/A,street food,,0,489.664,0,0.15904367875093256
Sep-2026,Ahmedabad,20328673,N/A,south indian,,883,1648.0620000000001,197,351.3828960362419
Sep-2026,Ahmedabad,20329967,N/A,north indian,,0,8641.552,0,1684.0076501984215
Sep-2026,Ahmedabad,20333238,N/A,north indian,,4023,3057.588,629,216.01355507125317
Sep-2026,Ahmedabad,20336460,N/A,ice cream,,490,347.876,54,-42.20429303186646
Sep-2026,Ahmedabad,20339577,N/A,burger,,6557,5968.718,979,474.9029307362088
Sep-2026,Ahmedabad,20340178,N/A,ice cream,,6465,4479.74,691,-70.20874344559422
Sep-2026,Ahmedabad,20342568,N/A,na,,687,0.0,54,0.0
Sep-2026,Ahmedabad,20345079,N/A,mithai,,0,6587.946999999999,0,-296.99108472800856
Sep-2026,Ahmedabad,20348751,N/A,international,,0,1216.814,0,146.70675380924754
Sep-2026,Ahmedabad,20354572,N/A,na,,49,0.0,0,0.0
Sep-2026,Ahmedabad,20359058,N/A,street food,,1463,1463.028,175,69.86043748941977
Sep-2026,Ahmedabad,20362896,N/A,"wraps, rolls and sandwiches",,2556,19866.884,215,4704.399667479596
Sep-2026,Ahmedabad,20365135,N/A,south indian,,1011,1928.272,133,-58.75743924678568
Sep-2026,Ahmedabad,20367562,N/A,street food,,446,443.188,13,17.45800990301425
Sep-2026,Ahmedabad,20368102,N/A,north indian,,0,59418.39000000001,0,12727.421876477414
Sep-2026,Ahmedabad,20373390,N/A,na,,165,0.0,23,0.0
Sep-2026,Ahmedabad,20374400,N/A,south indian,,2744,2089.618,596,379.5557643764439
Sep-2026,Ahmedabad,20379139,N/A,chinese,,0,2032.2759999999996,0,-266.9125540057008
Sep-2026,Ahmedabad,20383191,N/A,na,,477,0.0,48,0.0
Sep-2026,Ahmedabad,20387063,N/A,street food,,255,2552.702,58,625.6364835657638
Sep-2026,Ahmedabad,20390039,N/A,biryani,,1304,498.002,375,110.00568913846648
Sep-2026,Ahmedabad,20394227,N/A,burger,,10730,14215.506000000001,1810,2629.2925853795227
Sep-2026,Ahmedabad,20395425,N/A,pizza,,209,1487.268,-7,75.71396376820441
Sep-2026,Ahmedabad,20398331,N/A,"wraps, rolls and sandwiches",,0,2821.304,0,62.70798699205953
Sep-2026,Ahmedabad,20399614,N/A,street food,,2990,619.784,338,107.61208198527856
Sep-2026,Ahmedabad,20404539,N/A,na,,17070,0.0,3953,0.0
Sep-2026,Ahmedabad,20411068,N/A,chinese,,0,23675.534,0,3808.125328637239
Sep-2026,Ahmedabad,20414267,N/A,street food,,4592,7205.132000000001,373,141.8570814833716
Sep-2026,Ahmedabad,20414369,N/A,street food,,1620,2388.7419999999997,199,224.54476431526396
Sep-2026,Ahmedabad,20415851,N/A,beverages,,8718,0.0,1337,0.0
Sep-2026,Ahmedabad,20417720,N/A,burger,,2118,569.5799999999999,296,100.93819190533378
Sep-2026,Ahmedabad,20419702,N/A,south indian,,11840,10557.036,2549,1090.3599581664835
Sep-2026,Ahmedabad,20426525,N/A,pizza,,0,107.63800000000003,0,0.08329287584755321
Sep-2026,Ahmedabad,20429222,N/A,north indian,,0,280.082,0,0.06408913846648105
Sep-2026,Ahmedabad,20430277,N/A,north indian,,0,547.6759999999999,0,0.19319724127819035
Sep-2026,Ahmedabad,20432159,N/A,north indian,,0,1306.184,0,134.05122290017644
Sep-2026,Ahmedabad,20434155,N/A,street food,,6112,14264.618,104,1210.4313043090447
Sep-2026,Ahmedabad,20437359,N/A,na,,1040,0.0,223,0.0
Sep-2026,Ahmedabad,20440729,N/A,beverages,,0,14232.482,0,1756.2405681321877
Sep-2026,Ahmedabad,20441123,N/A,street food,,0,2223.2960000000003,0,-70.629113208371
Sep-2026,Ahmedabad,20448615,N/A,"wraps, rolls and sandwiches",,315,1385.7759999999998,52,216.30399313643753
Sep-2026,Ahmedabad,20448699,N/A,north indian,,29036,36609.038,6100,7492.608788568327
Sep-2026,Ahmedabad,20452002,N/A,beverages,,5690,0.0,1172,0.0
Sep-2026,Ahmedabad,20453169,N/A,south indian,,153,0.0,0,0.0
Sep-2026,Ahmedabad,20457488,N/A,beverages,,3289,4008.7560000000003,769,384.3227042585958
Sep-2026,Ahmedabad,20458056,N/A,south indian,,5915,5290.222,1141,932.7304562167826
Sep-2026,Ahmedabad,20469009,N/A,street food,,4613,2260.44,1200,418.398923811907
Sep-2026,Ahmedabad,20470096,N/A,north indian,,0,9342.073999999999,0,1934.090105894894
Sep-2026,Ahmedabad,20470291,N/A,north indian,,35366,28420.932,9072,4622.61385127374
Sep-2026,Ahmedabad,20473882,N/A,street food,,15026,16415.194,2431,2385.2665074179845
Sep-2026,Ahmedabad,20479142,N/A,biryani,,3205,1390.062,310,22.587198223436182
Sep-2026,Ahmedabad,20482200,N/A,street food,,1102,996.606,219,88.01019139890141
Sep-2026,Ahmedabad,20483455,N/A,na,,315,0.0,26,0.0
Sep-2026,Ahmedabad,20486333,N/A,chinese,,10390,13018.088,1609,1218.559350844739
Sep-2026,Ahmedabad,20489379,N/A,street food,,1334,327.82800000000003,111,0.049647881565472694
Sep-2026,Ahmedabad,20491089,N/A,chinese,,10783,13481.490000000002,1464,2251.4376677623236
Sep-2026,Ahmedabad,20491707,N/A,burger,,23851,0.0,1584,0.0
Sep-2026,Ahmedabad,20494231,N/A,north indian,,4844,8375.27,1116,-33.707673768483346
Sep-2026,Ahmedabad,20498416,N/A,south indian,,6646,1652.812,234,-113.35264588877172
Sep-2026,Ahmedabad,20498471,N/A,pizza,,0,609.8380000000001,0,0.08329287584755321
Sep-2026,Ahmedabad,20499093,N/A,north indian,,16016,20561.64,3366,4382.715166053759
Sep-2026,Ahmedabad,20502043,N/A,beverages,,0,2772.866,0,461.87193769919134
Sep-2026,Ahmedabad,20508465,N/A,na,,338,0.0,44,0.0
Sep-2026,Ahmedabad,20515167,N/A,biryani,,819,2491.256,117,828.4067944728486
Sep-2026,Ahmedabad,20515978,N/A,pizza,,671,1642.442,105,15.55895097645488
Sep-2026,Ahmedabad,20516215,N/A,street food,,4180,5412.336,679,1084.1881788604203
Sep-2026,Ahmedabad,20521496,N/A,na,,59743,0.0,28087,0.0
Sep-2026,Ahmedabad,20534066,N/A,north indian,,13041,1554.772,3021,124.32007997822436
Sep-2026,Ahmedabad,20534599,N/A,burger,,0,9185.970000000001,0,1459.897145970091
Sep-2026,Ahmedabad,20535347,N/A,na,,454,0.0,101,0.0
Sep-2026,Ahmedabad,20535777,N/A,desserts,,27615,10245.467999999999,8018,1193.5777978850767
Sep-2026,Ahmedabad,20540992,N/A,street food,,1724,10684.253999999999,-254,2095.827698581337
Sep-2026,Ahmedabad,20547408,N/A,biryani,,2629,4580.6939999999995,459,183.6635833170091
Sep-2026,Ahmedabad,20550887,N/A,street food,,2224,5257.9,511,823.5858510025075
Sep-2026,Ahmedabad,20551566,N/A,na,,2653,0.0,337,0.0
Sep-2026,Ahmedabad,20553752,N/A,north indian,,16726,7265.576000000001,2416,1061.8919779165974
Sep-2026,Ahmedabad,20555318,N/A,cakes,,0,1514.1659999999997,0,366.8322856172607
Sep-2026,Ahmedabad,20558706,N/A,cakes,,609,1028.196,46,119.13050959365879
Sep-2026,Ahmedabad,20560217,N/A,north indian,,139,0.0,0,0.0
Sep-2026,Ahmedabad,20562539,N/A,north indian,,3653,12562.426,639,1549.2989065254312
Sep-2026,Ahmedabad,20563536,N/A,mithai,,0,364.082,0,0.04809520575358083
Sep-2026,Ahmedabad,20564852,N/A,international,,3283,17716.846,396,2931.1311743369142
Sep-2026,Ahmedabad,20565711,N/A,beverages,,372,0.0,-3,0.0
Sep-2026,Ahmedabad,20566188,N/A,desserts,,4011,365.84900000000005,712,-99.692364304523
Sep-2026,Ahmedabad,20566372,N/A,pizza,,0,445.66999999999996,0,-56.22516340952396
Sep-2026,Ahmedabad,20566910,N/A,ice cream,,8214,6600.540000000001,1878,1432.7257345279409
Sep-2026,Ahmedabad,20568316,N/A,street food,,285,0.0,0,0.0
Sep-2026,Ahmedabad,20569972,N/A,street food,,2827,1833.88,329,325.89246305430254
Sep-2026,Ahmedabad,20573282,N/A,international,,27136,18343.722,6077,4257.188440471382
Sep-2026,Ahmedabad,20574222,N/A,north indian,,195,0.0,8,0.0
Sep-2026,Ahmedabad,20575213,N/A,desserts,,12793,11700.11,3095,2953.4463629392103
Sep-2026,Ahmedabad,20576894,N/A,north indian,,0,3415.518,0,683.4654439822956
Sep-2026,Ahmedabad,20579390,N/A,biryani,,5764,13304.328,1173,2271.8925465716143
Sep-2026,Ahmedabad,20583897,N/A,chinese,,2084,1506.5659999999998,353,-65.90541945098359
Sep-2026,Ahmedabad,20584000,N/A,north indian,,0,4641.4580000000005,0,975.0739373193353
Sep-2026,Ahmedabad,20586367,N/A,street food,,15454,26340.058000000005,1958,5299.617871729739
Sep-2026,Ahmedabad,20591162,N/A,beverages,,12713,4581.566000000001,2471,-890.9521529871131
Sep-2026,Ahmedabad,20592961,N/A,street food,,4627,25545.053999999996,704,5343.4825356545525
Sep-2026,Ahmedabad,20593180,N/A,international,,0,1606.328,0,372.61014800058786
Sep-2026,Ahmedabad,20593585,N/A,north indian,,3563,4505.2,307,237.67227208406766
Sep-2026,Ahmedabad,20603910,N/A,cakes,,446,0.0,23,0.0
Sep-2026,Ahmedabad,20605135,N/A,cakes,,1527,2123.976,262,463.36415465912887
Sep-2026,Ahmedabad,20605692,N/A,ice cream,,9779,2410.372,3134,331.7516055000939
Sep-2026,Ahmedabad,20609377,N/A,na,,246,0.0,55,0.0
Sep-2026,Ahmedabad,20610719,N/A,beverages,,19786,15300.551,1918,1268.5697619143425
Sep-2026,Ahmedabad,20611735,N/A,street food,,0,1556.514,0,112.7192312609793
Sep-2026,Ahmedabad,20617254,N/A,beverages,,9132,9850.336,1803,2809.054365031476
Sep-2026,Ahmedabad,20622770,N/A,north indian,,10680,6168.628,2095,1325.7316736135924
Sep-2026,Ahmedabad,20626254,N/A,street food,,26072,4235.38,-2387,-1979.2998605653474
Sep-2026,Ahmedabad,20627746,N/A,street food,,3846,3774.6759999999995,1200,606.2063266836045
Sep-2026,Ahmedabad,20627768,N/A,na,,566,0.0,119,0.0
Sep-2026,Ahmedabad,20628013,N/A,"wraps, rolls and sandwiches",,1084,417.15600000000006,125,-13.562800518506606
Sep-2026,Ahmedabad,20631269,N/A,ice cream,,3360,583.0519999999999,639,148.04878025283116
Sep-2026,Ahmedabad,20634887,N/A,mithai,,1129,1516.0020000000002,245,371.9725007801673
Sep-2026,Ahmedabad,20635716,N/A,north indian,,3682,5989.788,666,764.6797093471739
Sep-2026,Ahmedabad,20639114,N/A,street food,,4517,4495.45,548,803.6496777819276
Sep-2026,Ahmedabad,20639147,N/A,"wraps, rolls and sandwiches",,2840,1329.844,391,199.48522461682387
Sep-2026,Ahmedabad,20640824,N/A,street food,,5396,3657.8,931,733.6572377786538
Sep-2026,Ahmedabad,20641709,N/A,desserts,,6699,4797.11,1401,314.25124062588503
Sep-2026,Ahmedabad,20645071,N/A,na,,149,0.0,-30,0.0
Sep-2026,Ahmedabad,20646297,N/A,international,,22998,24598.195999999996,5373,5815.74684916973
Sep-2026,Ahmedabad,20646955,N/A,chinese,,6525,283.746,-1303,3.0926071787100824
Sep-2026,Ahmedabad,20648425,N/A,biryani,,10146,18934.546,1065,2653.924555575557
Sep-2026,Ahmedabad,20652119,N/A,north indian,,186,465.876,23,0.08961921211929136
Sep-2026,Ahmedabad,20655014,N/A,na,,2513,0.0,488,0.0
Sep-2026,Ahmedabad,20656853,N/A,street food,,60508,64749.49799999999,8637,13058.539870140316
Sep-2026,Ahmedabad,20658023,N/A,beverages,,40439,33509.89599999999,6444,5471.505111355117
Sep-2026,Ahmedabad,20660799,N/A,street food,,2480,2633.8339999999994,133,538.6560092754632
Sep-2026,Ahmedabad,20662551,N/A,na,,1428,0.0,314,0.0
Sep-2026,Ahmedabad,20662597,N/A,street food,,2465,0.0,462,0.0
Sep-2026,Ahmedabad,20663018,N/A,na,,374,0.0,83,0.0
Sep-2026,Ahmedabad,20665742,N/A,ice cream,,5821,1382.472,1324,295.16928597797624
Sep-2026,Ahmedabad,20666167,N/A,street food,,314,0.0,66,0.0
Sep-2026,Ahmedabad,20671726,N/A,na,,1830,0.0,338,0.0
Sep-2026,Ahmedabad,20674360,N/A,na,,776,0.0,110,0.0
Sep-2026,Ahmedabad,20677129,N/A,na,,16264,10858.786,3229,2954.4917019878267
Sep-2026,Ahmedabad,20677601,N/A,street food,,4089,6444.786,753,1095.3175417378584
Sep-2026,Ahmedabad,20679487,N/A,north indian,,1634,1939.8719999999998,358,67.63544561086957
Sep-2026,Ahmedabad,20680673,N/A,beverages,,16019,26780.358000000004,2930,4726.916916923034
Sep-2026,Ahmedabad,20682378,N/A,na,,956,0.0,120,0.0
Sep-2026,Ahmedabad,20682467,N/A,na,,11836,0.0,6156,0.0
Sep-2026,Ahmedabad,20687095,N/A,north indian,,2141,1541.3899999999999,436,134.19444142832077
Sep-2026,Ahmedabad,20689132,N/A,street food,,0,2972.68,0,385.67167365118047
Sep-2026,Ahmedabad,20691390,N/A,chinese,,2589,2596.6380000000004,526,533.3749148565278
Sep-2026,Ahmedabad,20691680,N/A,biryani,,621,2141.7999999999997,107,482.7700319289114
Sep-2026,Ahmedabad,20692991,N/A,street food,,4670,7450.957999999999,788,1241.4019686241618
Sep-2026,Ahmedabad,20694030,N/A,na,,847,0.0,122,0.0
Sep-2026,Ahmedabad,20694286,N/A,street food,,2066,8228.416,384,1281.5856967093673
Sep-2026,Ahmedabad,20694629,N/A,na,,1842,0.0,192,0.0
Sep-2026,Ahmedabad,20696797,N/A,pizza,,1970,0.0,670,0.0
Sep-2026,Ahmedabad,20697958,N/A,desserts,,8151,21255.978,2016,5300.133419676877
Sep-2026,Ahmedabad,20698924,N/A,na,,643,0.0,162,0.0
Sep-2026,Ahmedabad,20700285,N/A,mithai,,15976,24908.331,2780,4813.132073099481
Sep-2026,Ahmedabad,20701384,N/A,pizza,,20618,2922.186,6023,734.0068942600304
Sep-2026,Ahmedabad,20704414,N/A,na,,440,0.0,53,0.0
Sep-2026,Ahmedabad,20705804,N/A,street food,,0,18078.236,0,2433.913589411813
Sep-2026,Ahmedabad,20707086,N/A,beverages,,1713,1321.4479999999999,332,45.99877860315193
Sep-2026,Ahmedabad,20707555,N/A,south indian,,9225,3032.6099999999997,1334,310.8554259216538
Sep-2026,Ahmedabad,20707669,N/A,north indian,,72887,136765.156,16487,32796.93698008512
Sep-2026,Ahmedabad,20708057,N/A,"wraps, rolls and sandwiches",,0,620.854,0,113.26654550387762
Sep-2026,Ahmedabad,20710941,N/A,"wraps, rolls and sandwiches",,0,5371.96,0,324.34748462776963
Sep-2026,Ahmedabad,20711965,N/A,beverages,,1862,2649.1839999999997,166,469.3731079050225
Sep-2026,Ahmedabad,20719317,N/A,beverages,,833,1165.096,23,117.36145199456766
Sep-2026,Ahmedabad,20721060,N/A,na,,1937,0.0,360,0.0
Sep-2026,Ahmedabad,20723068,N/A,"wraps, rolls and sandwiches",,930,608.3499999999999,150,51.11252698076355
Sep-2026,Ahmedabad,20723571,N/A,street food,,7372,3531.0660000000003,1585,566.7870118723749
Sep-2026,Ahmedabad,20724044,N/A,beverages,,0,334.998,0,0.05426797252687079
Sep-2026,Ahmedabad,20724670,N/A,pizza,,3452,4509.871999999999,676,869.7238082336628
Sep-2026,Ahmedabad,20731279,N/A,international,,45925,15748.256000000001,6927,2494.3069044855943
Sep-2026,Ahmedabad,20733203,N/A,na,,828,0.0,81,0.0
Sep-2026,Ahmedabad,20734353,N/A,pizza,,1181,2696.404,268,549.465576435282
Sep-2026,Ahmedabad,20735420,N/A,"wraps, rolls and sandwiches",,0,9560.419999999998,0,2381.350227307029
Sep-2026,Ahmedabad,20735813,N/A,north indian,,0,355.63599999999997,0,68.01514223556026
Sep-2026,Ahmedabad,20735854,N/A,ice cream,,0,271.396,0,0.2870987194254353
Sep-2026,Ahmedabad,20739209,N/A,north indian,,4228,5041.132,629,1321.8912033199804
Sep-2026,Ahmedabad,20740529,N/A,north indian,,11105,10645.220000000001,3547,1452.48766974873
Sep-2026,Ahmedabad,20746079,N/A,international,,9250,7774.79,1939,1937.5596947065671
Sep-2026,Ahmedabad,20748139,N/A,street food,,2240,0.0,327,0.0
Sep-2026,Ahmedabad,20749335,N/A,pizza,,4726,3549.996,748,662.4741862398604
Sep-2026,Ahmedabad,20749396,N/A,north indian,,37829,26558.247000000003,4738,2652.1546090497895
Sep-2026,Ahmedabad,20749942,N/A,international,,0,232.832,0,43.49408913846648
Sep-2026,Ahmedabad,20753754,N/A,biryani,,11267,17381.329999999998,6063,4462.58084032766
Sep-2026,Ahmedabad,20755824,N/A,north indian,,0,5151.0779999999995,0,430.2427310992049
Sep-2026,Ahmedabad,20757288,N/A,na,,391,0.0,82,0.0
Sep-2026,Ahmedabad,20758885,N/A,cakes,,497,1254.6219999999998,118,400.9945929368016
Sep-2026,Ahmedabad,20760226,N/A,street food,,1236,2952.648,-74,81.20448419697274
Sep-2026,Ahmedabad,20761500,N/A,chinese,,0,227.688,0,57.9053270928206
Sep-2026,Ahmedabad,20767055,N/A,na,,1101,0.0,253,0.0
Sep-2026,Ahmedabad,20767075,N/A,street food,,20331,36406.57,3244,6715.82445635642
Sep-2026,Ahmedabad,20770272,N/A,street food,,8181,4582.056,513,401.41950010019565
Sep-2026,Ahmedabad,20770621,N/A,north indian,,1452,1973.508,306,413.3094809675569
Sep-2026,Ahmedabad,20772171,N/A,street food,,85,0.0,0,0.0
Sep-2026,Ahmedabad,20773848,N/A,"wraps, rolls and sandwiches",,643,1936.8879999999995,61,195.45340598317594
Sep-2026,Ahmedabad,20774078,N/A,chinese,,4310,4797.276,596,200.91487130883255
Sep-2026,Ahmedabad,20774466,N/A,beverages,,0,2310.451,0,623.8102872359057
Sep-2026,Ahmedabad,20776659,N/A,north indian,,5410,8590.09,1366,1668.109104016742
Sep-2026,Ahmedabad,20778303,N/A,na,,1327,0.0,30,0.0
Sep-2026,Ahmedabad,20780184,N/A,biryani,,2390,3720.4579999999996,364,476.96017856111956
Sep-2026,Ahmedabad,20780229,N/A,north indian,,378,1912.14,52,94.36840008573012
Sep-2026,Ahmedabad,20780975,N/A,ice cream,,8411,6220.910000000001,1961,1333.3445793804142
Sep-2026,Ahmedabad,20781644,N/A,north indian,,1937,1377.174,495,443.0797709841595
Sep-2026,Ahmedabad,20782628,N/A,pizza,,14888,7129.952,2309,930.8667673798367
Sep-2026,Ahmedabad,20785438,N/A,north indian,,10276,10722.372,1809,1085.96108892365
Sep-2026,Ahmedabad,20791287,N/A,chinese,,2055,2372.43,315,397.9038834579405
Sep-2026,Ahmedabad,20794239,N/A,pizza,,1037,311.582,249,81.07368913846648
Sep-2026,Ahmedabad,20796270,N/A,north indian,,2110,2896.9980000000005,318,458.6551326550204
Sep-2026,Ahmedabad,20797958,N/A,street food,,17206,14359.624,7047,5205.9702571488215
Sep-2026,Ahmedabad,20798670,N/A,north indian,,0,9915.248000000003,0,2803.0391623397427
Sep-2026,Ahmedabad,20799019,N/A,south indian,,3852,4324.966,710,520.146494936499
Sep-2026,Ahmedabad,20799426,N/A,regional,,12640,11515.248,3014,2459.714606092326
Sep-2026,Ahmedabad,20800606,N/A,cakes,,8245,6545.950000000001,1519,1343.9109839444345
Sep-2026,Ahmedabad,20801085,N/A,pizza,,12058,755.338,2375,119.10032828531376
Sep-2026,Ahmedabad,20801587,N/A,international,,4315,2825.638,606,113.66862349023322
Sep-2026,Ahmedabad,20804999,N/A,north indian,,0,261.99800000000005,0,29.979699920465702
Sep-2026,Ahmedabad,20806034,N/A,street food,,0,15926.210000000001,0,2339.6095529084255
Sep-2026,Ahmedabad,20806193,N/A,street food,,3716,6238.110000000001,802,900.0263638326601
Sep-2026,Ahmedabad,20808509,N/A,south indian,,2231,13151.658,354,2284.5517833865933
Sep-2026,Ahmedabad,20809261,N/A,south indian,,6223,11524.226,836,2657.950893371531
Sep-2026,Ahmedabad,20809613,N/A,na,,3292,0.0,669,0.0
Sep-2026,Ahmedabad,20810304,N/A,desserts,,4566,1147.6419999999998,982,261.2905176748546
Sep-2026,Ahmedabad,20811702,N/A,ice cream,,566,416.9620000000001,-64,-139.56680973128886
Sep-2026,Ahmedabad,20820529,N/A,street food,,3537,10427.948,408,-309.17018407624136
Sep-2026,Ahmedabad,20821642,N/A,biryani,,671,1391.806,90,242.41363301387463
Sep-2026,Ahmedabad,20822967,N/A,biryani,,2781,2801.882,86,84.2443841614016
Sep-2026,Ahmedabad,20824802,N/A,north indian,,0,257.582,0,63.66662249819006
Sep-2026,Ahmedabad,20824993,N/A,street food,,5598,5514.290000000001,834,839.866987885902
Sep-2026,Ahmedabad,20828119,N/A,north indian,,26792,18728.354,6813,3334.38215128513
Sep-2026,Ahmedabad,20830739,N/A,na,,84,0.0,13,0.0
Sep-2026,Ahmedabad,20838037,N/A,north indian,,7843,8480.052,1065,1137.5333458579644
Sep-2026,Ahmedabad,20841137,N/A,street food,,2624,22562.694000000003,289,7453.825870130568
Sep-2026,Ahmedabad,20847911,N/A,beverages,,5175,2192.956,790,368.62350154064575
Sep-2026,Ahmedabad,20848110,N/A,street food,,7357,11626.420000000002,1365,1653.492062453483
Sep-2026,Ahmedabad,20851058,N/A,north indian,,5896,5258.152000000001,888,431.25521748120156
Sep-2026,Ahmedabad,20851430,N/A,chinese,,1710,1281.466,355,-87.83951971723023
Sep-2026,Ahmedabad,20851803,N/A,desserts,,2224,2424.004,484,-46.6453706782986
Sep-2026,Ahmedabad,20853064,N/A,"wraps, rolls and sandwiches",,178,3378.01,-23,561.1821728310057
Sep-2026,Ahmedabad,20854339,N/A,pizza,,13442,0.0,3507,0.0
Sep-2026,Ahmedabad,20855798,N/A,north indian,,7982,9375.012,1359,1639.9082868127266
Sep-2026,Ahmedabad,20855860,N/A,north indian,,0,60933.787000000004,0,19449.66706482768
Sep-2026,Ahmedabad,20857505,N/A,north indian,,733,51924.49,52,6581.600762652476
Sep-2026,Ahmedabad,20858578,N/A,north indian,,8531,20411.512,1039,5496.834510254492
Sep-2026,Ahmedabad,20860493,N/A,chinese,,4256,3743.8540000000003,915,485.8527978309052
Sep-2026,Ahmedabad,20861158,N/A,north indian,,14758,6353.513999999999,2549,805.2996043422329
Sep-2026,Ahmedabad,20862812,N/A,north indian,,536,829.2280000000001,26,-323.0577247208505
Sep-2026,Ahmedabad,20863647,N/A,pizza,,1059,0.0,111,0.0
Sep-2026,Ahmedabad,20865464,N/A,burger,,5198,13205.766,642,2100.710952699637
Sep-2026,Ahmedabad,20868211,N/A,street food,,1461,846.82,172,101.63625831266631
Sep-2026,Ahmedabad,20868808,N/A,north indian,,587,13453.178,-23,2450.5218239173446
Sep-2026,Ahmedabad,20869844,N/A,beverages,,866,87.68799999999999,-179,-83.24173202747312
Sep-2026,Ahmedabad,20869937,N/A,chinese,,2580,886.4159999999999,193,-133.36115684680638
Sep-2026,Ahmedabad,20870453,N/A,north indian,,11275,20283.202000000005,2254,3858.428840512912
Sep-2026,Ahmedabad,20870556,N/A,street food,,0,2465.723,0,263.45696496526637
Sep-2026,Ahmedabad,20872147,N/A,street food,,12642,15251.020000000002,2429,3558.4616630720993
Sep-2026,Ahmedabad,20872826,N/A,"wraps, rolls and sandwiches",,5163,8867.542,1141,807.7353888234908
Sep-2026,Ahmedabad,20875794,N/A,beverages,,72,430.39400000000006,0,80.79099234026
Sep-2026,Ahmedabad,20876924,N/A,north indian,,14724,21079.26,3770,6231.344742138541
Sep-2026,Ahmedabad,20877035,N/A,north indian,,242,83361.90200000002,49,21061.245086743118
Sep-2026,Ahmedabad,20879173,N/A,na,,613,0.0,150,0.0
Sep-2026,Ahmedabad,20879304,N/A,"wraps, rolls and sandwiches",,0,621.438,0,143.43109383227696
Sep-2026,Ahmedabad,20880571,N/A,cakes,,6673,11447.729999999998,616,2275.7440526398136
Sep-2026,Ahmedabad,20881681,N/A,burger,,3825,1231.436,750,273.20024829198553
Sep-2026,Ahmedabad,20886139,N/A,chinese,,2061,37687.014,-7,8316.8220910468
Sep-2026,Ahmedabad,20888725,N/A,desserts,,8434,7460.338000000002,1959,1601.065423480404
Sep-2026,Ahmedabad,20889055,N/A,north indian,,3177,0.0,594,0.0
Sep-2026,Ahmedabad,20889270,N/A,pizza,,21482,15470.967999999999,5075,4022.523802240813
Sep-2026,Ahmedabad,20889787,N/A,street food,,24367,5192.082,7983,983.4974742972382
Sep-2026,Ahmedabad,20890138,N/A,biryani,,10471,5245.879000000001,2046,980.488471516923
Sep-2026,Ahmedabad,20890871,N/A,burger,,9531,6502.215999999999,2304,1077.1993970810695
Sep-2026,Ahmedabad,20891065,N/A,street food,,0,1144.61,0,224.23673571980535
Sep-2026,Ahmedabad,20891092,N/A,street food,,1370,784.9639999999999,289,171.72555015516957
Sep-2026,Ahmedabad,20895108,N/A,na,,1651,0.0,0,0.0
Sep-2026,Ahmedabad,20898039,N/A,na,,6058,0.0,1265,0.0
Sep-2026,Ahmedabad,20901143,N/A,cakes,,16254,5779.33,2700,-867.5262484392107
Sep-2026,Ahmedabad,20905775,N/A,na,,4319,0.0,1845,0.0
Sep-2026,Ahmedabad,20906751,N/A,burger,,7858,2736.5,756,126.08512590186805
Sep-2026,Ahmedabad,20907119,N/A,street food,,78,0.0,0,0.0
Sep-2026,Ahmedabad,20908211,N/A,street food,,146789,84200.436,36206,18996.055380904458
Sep-2026,Ahmedabad,20912451,N/A,pizza,,9787,2264.86,3055,164.39607256496336
Sep-2026,Ahmedabad,20912591,N/A,desserts,,3375,821.526,455,159.7027122636024
Sep-2026,Ahmedabad,20915164,N/A,ice cream,,175712,107667.786,39089,24514.306852273872
Sep-2026,Ahmedabad,20917130,N/A,north indian,,0,199.00199999999998,0,26.52809520575358
Sep-2026,Ahmedabad,20919623,N/A,mithai,,1876,1003.848,442,115.37070859548119
Sep-2026,Ahmedabad,20921322,N/A,ice cream,,2868,0.0,505,0.0
Sep-2026,Ahmedabad,20921689,N/A,"wraps, rolls and sandwiches",,21967,17186.552,7797,5869.252921394999
Sep-2026,Ahmedabad,20922523,N/A,north indian,,51249,66474.03,8601,10084.210123874269
Sep-2026,Ahmedabad,20923913,N/A,burger,,6012,160.18800000000002,821,12.807647881565472
Sep-2026,Ahmedabad,20925429,N/A,biryani,,2635,1521.1599999999999,246,-1.662257844255843
Sep-2026,Ahmedabad,20930227,N/A,north indian,,2990,1446.534,220,66.55902419942505
Sep-2026,Ahmedabad,20933479,N/A,beverages,,10434,21872.598,2340,4126.437917589244
Sep-2026,Ahmedabad,20934898,N/A,north indian,,16308,3650.8979999999997,3085,785.3650537441986
Sep-2026,Ahmedabad,20935800,N/A,cakes,,217,0.0,0,0.0
Sep-2026,Ahmedabad,20936958,N/A,north indian,,1773,2769.378,441,571.2774577710369
Sep-2026,Ahmedabad,20937802,N/A,desserts,,9328,5264.31,2921,1394.6426374029556
Sep-2026,Ahmedabad,20939190,N/A,na,,100,0.0,0,0.0
Sep-2026,Ahmedabad,20942716,N/A,north indian,,258,347.562,64,86.78842613381747
Sep-2026,Ahmedabad,20942889,N/A,na,,239,0.0,52,0.0
Sep-2026,Ahmedabad,20943390,N/A,cakes,,0,2571.9519999999998,0,601.8090802341451
Sep-2026,Ahmedabad,20945175,N/A,beverages,,692,0.0,23,0.0
Sep-2026,Ahmedabad,20946867,N/A,na,,524,0.0,39,0.0
Sep-2026,Ahmedabad,20948399,N/A,chinese,,6688,7217.348,824,1779.6441363959161
Sep-2026,Ahmedabad,20948555,N/A,na,,2818,0.0,704,0.0
Sep-2026,Ahmedabad,20955265,N/A,street food,,673,1514.75,0,270.1189299886135
Sep-2026,Ahmedabad,20957621,N/A,street food,,3911,4940.244,488,956.2644273871447
Sep-2026,Ahmedabad,20958606,N/A,north indian,,812,41258.329,89,10038.712644197845
Sep-2026,Ahmedabad,20960285,N/A,na,,1491,0.0,319,0.0
Sep-2026,Ahmedabad,20965337,N/A,na,,456,0.0,107,0.0
Sep-2026,Ahmedabad,20966089,N/A,chinese,,26304,10622.116000000002,7561,1116.8365838387067
Sep-2026,Ahmedabad,20966893,N/A,na,,2656,0.0,447,0.0
Sep-2026,Ahmedabad,20967173,N/A,north indian,,11015,29345.568000000003,2108,7750.796081441647
Sep-2026,Ahmedabad,20967430,N/A,street food,,638,85.082,108,-52.49537750180994
Sep-2026,Ahmedabad,20967931,N/A,burger,,244,0.0,46,0.0
Sep-2026,Ahmedabad,20969567,N/A,na,,1923,0.0,376,0.0
Sep-2026,Ahmedabad,20969606,N/A,street food,,353,3166.798,30,184.28740916312802
Sep-2026,Ahmedabad,20974287,N/A,"wraps, rolls and sandwiches",,1294,345.70799999999997,270,5.458447881565476
Sep-2026,Ahmedabad,20976697,N/A,street food,,223,540.298,26,-87.89438247057213
Sep-2026,Ahmedabad,20977598,N/A,cakes,,17648,144249.092,4299,42737.41895898804
Sep-2026,Ahmedabad,20979270,N/A,na,,6537,0.0,1055,0.0
Sep-2026,Ahmedabad,20979997,N/A,na,,104,0.0,23,0.0
Sep-2026,Ahmedabad,20982216,N/A,south indian,,863,3272.462,49,554.8666143182328
Sep-2026,Ahmedabad,20983690,N/A,na,,15349,0.0,1819,0.0
Sep-2026,Ahmedabad,20983811,N/A,north indian,,4114,7356.72,552,351.12082570285804
Sep-2026,Ahmedabad,20984002,N/A,na,,2790,0.0,525,0.0
Sep-2026,Ahmedabad,20985290,N/A,na,,671,0.0,94,0.0
Sep-2026,Ahmedabad,20985614,N/A,north indian,,0,1667.114,0,229.25759768021695
Sep-2026,Ahmedabad,20986073,N/A,street food,,13048,11417.347,2488,1630.7645912927615
Sep-2026,Ahmedabad,20986837,N/A,na,,11116,0.0,3820,0.0
Sep-2026,Ahmedabad,20987141,N/A,north indian,,29611,26852.642,5482,5747.811495387593
Sep-2026,Ahmedabad,20987535,N/A,burger,,0,6380.086,0,989.048071847801
Sep-2026,Ahmedabad,20987657,N/A,chinese,,36451,84415.524,2977,15028.869451578073
Sep-2026,Ahmedabad,20989025,N/A,street food,,0,10689.592,0,1484.4300016264585
Sep-2026,Ahmedabad,20990053,N/A,north indian,,3814,3830.818,1666,1105.9586406414821
Sep-2026,Ahmedabad,20991704,N/A,chinese,,329,283.002,90,71.77662249819005
Sep-2026,Ahmedabad,20993431,N/A,chinese,,11641,15409.958999999997,2063,2487.137963546447
Sep-2026,Ahmedabad,20994209,N/A,street food,,4171,196.00199999999995,823,36.08408913846648
Sep-2026,Ahmedabad,20994892,N/A,na,,1287,0.0,146,0.0
Sep-2026,Ahmedabad,20996258,N/A,"wraps, rolls and sandwiches",,8201,2586.794,1386,419.27410829056254
Sep-2026,Ahmedabad,20997774,N/A,north indian,,18046,57227.252,3328,11961.384448209543
Sep-2026,Ahmedabad,21001030,N/A,street food,,2823,28425.874,318,6142.436255631244
Sep-2026,Ahmedabad,21005487,N/A,beverages,,1041,5684.522,258,1545.9416406609155
Sep-2026,Ahmedabad,21007943,N/A,north indian,,12277,9394.991999999998,2904,1806.3138139100345
Sep-2026,Ahmedabad,21008931,N/A,north indian,,0,1878.882,0,286.54090267340655
Sep-2026,Ahmedabad,21014029,N/A,north indian,,0,26358.554000000004,0,4212.19731976331
Sep-2026,Ahmedabad,21014336,N/A,burger,,27705,11832.17,8365,887.9548074730244
Sep-2026,Ahmedabad,21014349,N/A,street food,,10175,8075.540000000002,1496,935.2842800841555
Sep-2026,Ahmedabad,21014740,N/A,south indian,,0,9780.284000000001,0,2068.0362963377743
Sep-2026,Ahmedabad,21016226,N/A,street food,,691,1718.2060000000001,78,285.82195340414876
Sep-2026,Ahmedabad,21022485,N/A,desserts,,2163,315.45799999999997,439,8.192743324107681
Sep-2026,Ahmedabad,21024020,N/A,street food,,0,2925.6939999999995,0,632.4561004384692
Sep-2026,Ahmedabad,21025060,N/A,na,,19115,0.0,2793,0.0
Sep-2026,Ahmedabad,21032915,N/A,street food,,2353,8332.564,379,2007.6522937558607
Sep-2026,Ahmedabad,21046752,N/A,north indian,,0,56536.51400000001,0,20069.501950383798
Sep-2026,Ahmedabad,21047874,N/A,street food,,11067,11836.044,2124,2339.581436655112
Sep-2026,Ahmedabad,21054264,N/A,north indian,,1616,1476.0259999999998,401,310.49604840152034
Sep-2026,Ahmedabad,21054653,N/A,international,,2274,1856.5819999999999,519,288.89800857154705
Sep-2026,Ahmedabad,21056666,N/A,north indian,,5210,7969.0819999999985,823,1438.5008987840845
Sep-2026,Ahmedabad,21057748,N/A,street food,,8174,17955.118,1406,2627.458223063581
Sep-2026,Ahmedabad,21057928,N/A,"wraps, rolls and sandwiches",,23951,19198.259,5603,4912.5481263386755
Sep-2026,Ahmedabad,21058874,N/A,beverages,,867,1469.675,-74,299.2432051776977
Sep-2026,Ahmedabad,21061019,N/A,desserts,,7085,4158.664,1702,983.1907185029268
Sep-2026,Ahmedabad,21061381,N/A,street food,,7998,8851.922,1443,1882.7839724122036
Sep-2026,Ahmedabad,21061637,N/A,north indian,,3184,1733.924,633,81.63161242600273
Sep-2026,Ahmedabad,21062376,N/A,street food,,0,652.784,0,56.69083324199313
Sep-2026,Ahmedabad,21063916,N/A,street food,,0,199.876,0,29.059323062348952
Sep-2026,Ahmedabad,21065241,N/A,street food,,2590,2457.602,302,506.4707416988034
Sep-2026,Ahmedabad,21067120,N/A,cakes,,19515,33335.655999999995,5616,7915.523296558017
Sep-2026,Ahmedabad,21067721,N/A,north indian,,3834,11335.704000000002,875,2043.4161861346372
Sep-2026,Ahmedabad,21067725,N/A,pizza,,43361,31353.404000000002,12741,5225.4515879246765
Sep-2026,Ahmedabad,21070632,N/A,street food,,1689,2208.3120000000004,218,298.2950924858008
Sep-2026,Ahmedabad,21074823,N/A,north indian,,2111,0.0,245,0.0
Sep-2026,Ahmedabad,21075021,N/A,north indian,,24440,13922.482,5174,1988.21025573462
Sep-2026,Ahmedabad,21075981,N/A,beverages,,728,0.0,0,0.0
Sep-2026,Ahmedabad,21076864,N/A,north indian,,0,980.1540000000001,0,85.96658520794134
Sep-2026,Ahmedabad,21081624,N/A,street food,,45669,26685.368,9050,5171.920121439172
Sep-2026,Ahmedabad,21081901,N/A,beverages,,0,290.002,0,0.07099234026001228
Sep-2026,Ahmedabad,21082650,N/A,burger,,1199,356.14000000000004,109,98.61985711099335
Sep-2026,Ahmedabad,21089296,N/A,north indian,,14228,7101.485999999999,2939,880.7456342507958
Sep-2026,Ahmedabad,21091198,N/A,beverages,,4632,3624.962,899,504.94418551381733
Sep-2026,Ahmedabad,21091383,N/A,north indian,,0,783.564,0,71.24880870651906
Sep-2026,Ahmedabad,21093230,N/A,na,,107,0.0,0,0.0
Sep-2026,Ahmedabad,21094124,N/A,desserts,,13932,50702.856,4278,17749.548557864553
Sep-2026,Ahmedabad,21098834,N/A,north indian,,1030,5569.67,548,1195.7755067819671
Sep-2026,Ahmedabad,21099576,N/A,ice cream,,734,0.0,138,0.0
Sep-2026,Ahmedabad,21099817,N/A,"wraps, rolls and sandwiches",,8225,10910.385999999999,1895,2104.9575706746464
Sep-2026,Ahmedabad,21101749,N/A,north indian,,0,3920.794,0,477.5469124868739
Sep-2026,Ahmedabad,21103093,N/A,north indian,,16358,62209.761999999995,4150,13612.78699500483
Sep-2026,Ahmedabad,21103369,N/A,na,,8192,0.0,1054,0.0
Sep-2026,Ahmedabad,21104645,N/A,pizza,,7834,1371.1819999999998,1807,363.3388569203953
Sep-2026,Ahmedabad,21104679,N/A,street food,,0,1221.424,0,88.26048047872804
Sep-2026,Ahmedabad,21104896,N/A,north indian,,16486,10067.268,3388,1703.4511692248627
Sep-2026,Ahmedabad,21107596,N/A,north indian,,18116,11471.3,3610,2151.169822820336
Sep-2026,Ahmedabad,21109495,N/A,street food,,993,2132.2619999999997,164,258.8758664718456
Sep-2026,Ahmedabad,21109769,N/A,desserts,,0,518.376,0,140.0523634519987
Sep-2026,Ahmedabad,21112917,N/A,ice cream,,4318,3923.466,1015,675.8703850910575
Sep-2026,Ahmedabad,21112994,N/A,south indian,,9662,17939.985999999997,1660,2709.611274264423
Sep-2026,Ahmedabad,21116286,N/A,na,,1787,0.0,361,0.0
Sep-2026,Ahmedabad,21116435,N/A,"wraps, rolls and sandwiches",,80852,45524.031,22341,14729.355639749521
Sep-2026,Ahmedabad,21117793,N/A,street food,,1833,5113.7660000000005,249,650.8121196389792
Sep-2026,Ahmedabad,21118255,N/A,street food,,7661,9187.846,1448,1689.8734706374653
Sep-2026,Ahmedabad,21118691,N/A,na,,116896,0.0,18127,0.0
Sep-2026,Ahmedabad,21119566,N/A,na,,1064,0.0,266,0.0
Sep-2026,Ahmedabad,21123620,N/A,street food,,0,704.6820000000001,0,166.31901163506384
Sep-2026,Ahmedabad,21127850,N/A,mithai,,923,3296.07,84,256.63232558767925
Sep-2026,Ahmedabad,21130446,N/A,na,,1008,0.0,215,0.0
Sep-2026,Ahmedabad,21132271,N/A,street food,,4495,7864.969999999999,875,1774.9438672837525
Sep-2026,Ahmedabad,21134576,N/A,burger,,20704,16890.186,3715,1676.8860942716447
Sep-2026,Ahmedabad,21137400,N/A,na,,1638,0.0,344,0.0
Sep-2026,Ahmedabad,21139772,N/A,na,,304,0.0,16,0.0
Sep-2026,Ahmedabad,21140108,N/A,cakes,,3254,7200.206,575,562.0662477510909
Sep-2026,Ahmedabad,21140539,N/A,north indian,,965,1222.014,216,297.7246862022483
Sep-2026,Ahmedabad,21142228,N/A,street food,,0,1706.9319999999998,0,300.88881708056783
Sep-2026,Ahmedabad,21142424,N/A,na,,1035,0.0,75,0.0
Sep-2026,Ahmedabad,21144449,N/A,street food,,3901,12342.222999999998,262,2298.1067896659115
Sep-2026,Ahmedabad,21144533,N/A,street food,,943,3061.448,65,-90.65315207163201
Sep-2026,Ahmedabad,21144873,N/A,street food,,30134,23382.210999999996,5093,3292.7604342335308
Sep-2026,Ahmedabad,21146426,N/A,beverages,,8504,9583.678,708,583.6507747967944
Sep-2026,Ahmedabad,21146540,N/A,north indian,,0,280.002,0,0.10662249819005581
Sep-2026,Ahmedabad,21147233,N/A,south indian,,0,1631.5879999999997,0,266.59830568379107
Sep-2026,Ahmedabad,21148154,N/A,biryani,,10532,2513.808,1510,364.41261238668295
Sep-2026,Ahmedabad,21149018,N/A,international,,21913,0.0,9783,0.0
Sep-2026,Ahmedabad,21149457,N/A,pizza,,2979,0.0,331,0.0
Sep-2026,Ahmedabad,21150426,N/A,north indian,,326,0.0,85,0.0
Sep-2026,Ahmedabad,21151348,N/A,biryani,,561,0.0,140,0.0
Sep-2026,Ahmedabad,21152635,N/A,international,,31060,26642.446,4812,4707.577610533709
Sep-2026,Ahmedabad,21154878,N/A,biryani,,0,168.12,0,43.48129040084557
Sep-2026,Ahmedabad,21154904,N/A,street food,,25901,8739.702,6546,2151.0399911502195
Sep-2026,Ahmedabad,21157790,N/A,ice cream,,3888,5770.616,960,1223.1186209119276
Sep-2026,Ahmedabad,21157851,N/A,street food,,2166,5679.650000000001,285,886.938014720297
Sep-2026,Ahmedabad,21158244,N/A,north indian,,4886,1701.324,891,189.09726240193297
Sep-2026,Ahmedabad,21158722,N/A,beverages,,15639,8651.187,2216,1519.4221472080178
Sep-2026,Ahmedabad,21159096,N/A,chinese,,2913,3652.6059999999998,654,472.05528453236
Sep-2026,Ahmedabad,21161825,N/A,street food,,11216,11298.206,1742,2168.8684909274566
Sep-2026,Ahmedabad,21163120,N/A,international,,65775,31303.811999999998,16311,7990.900237867445
Sep-2026,Ahmedabad,21164724,N/A,north indian,,5075,5131.984,-381,264.6084293178879
Sep-2026,Ahmedabad,21164977,N/A,cakes,,3326,4416.838,853,1401.4204883776379
Sep-2026,Ahmedabad,21166647,N/A,south indian,,6431,74741.204,1580,13952.4638980624
Sep-2026,Ahmedabad,21167652,N/A,desserts,,11394,102498.455,2858,26758.9568372315
Sep-2026,Ahmedabad,21169881,N/A,burger,,4419,4100.09,954,313.58360188329453
Sep-2026,Ahmedabad,21172090,N/A,pizza,,2676,1973.0079999999998,466,363.41336378763253
Sep-2026,Ahmedabad,21173700,N/A,international,,0,644.0,0,171.91285226763492
Sep-2026,Ahmedabad,21175486,N/A,street food,,908,2146.39,137,185.13425534832095
Sep-2026,Ahmedabad,21177219,N/A,north indian,,1893,3671.144,423,845.2112484577101
Sep-2026,Ahmedabad,21179875,N/A,na,,6449,0.0,875,0.0
Sep-2026,Ahmedabad,21180365,N/A,beverages,,69,0.0,0,0.0
Sep-2026,Ahmedabad,21181269,N/A,pizza,,8394,19507.925999999996,1096,1728.2143028627454
Sep-2026,Ahmedabad,21181776,N/A,burger,,0,3993.2660000000005,0,1014.4088719608922
Sep-2026,Ahmedabad,21185650,N/A,na,,21380,0.0,3396,0.0
Sep-2026,Ahmedabad,21186398,N/A,na,,517,0.0,100,0.0
Sep-2026,Ahmedabad,21187552,N/A,na,,1950,0.0,197,0.0
Sep-2026,Ahmedabad,21187933,N/A,street food,,95196,79492.77600000001,31949,25367.277551694948
Sep-2026,Ahmedabad,21189445,N/A,north indian,,8506,15881.642000000003,1299,2350.254267271116
Sep-2026,Ahmedabad,21189628,N/A,north indian,,873,3788.452,-32,581.8177506703134
Sep-2026,Ahmedabad,21191617,N/A,north indian,,4587,8774.922,712,1650.0013803700162
Sep-2026,Ahmedabad,21193289,N/A,ice cream,,4518,1843.058,890,218.28748742734507
Sep-2026,Ahmedabad,21195635,N/A,street food,,19923,4003.076,5310,434.18537833589943
Sep-2026,Ahmedabad,21197249,N/A,street food,,145,0.0,0,0.0
Sep-2026,Ahmedabad,21200475,N/A,north indian,,4237,8433.619999999999,630,1553.5243800308472
Sep-2026,Ahmedabad,21201402,N/A,beverages,,8001,10070.129,1184,1361.8963343712053
Sep-2026,Ahmedabad,21202004,N/A,pizza,,100,709.994,22,-65.58755263694113
Sep-2026,Ahmedabad,21203330,N/A,"wraps, rolls and sandwiches",,0,9229.202,0,1296.2668667612552
Sep-2026,Ahmedabad,21203820,N/A,ice cream,,487,497.95799999999997,97,96.08552183663957
Sep-2026,Ahmedabad,21206043,N/A,na,,79,0.0,19,0.0
Sep-2026,Ahmedabad,21209243,N/A,biryani,,0,4639.02,0,749.3511443808873
Sep-2026,Ahmedabad,21211223,N/A,street food,,0,685.9159999999999,0,226.96211401275167
Sep-2026,Ahmedabad,21211351,N/A,north indian,,217,0.0,-66,0.0
Sep-2026,Ahmedabad,21213332,N/A,mithai,,15018,3415.876,2116,264.78202535127923
Sep-2026,Ahmedabad,21213625,N/A,south indian,,22900,29827.885999999995,1365,-803.6406498320896
Sep-2026,Ahmedabad,21214492,N/A,street food,,35430,19533.022,8043,3535.8429586228576
Sep-2026,Ahmedabad,21214505,N/A,north indian,,0,5596.342000000001,0,931.2127660145186
Sep-2026,Ahmedabad,21214806,N/A,mithai,,1759,3578.95,284,605.2460964907918
Sep-2026,Ahmedabad,21215391,N/A,street food,,4538,9911.432,196,454.2148829548353
Sep-2026,Ahmedabad,21218229,N/A,north indian,,3559,874.2720000000002,647,206.44348651434763
Sep-2026,Ahmedabad,21219077,N/A,north indian,,6114,6059.496,-543,-599.5336296817491
Sep-2026,Ahmedabad,21219940,N/A,pizza,,5404,17303.72,912,2400.8381874403444
Sep-2026,Ahmedabad,21219958,N/A,north indian,,9455,14159.356,297,1178.1260999527008
Sep-2026,Ahmedabad,21219996,N/A,north indian,,5043,2408.594,1073,610.9813550967273
Sep-2026,Ahmedabad,21221423,N/A,street food,,15271,11568.744,2064,2140.2467655263094
Sep-2026,Ahmedabad,21222812,N/A,north indian,,1134,2892.14,78,445.9577109423726
Sep-2026,Ahmedabad,21225273,N/A,na,,681,0.0,43,0.0
Sep-2026,Ahmedabad,21225432,N/A,beverages,,14674,0.0,3069,0.0
Sep-2026,Ahmedabad,21225595,N/A,north indian,,26205,14099.53,3361,2254.272561516533
Sep-2026,Ahmedabad,21225840,N/A,street food,,4647,7323.305999999998,1168,1444.716177435626
Sep-2026,Ahmedabad,21228040,N/A,north indian,,0,5299.871999999999,0,267.0894059103164
Sep-2026,Ahmedabad,21231672,N/A,north indian,,0,2870.9500000000003,0,135.45275602225453
Sep-2026,Ahmedabad,21231701,N/A,burger,,1808,6217.571999999999,63,139.48311914617705
Sep-2026,Ahmedabad,21232578,N/A,international,,4974,7494.9619999999995,946,1482.6982879491813
Sep-2026,Ahmedabad,21232650,N/A,"wraps, rolls and sandwiches",,6447,10529.821999999998,651,1359.5445565989774
Sep-2026,Ahmedabad,21234165,N/A,street food,,12654,2164.934,3461,275.06636559483906
Sep-2026,Ahmedabad,21234609,N/A,desserts,,3077,2345.618,-24,-36.29708503333441
Sep-2026,Ahmedabad,21234777,N/A,north indian,,14557,14128.687,2443,891.8330668741729
Sep-2026,Ahmedabad,21236421,N/A,street food,,6494,4824.298000000001,1085,751.5229841632765
Sep-2026,Ahmedabad,21237670,N/A,north indian,,16479,17555.222999999998,2662,3940.8214208279987
Sep-2026,Ahmedabad,21238361,N/A,na,,627,0.0,80,0.0
Sep-2026,Ahmedabad,21239737,N/A,south indian,,335,558.17,78,72.10084494650029
Sep-2026,Ahmedabad,21241078,N/A,north indian,,41850,17729.471999999998,5627,2558.3794294040076
Sep-2026,Ahmedabad,21244224,N/A,street food,,5118,21719.755999999994,973,7352.859007748881
Sep-2026,Ahmedabad,21246192,N/A,"wraps, rolls and sandwiches",,8821,13828.964,1397,1061.8850299091444
Sep-2026,Ahmedabad,21246334,N/A,south indian,,0,143.68800000000002,0,0.07305508982208582
Sep-2026,Ahmedabad,21248000,N/A,na,,1059,0.0,175,0.0
Sep-2026,Ahmedabad,21249013,N/A,street food,,19491,5486.58,2651,156.2747201347534
Sep-2026,Ahmedabad,21249326,N/A,north indian,,1287,524.27,211,59.39807401538293
Sep-2026,Ahmedabad,21250318,N/A,beverages,,62,0.0,23,0.0
Sep-2026,Ahmedabad,21252430,N/A,na,,69,0.0,22,0.0
Sep-2026,Ahmedabad,21254173,N/A,na,,4241,0.0,834,0.0
Sep-2026,Ahmedabad,21254560,N/A,chinese,,0,1564.214,0,292.20875219155556
Sep-2026,Ahmedabad,21255882,N/A,street food,,5836,8254.266,927,1000.832676075853
Sep-2026,Ahmedabad,21256433,N/A,north indian,,0,1065.0639999999999,0,-58.387337597277906
Sep-2026,Ahmedabad,21257429,N/A,na,,498,0.0,31,0.0
Sep-2026,Ahmedabad,21258313,N/A,"wraps, rolls and sandwiches",,3109,6016.33,520,930.6276035608739
Sep-2026,Ahmedabad,21258690,N/A,street food,,70,4920.226000000001,-7,1286.17255754368
Sep-2026,Ahmedabad,21260845,N/A,burger,,6033,5547.353,1296,626.1872273363964
Sep-2026,Ahmedabad,21261532,N/A,street food,,655,1141.134,150,-142.01852260320743
Sep-2026,Ahmedabad,21262982,N/A,international,,0,255.54199999999997,0,0.10662249819005581
Sep-2026,Ahmedabad,21263192,N/A,street food,,467,6224.372,26,1434.2560203308458
Sep-2026,Ahmedabad,21264182,N/A,north indian,,6519,7284.894,1905,1946.309300607596
Sep-2026,Ahmedabad,21265540,N/A,burger,,6797,13002.307999999999,665,1207.921558003125
Sep-2026,Ahmedabad,21268796,N/A,street food,,4736,20487.812,541,1967.9659469363983
Sep-2026,Ahmedabad,21269761,N/A,na,,399,0.0,23,0.0
Sep-2026,Ahmedabad,21270350,N/A,north indian,,0,847.328,0,64.15658014929022
Sep-2026,Ahmedabad,21272293,N/A,na,,608,0.0,139,0.0
Sep-2026,Ahmedabad,21272944,N/A,na,,293,0.0,52,0.0
Sep-2026,Ahmedabad,21275144,N/A,street food,,5457,6516.748,353,324.94250731443685
Sep-2026,Ahmedabad,21275594,N/A,na,,63,0.0,18,0.0
Sep-2026,Ahmedabad,21276005,N/A,cakes,,3437,5830.469999999999,467,677.7320033201081
Sep-2026,Ahmedabad,21277320,N/A,north indian,,30629,7505.816000000001,9735,1918.680926776968
Sep-2026,Ahmedabad,21278619,N/A,north indian,,14077,19085.704,4605,5126.2885822432445
Sep-2026,Ahmedabad,21280244,N/A,street food,,0,390.99799999999993,0,0.07305508982208582
Sep-2026,Ahmedabad,21281916,N/A,na,,137,0.0,32,0.0
Sep-2026,Ahmedabad,21283497,N/A,na,,91,0.0,23,0.0
Sep-2026,Ahmedabad,21284157,N/A,north indian,,0,70.18799999999999,0,0.05426797252687079
Sep-2026,Ahmedabad,21284747,N/A,chinese,,9422,0.0,658,0.0
Sep-2026,Ahmedabad,21289815,N/A,burger,,15315,21026.888,2103,2903.7204845592755
Sep-2026,Ahmedabad,21289986,N/A,na,,50,0.0,-37,0.0
Sep-2026,Ahmedabad,21291337,N/A,na,,4333,0.0,845,0.0
Sep-2026,Ahmedabad,21292299,N/A,beverages,,12573,4829.998,3513,1541.6421465728931
Sep-2026,Ahmedabad,21292431,N/A,north indian,,17376,20043.326,4479,3007.5059879336586
Sep-2026,Ahmedabad,21293423,N/A,north indian,,0,14263.549999999997,0,3839.0761477055366
Sep-2026,Ahmedabad,21294757,N/A,north indian,,5061,24535.782,695,1492.4453311341988
Sep-2026,Ahmedabad,21294795,N/A,na,,590,0.0,116,0.0
Sep-2026,Ahmedabad,21294940,N/A,street food,,28019,24616.694,9003,7689.253673704143
Sep-2026,Ahmedabad,21295908,N/A,street food,,0,16609.891,0,1005.9180992476507
Sep-2026,Ahmedabad,21296145,N/A,north indian,,3652,7108.521999999999,618,248.91876054756372
Sep-2026,Ahmedabad,21296287,N/A,international,,764,2454.704,192,652.5121476558127
Sep-2026,Ahmedabad,21296346,N/A,na,,6055,0.0,1222,0.0
Sep-2026,Ahmedabad,21296580,N/A,"wraps, rolls and sandwiches",,3597,7976.896000000001,255,751.6381333129489
Sep-2026,Ahmedabad,21296956,N/A,biryani,,12625,21230.370000000003,1691,2453.8593616352096
Sep-2026,Ahmedabad,21297044,N/A,na,,358,0.0,42,0.0
Sep-2026,Ahmedabad,21298233,N/A,north indian,,0,524.068,0,80.61437169675955
Sep-2026,Ahmedabad,21298288,N/A,street food,,9365,6684.046,372,-218.72494427586753
Sep-2026,Ahmedabad,21299741,N/A,"wraps, rolls and sandwiches",,1258,8915.246,247,2273.980647553188
Sep-2026,Ahmedabad,21299959,N/A,north indian,,1518,3478.1289999999995,139,602.8123701059122
Sep-2026,Ahmedabad,21301242,N/A,desserts,,32260,11059.443,7545,2046.7534648340886
Sep-2026,Ahmedabad,21301909,N/A,chinese,,4699,38002.51000000001,224,6482.549734694219
Sep-2026,Ahmedabad,21303155,N/A,international,,6660,3761.0640000000003,1197,581.0206762939406
Sep-2026,Ahmedabad,21304028,N/A,street food,,3758,1449.438,592,250.56824892241934
Sep-2026,Ahmedabad,21304084,N/A,burger,,4079,5649.820000000001,752,508.5184978921134
Sep-2026,Ahmedabad,21304463,N/A,"wraps, rolls and sandwiches",,4542,6460.236000000001,-492,-1145.2346632558558
Sep-2026,Ahmedabad,21305311,N/A,north indian,,3855,16412.534,78,2539.226649986328
Sep-2026,Ahmedabad,21305638,N/A,north indian,,0,522.44,0,-64.96730845142076
Sep-2026,Ahmedabad,21306270,N/A,street food,,217,0.0,0,0.0
Sep-2026,Ahmedabad,21306636,N/A,ice cream,,269,589.8820000000001,68,17.13514526120302
Sep-2026,Ahmedabad,21307433,N/A,na,,1096,0.0,120,0.0
Sep-2026,Ahmedabad,21308059,N/A,street food,,0,23397.454,0,1592.3007372329093
Sep-2026,Ahmedabad,21309516,N/A,south indian,,3963,5730.986000000001,160,-1217.0642863956793
Sep-2026,Ahmedabad,21310227,N/A,na,,3152,0.0,493,0.0
Sep-2026,Ahmedabad,21311644,N/A,cakes,,2460,827.77,804,189.05170929803958
Sep-2026,Ahmedabad,21312403,N/A,"wraps, rolls and sandwiches",,0,692.502,0,96.68321511597834
Sep-2026,Ahmedabad,21315368,N/A,street food,,5236,6464.438,874,1272.8488622040024
Sep-2026,Ahmedabad,21315850,N/A,street food,,16294,10018.246,2348,1297.345642533534
Sep-2026,Ahmedabad,21316824,N/A,north indian,,0,1252.7060000000001,0,16.857032450242656
Sep-2026,Ahmedabad,21318411,N/A,north indian,,17421,5384.304,5269,304.61647270636433
Sep-2026,Ahmedabad,21318433,N/A,cakes,,1891,2650.316,0,243.49020814357723
Sep-2026,Ahmedabad,21318598,N/A,burger,,4404,7694.5160000000005,695,1055.4738058304165
Sep-2026,Ahmedabad,21321157,N/A,north indian,,2291,0.0,187,0.0
Sep-2026,Ahmedabad,21321438,N/A,north indian,,11787,18538.173999999995,1990,4057.5202947118164
Sep-2026,Ahmedabad,21321520,N/A,north indian,,7203,10265.765,443,1177.8862241817542
Sep-2026,Ahmedabad,21321678,N/A,"wraps, rolls and sandwiches",,5798,5700.2480000000005,1335,1497.754108720554
Sep-2026,Ahmedabad,21325708,N/A,pizza,,86,358.555,25,76.82700078016732
Sep-2026,Ahmedabad,21328821,N/A,na,,13742,7125.9619999999995,927,1652.4368534497303
Sep-2026,Ahmedabad,21330447,N/A,north indian,,332,61113.388999999996,5,12764.958018849358
Sep-2026,Ahmedabad,21331304,N/A,chinese,,256,1032.216,0,0.14473970331888297
Sep-2026,Ahmedabad,21331727,N/A,south indian,,31168,18220.045,6521,3653.7531288557198
Sep-2026,Ahmedabad,21334527,N/A,street food,,525,3898.3,75,609.1138017693934
Sep-2026,Ahmedabad,21335633,N/A,beverages,,27470,44652.381,4115,1183.604108583078
Sep-2026,Ahmedabad,21340473,N/A,pizza,,2954,1833.4919999999997,538,117.60902345987668
Sep-2026,Ahmedabad,21341278,N/A,street food,,2418,4094.3109999999997,302,-235.2832366641707
Sep-2026,Ahmedabad,21342085,N/A,north indian,,12879,25828.31,2205,6105.161776521787
Sep-2026,Ahmedabad,21342999,N/A,"wraps, rolls and sandwiches",,25823,6902.448,8615,2051.575630656189
Sep-2026,Ahmedabad,21351188,N/A,south indian,,0,122.68799999999999,0,32.020051338490916
Sep-2026,Ahmedabad,21351330,N/A,na,,117,0.0,-106,0.0
Sep-2026,Ahmedabad,21351473,N/A,ice cream,,2158,726.876,-68,171.85170000690522
Sep-2026,Ahmedabad,21351541,N/A,na,,3065,0.0,710,0.0
Sep-2026,Ahmedabad,21353788,N/A,burger,,5713,4283.908,289,-412.8075950317709
Sep-2026,Ahmedabad,21354274,N/A,cakes,,375,1202.81,23,-23.283231526517667
Sep-2026,Ahmedabad,21355053,N/A,north indian,,0,732.064,0,124.07815081998433
Sep-2026,Ahmedabad,21355556,N/A,north indian,,9821,18637.79,1360,3793.693283802138
Sep-2026,Ahmedabad,21357332,N/A,chinese,,0,311.582,0,0.02842613381746315
Sep-2026,Ahmedabad,21359499,N/A,north indian,,42050,39092.44999999999,9166,8714.412067008696
Sep-2026,Ahmedabad,21359762,N/A,na,,121,0.0,26,0.0
Sep-2026,Ahmedabad,21360912,N/A,"wraps, rolls and sandwiches",,727,0.0,20,0.0
Sep-2026,Ahmedabad,21363153,N/A,international,,305,7897.595999999998,79,1361.1611491450271
Sep-2026,Ahmedabad,21363762,N/A,na,,620,0.0,-62,0.0
Sep-2026,Ahmedabad,21364142,N/A,north indian,,221,0.0,0,0.0
Sep-2026,Ahmedabad,21364337,N/A,pizza,,3878,7121.054,624,955.4363000073046
Sep-2026,Ahmedabad,21364885,N/A,north indian,,52,0.0,0,0.0
Sep-2026,Ahmedabad,21371197,N/A,street food,,9438,3619.186,1695,569.5027701575675
Sep-2026,Ahmedabad,21372221,N/A,north indian,,23936,27699.401000000005,4630,4597.235308984886
Sep-2026,Ahmedabad,21373617,N/A,na,,654,0.0,23,0.0
Sep-2026,Ahmedabad,21373811,N/A,na,,137,0.0,0,0.0
Sep-2026,Ahmedabad,21375093,N/A,cakes,,7927,11579.238000000001,1187,1119.5709701238952
Sep-2026,Ahmedabad,21376699,N/A,na,,62252,0.0,13418,0.0
Sep-2026,Ahmedabad,21377085,N/A,north indian,,0,6667.678000000001,0,966.8417824563722
Sep-2026,Ahmedabad,21377194,N/A,cakes,,764,0.0,-52,0.0
Sep-2026,Ahmedabad,21379128,N/A,street food,,15895,2217.706,3145,543.9289505260587
Sep-2026,Ahmedabad,21380318,N/A,"wraps, rolls and sandwiches",,0,528.686,0,36.122627013286305
Sep-2026,Ahmedabad,21382429,N/A,na,,1137,0.0,288,0.0
Sep-2026,Ahmedabad,21387248,N/A,north indian,,14677,9900.318,3407,2064.161879358592
Sep-2026,Ahmedabad,21390449,N/A,pizza,,10237,17205.714,930,2106.2974495043372
Sep-2026,Ahmedabad,21392026,N/A,burger,,5501,5850.2480000000005,231,-967.5589892034302
Sep-2026,Ahmedabad,21392552,N/A,pizza,,0,123.00200000000001,0,0.08805133849092027
Sep-2026,Ahmedabad,21393357,N/A,south indian,,19950,28867.254,4154,3087.1085900434155
Sep-2026,Ahmedabad,21393827,N/A,north indian,,755,4461.198,92,958.407663601199
Sep-2026,Ahmedabad,21394112,N/A,street food,,13450,3507.996,3671,591.9229841997968
Sep-2026,Ahmedabad,21394512,N/A,ice cream,,33252,29013.22,6150,6625.714928356932
Sep-2026,Ahmedabad,21395078,N/A,street food,,0,6581.416,0,1471.1444236935477
Sep-2026,Ahmedabad,21395936,N/A,north indian,,4004,3487.58,668,716.1949869144186
Sep-2026,Ahmedabad,21396125,N/A,north indian,,0,1986.2279999999996,0,563.667476028768
Sep-2026,Ahmedabad,21397062,N/A,north indian,,0,17315.163999999997,0,3067.2333797116544
Sep-2026,Ahmedabad,21397341,N/A,south indian,,1437,10313.098000000002,124,571.9133951414702
Sep-2026,Ahmedabad,21398577,N/A,na,,478,0.0,115,0.0
Sep-2026,Ahmedabad,21398591,N/A,street food,,9269,8516.042,1831,1776.3777214533786
Sep-2026,Ahmedabad,21400252,N/A,south indian,,2388,5162.493999999999,383,885.0162345895985
Sep-2026,Ahmedabad,21402077,N/A,north indian,,10908,12219.849999999999,2202,2470.903543148145
Sep-2026,Ahmedabad,21402756,N/A,na,,674,0.0,74,0.0
Sep-2026,Ahmedabad,21403599,N/A,na,,976,0.0,150,0.0
Sep-2026,Ahmedabad,21410386,N/A,north indian,,8272,112035.29300000002,662,33518.762221316734
Sep-2026,Ahmedabad,21414245,N/A,chinese,,1322,2156.2780000000002,225,364.05374919616645
Sep-2026,Ahmedabad,21414502,N/A,chinese,,21753,22919.022999999997,2934,1902.1151399312691
Sep-2026,Ahmedabad,21421284,N/A,na,,99,0.0,7,0.0
Sep-2026,Ahmedabad,21425962,N/A,street food,,6842,3814.9580000000005,2102,1228.8202022864318
Sep-2026,Ahmedabad,21427451,N/A,north indian,,9039,17327.746,2565,3666.4786966627753
Sep-2026,Ahmedabad,21427959,N/A,north indian,,3025,1759.812,522,287.52917013029787
Sep-2026,Ahmedabad,21428451,N/A,street food,,1570,761.166,353,119.1131438377611
Sep-2026,Ahmedabad,21429983,N/A,burger,,1878,116.74799999999999,61,-75.12590007953429
Sep-2026,Ahmedabad,21435400,N/A,north indian,,2638,260.538,435,62.83204788156547
Sep-2026,Ahmedabad,21438648,N/A,desserts,,3915,3411.864,790,749.5122770011012
Sep-2026,Ahmedabad,21438811,N/A,street food,,17664,12278.804,3041,1005.5115155568243
Sep-2026,Ahmedabad,21438836,N/A,chinese,,10456,9910.052000000001,-82,-1322.2832039372283
Sep-2026,Ahmedabad,21443645,N/A,north indian,,26811,29942.028,6423,6844.713289831142
Sep-2026,Ahmedabad,21444660,N/A,north indian,,3056,7112.000000000002,531,1396.8863381395968
Sep-2026,Ahmedabad,21446932,N/A,desserts,,1703,6403.6759999999995,295,1459.989463077609
Sep-2026,Ahmedabad,21447819,N/A,street food,,20745,32391.852,5383,10965.484399839419
Sep-2026,Ahmedabad,21447939,N/A,cakes,,1703,0.0,149,0.0
Sep-2026,Ahmedabad,21449060,N/A,north indian,,0,41298.254,0,9593.51453581649
Sep-2026,Ahmedabad,21452673,N/A,mithai,,2301,5917.571999999999,260,1152.3247211755206
Sep-2026,Ahmedabad,21453363,N/A,street food,,9223,8274.681,628,209.65603922232623
Sep-2026,Ahmedabad,21456536,N/A,na,,1897,0.0,397,0.0
Sep-2026,Ahmedabad,21456813,N/A,na,,659,0.0,130,0.0
Sep-2026,Ahmedabad,21457356,N/A,street food,,12352,17473.285,2018,3181.281646375158
Sep-2026,Ahmedabad,21458873,N/A,na,,2268,0.0,398,0.0
Sep-2026,Ahmedabad,21461909,N/A,south indian,,28482,38377.206000000006,12116,17782.983051210034
Sep-2026,Ahmedabad,21464090,N/A,na,,7901,0.0,2339,0.0
Sep-2026,Ahmedabad,21466506,N/A,street food,,0,227.582,0,63.905600780167326
Sep-2026,Ahmedabad,21469284,N/A,chinese,,0,10689.216000000002,0,2878.868121436388
Sep-2026,Ahmedabad,21471017,N/A,north indian,,21397,21376.482000000004,3195,1192.7785487265628
Sep-2026,Ahmedabad,21471137,N/A,north indian,,68,0.0,0,0.0
Sep-2026,Ahmedabad,21473767,N/A,north indian,,8345,8280.942,854,1164.7795695838233
Sep-2026,Ahmedabad,21474719,N/A,biryani,,7927,13801.722,1527,362.421063540819
Sep-2026,Ahmedabad,21475655,N/A,burger,,36314,19098.07,6186,2403.578536765654
Sep-2026,Ahmedabad,21475722,N/A,na,,950,0.0,148,0.0
Sep-2026,Ahmedabad,21475969,N/A,north indian,,67378,4480.064,18886,921.9758966161239
Sep-2026,Ahmedabad,21476003,N/A,na,,1207,0.0,27,0.0
Sep-2026,Ahmedabad,21476301,N/A,"wraps, rolls and sandwiches",,4465,0.0,315,0.0
Sep-2026,Ahmedabad,21481038,N/A,beverages,,86281,45878.107,5516,1124.4790132737453
Sep-2026,Ahmedabad,21484763,N/A,na,,1855,0.0,311,0.0
Sep-2026,Ahmedabad,21486261,N/A,street food,,445,7408.9439999999995,102,1341.497523015461
Sep-2026,Ahmedabad,21486337,N/A,beverages,,0,1925.9980000000003,0,296.0352497407467
Sep-2026,Ahmedabad,21487121,N/A,beverages,,0,30699.029000000002,0,-3535.8835205188243
Sep-2026,Ahmedabad,21487169,N/A,beverages,,54920,26692.519000000004,6015,1737.5878293146295
Sep-2026,Ahmedabad,21487189,N/A,beverages,,21546,0.0,3625,0.0
Sep-2026,Ahmedabad,21487356,N/A,na,,7526,0.0,969,0.0
Sep-2026,Ahmedabad,21487597,N/A,north indian,,273,0.0,52,0.0
Sep-2026,Ahmedabad,21487613,N/A,street food,,10413,9430.063,1833,1293.8828704295413
Sep-2026,Ahmedabad,21487677,N/A,pizza,,228,207.81799999999998,59,43.1694999204657
Sep-2026,Ahmedabad,21487741,N/A,north indian,,8398,4887.366,1637,1094.6412897195241
Sep-2026,Ahmedabad,21487967,N/A,pizza,,791,1117.07,115,149.19726455515487
Sep-2026,Ahmedabad,21489429,N/A,biryani,,626,0.0,45,0.0
Sep-2026,Ahmedabad,21489585,N/A,cakes,,3665,2930.1639999999998,623,477.8496141471795
Sep-2026,Ahmedabad,21490271,N/A,street food,,7559,12817.849000000002,1152,1156.689005088912
Sep-2026,Ahmedabad,21493816,N/A,cakes,,2040,1662.876,259,-285.95889516943123
Sep-2026,Ahmedabad,21496171,N/A,street food,,0,1289.8580000000002,0,139.84012765713607
Sep-2026,Ahmedabad,21496661,N/A,biryani,,11463,51931.42999999999,2572,12713.671921315668
Sep-2026,Ahmedabad,21497571,N/A,pizza,,0,7318.906000000001,0,1507.16323895758
Sep-2026,Ahmedabad,21498489,N/A,desserts,,101308,37893.208,20477,7443.617638643575
Sep-2026,Ahmedabad,21503194,N/A,chinese,,2380,4637.262,320,647.1160402531254
Sep-2026,Ahmedabad,21504642,N/A,north indian,,3737,12840.86,356,-1724.0392243409058
Sep-2026,Ahmedabad,21506089,N/A,cakes,,767,0.0,129,0.0
Sep-2026,Ahmedabad,21508055,N/A,street food,,4255,3160.684,896,136.51689541340693
Sep-2026,Ahmedabad,21508482,N/A,north indian,,23762,6982.564,-1385,357.09314513548816
Sep-2026,Ahmedabad,21511569,N/A,pizza,,0,290.582,0,55.12160078016733
Sep-2026,Ahmedabad,21514316,N/A,"wraps, rolls and sandwiches",,1202,2260.7540000000004,150,-269.46949265280557
Sep-2026,Ahmedabad,21515075,N/A,north indian,,2708,6897.334,310,1007.4067072181285
Sep-2026,Ahmedabad,21517196,N/A,street food,,6489,4912.81,984,800.0540938078051
Sep-2026,Ahmedabad,21519090,N/A,na,,453,0.0,26,0.0
Sep-2026,Ahmedabad,21522144,N/A,north indian,,2379,13185.831,423,3063.2733124582787
Sep-2026,Ahmedabad,21524332,N/A,na,,564,0.0,63,0.0
Sep-2026,Ahmedabad,21524431,N/A,north indian,,1301,8604.32,316,1838.8894734924052
Sep-2026,Ahmedabad,21526530,N/A,street food,,8879,10452.634,1734,1903.2763141228638
Sep-2026,Ahmedabad,21526645,N/A,na,,1427,0.0,374,0.0
Sep-2026,Ahmedabad,21528018,N/A,north indian,,5049,10692.208,1421,1571.5642622356233
Sep-2026,Ahmedabad,21528330,N/A,north indian,,3788,405.164,647,56.88485226763491
Sep-2026,Ahmedabad,21528626,N/A,na,,1071,0.0,263,0.0
Sep-2026,Ahmedabad,21529954,N/A,na,,7876,0.0,1034,0.0
Sep-2026,Ahmedabad,21530460,N/A,desserts,,0,1128.004,0,220.42320156033466
Sep-2026,Ahmedabad,21532871,N/A,north indian,,1013,904.996,138,86.31433581053244
Sep-2026,Ahmedabad,21533740,N/A,north indian,,0,602.306,0,79.36202779102422
Sep-2026,Ahmedabad,21533977,N/A,na,,439,0.0,121,0.0
Sep-2026,Ahmedabad,21534305,N/A,street food,,1576,8614.896999999999,246,2001.132392266175
Sep-2026,Ahmedabad,21535256,N/A,na,,4818,0.0,1381,0.0
Sep-2026,Ahmedabad,21536433,N/A,north indian,,11698,7150.33,2329,1743.1750939718881
Sep-2026,Ahmedabad,21538717,N/A,north indian,,973,727.188,205,29.727609606059644
Sep-2026,Ahmedabad,21541128,N/A,pizza,,335,1138.0259999999998,-23,-212.1803031211539
Sep-2026,Ahmedabad,21541273,N/A,cakes,,993,3363.21,164,-252.36991003742781
Sep-2026,Ahmedabad,21543555,N/A,international,,1928,346.54800000000006,251,66.40480960605964
Sep-2026,Ahmedabad,21544298,N/A,south indian,,8404,41008.62,1246,9085.301748101014
Sep-2026,Ahmedabad,21544973,N/A,na,,425,0.0,116,0.0
Sep-2026,Ahmedabad,21545122,N/A,pizza,,861,22482.801,159,4119.296467549402
Sep-2026,Ahmedabad,21546342,N/A,north indian,,0,19798.663,0,3359.518621055272
Sep-2026,Ahmedabad,21547545,N/A,"wraps, rolls and sandwiches",,0,349.382,0,91.45352613381745
Sep-2026,Ahmedabad,21548615,N/A,desserts,,2175,11914.438,335,2596.5950978115543
Sep-2026,Ahmedabad,21549793,N/A,"wraps, rolls and sandwiches",,16932,19837.98,2098,2449.9375393665146
Sep-2026,Ahmedabad,21550961,N/A,street food,,5568,9692.0,714,1512.0216515162374
Sep-2026,Ahmedabad,21551129,N/A,"wraps, rolls and sandwiches",,1717,18856.899999999998,371,6606.839733911368
Sep-2026,Ahmedabad,21551592,N/A,international,,607,0.0,49,0.0
Sep-2026,Ahmedabad,21552873,N/A,north indian,,6656,3936.7759999999994,864,1080.9819941137737
Sep-2026,Ahmedabad,21552966,N/A,"wraps, rolls and sandwiches",,2128,737.752,229,60.915392897943136
Sep-2026,Ahmedabad,21553226,N/A,pizza,,2736,4936.204,780,1644.9091246680878
Sep-2026,Ahmedabad,21554713,N/A,na,,52,0.0,0,0.0
Sep-2026,Ahmedabad,21555141,N/A,north indian,,4268,3104.202,582,527.0524607071056
Sep-2026,Ahmedabad,21555887,N/A,"wraps, rolls and sandwiches",,1717,174.138,239,0.07305508982208582
Sep-2026,Ahmedabad,21557120,N/A,street food,,3453,4316.916,461,797.7275843529881
Sep-2026,Ahmedabad,21558542,N/A,burger,,0,265.9740000000001,0,-45.73469560012446
Sep-2026,Ahmedabad,21560080,N/A,south indian,,10020,22086.271,1908,1296.7794053945684
Sep-2026,Ahmedabad,21561606,N/A,na,,1217,0.0,201,0.0
Sep-2026,Ahmedabad,21561674,N/A,biryani,,10517,0.0,2293,0.0
Sep-2026,Ahmedabad,21562651,N/A,north indian,,0,1671.9799999999998,0,361.6457939781415
Sep-2026,Ahmedabad,21564691,N/A,desserts,,9879,15274.777999999998,3170,4285.41918840887
Sep-2026,Ahmedabad,21566034,N/A,street food,,7883,2870.9919999999997,1445,407.4422274552465
Sep-2026,Ahmedabad,21566705,N/A,street food,,0,175.00199999999998,0,31.808426133817463
Sep-2026,Ahmedabad,21575550,N/A,street food,,1952,477.3739999999999,422,23.765517589564805
Sep-2026,Ahmedabad,21576548,N/A,north indian,,1026,2917.4519999999998,124,61.81833366761657
Sep-2026,Ahmedabad,21577955,N/A,na,,698,0.0,115,0.0
Sep-2026,Ahmedabad,21579087,N/A,na,,65,0.0,17,0.0
Sep-2026,Ahmedabad,21580235,N/A,street food,,408,0.0,-157,0.0
Sep-2026,Ahmedabad,21582093,N/A,mithai,,10523,17250.743000000002,-729,-2993.0615250585915
Sep-2026,Ahmedabad,21582734,N/A,north indian,,0,4731.728999999999,0,1027.750945457228
Sep-2026,Ahmedabad,21583027,N/A,north indian,,2403,536.896,132,27.350527164427533
Sep-2026,Ahmedabad,21583029,N/A,street food,,475,669.1220000000001,60,155.6876450084559
Sep-2026,Ahmedabad,21584060,N/A,"wraps, rolls and sandwiches",,8759,12104.736,4015,376.98926378104017
Sep-2026,Ahmedabad,21584948,N/A,north indian,,0,147.164,0,-86.83260958849283
Sep-2026,Ahmedabad,21584988,N/A,chinese,,0,456.95599999999996,0,0.0616976223121717
Sep-2026,Ahmedabad,21585039,N/A,burger,,315,16350.316,40,3719.0016321141584
Sep-2026,Ahmedabad,21585299,N/A,burger,,0,432.976,0,-12.609391460630277
Sep-2026,Ahmedabad,21585627,N/A,na,,1304,0.0,23,0.0
Sep-2026,Ahmedabad,21586011,N/A,street food,,0,133.082,0,45.18928913846648
Sep-2026,Ahmedabad,21586267,N/A,street food,,1902,1259.34,492,176.57830053461237
Sep-2026,Ahmedabad,21586520,N/A,na,,5336,0.0,277,0.0
Sep-2026,Ahmedabad,21586728,N/A,na,,3456,0.0,-249,0.0
Sep-2026,Ahmedabad,21586899,N/A,street food,,80,376.998,23,50.894809606059646
Sep-2026,Ahmedabad,21587329,N/A,street food,,211,16441.021999999997,47,3458.111551656165
Sep-2026,Ahmedabad,21587956,N/A,na,,88,0.0,22,0.0
Sep-2026,Ahmedabad,21589581,N/A,north indian,,1381,3897.72,306,712.4401583329558
Sep-2026,Ahmedabad,21590480,N/A,street food,,4163,1042.662,596,234.30734786023024
Sep-2026,Ahmedabad,21590685,N/A,na,,665,0.0,116,0.0
Sep-2026,Ahmedabad,21590731,N/A,na,,19873,0.0,11430,0.0
Sep-2026,Ahmedabad,21591203,N/A,na,,25991,0.0,7956,0.0
Sep-2026,Ahmedabad,21591908,N/A,north indian,,443,793.9739999999999,53,161.84020722837184
Sep-2026,Ahmedabad,21592148,N/A,street food,,43073,29640.146,9483,7494.897557098532
Sep-2026,Ahmedabad,21592266,N/A,street food,,1868,10196.456000000002,347,2499.9847680781522
Sep-2026,Ahmedabad,21592336,N/A,cakes,,16058,37308.102,1835,6954.3421844727745
Sep-2026,Ahmedabad,21594414,N/A,burger,,18264,34633.546,2417,5724.307846561049
Sep-2026,Ahmedabad,21594496,N/A,street food,,6737,6120.388000000001,1057,705.0002169406347
Sep-2026,Ahmedabad,21594976,N/A,north indian,,46086,59116.874,8440,10366.214743208684
Sep-2026,Ahmedabad,21595576,N/A,na,,2994,1770.5700000000002,514,169.10819410634434
Sep-2026,Ahmedabad,21595640,N/A,"wraps, rolls and sandwiches",,4966,2866.62,707,388.8125611021781
Sep-2026,Ahmedabad,21595868,N/A,north indian,,519,504.39,0,101.81171900966501
Sep-2026,Ahmedabad,21597128,N/A,"wraps, rolls and sandwiches",,1375,4398.198,261,487.4783553887685
Sep-2026,Ahmedabad,21597724,N/A,street food,,0,128.998,0,21.24234056684286
Sep-2026,Ahmedabad,21597956,N/A,pizza,,542,626.1359999999999,-9,172.3885994814934
Sep-2026,Ahmedabad,21598178,N/A,chinese,,662,4104.744,51,18.349649107350878
Sep-2026,Ahmedabad,21600205,N/A,street food,,15522,13079.044,4031,2396.35744119589
Sep-2026,Ahmedabad,21601138,N/A,na,,664,0.0,52,0.0
Sep-2026,Ahmedabad,21601289,N/A,beverages,,44251,86807.66300000003,6983,12637.567294590366
Sep-2026,Ahmedabad,21601352,N/A,na,,91,0.0,30,0.0
Sep-2026,Ahmedabad,21601435,N/A,north indian,,34248,15921.498000000001,10002,2372.370672479714
Sep-2026,Ahmedabad,21603617,N/A,street food,,5821,16184.226000000002,1449,4698.703036765886
Sep-2026,Ahmedabad,21604154,N/A,burger,,22616,12721.205999999998,2480,601.4368498199332
Sep-2026,Ahmedabad,21604370,N/A,south indian,,25785,6661.597999999999,6600,1149.3872729865968
Sep-2026,Ahmedabad,21604475,N/A,south indian,,156070,115527.14000000003,23863,21532.855415622762
Sep-2026,Ahmedabad,21605152,N/A,na,,0,59.16799999999998,0,0.05426797252687079
Sep-2026,Ahmedabad,21608627,N/A,north indian,,435,1813.728,89,336.82723331173383
Sep-2026,Ahmedabad,21608829,N/A,north indian,,0,2219.802,0,471.2272825195595
Sep-2026,Ahmedabad,21609010,N/A,na,,345,0.0,85,0.0
Sep-2026,Ahmedabad,21609474,N/A,north indian,,2490,5153.906,373,492.14386418158944
Sep-2026,Ahmedabad,21609898,N/A,chinese,,968,4907.248,164,734.1858856156953
Sep-2026,Ahmedabad,21610587,N/A,north indian,,1321,5643.82,222,1113.1421276416604
Sep-2026,Ahmedabad,21611391,N/A,street food,,0,909.562,0,143.97803532595134
Sep-2026,Ahmedabad,21611705,N/A,"wraps, rolls and sandwiches",,0,1635.326,0,128.30225387055367
Sep-2026,Ahmedabad,21612689,N/A,north indian,,0,343.188,0,71.5105270928206
Sep-2026,Ahmedabad,21612908,N/A,burger,,303,0.0,29,0.0
Sep-2026,Ahmedabad,21614994,N/A,chinese,,17494,8135.404,4577,2129.04005714831
Sep-2026,Ahmedabad,21615523,N/A,street food,,712,272.60800000000006,159,49.22956797252687
Sep-2026,Ahmedabad,21618407,N/A,pizza,,629,748.94,132,144.15292787298793
Sep-2026,Ahmedabad,21619974,N/A,south indian,,15762,9877.341999999999,2870,1733.3106201104383
Sep-2026,Ahmedabad,21621227,N/A,street food,,41282,43717.200000000004,13481,14000.225067146685
Sep-2026,Ahmedabad,21621296,N/A,na,,763,0.0,-99,0.0
Sep-2026,Ahmedabad,21621989,N/A,street food,,5893,7877.1140000000005,686,1156.0957380084726
Sep-2026,Ahmedabad,21623073,N/A,cakes,,0,647.688,0,127.20329287584755
Sep-2026,Ahmedabad,21623554,N/A,mithai,,14666,8836.4,2684,1207.331426848286
Sep-2026,Ahmedabad,21624374,N/A,beverages,,5038,3840.847999999999,999,520.3010660816128
Sep-2026,Ahmedabad,21625904,N/A,north indian,,6932,8211.931999999999,952,668.6844788890533
Sep-2026,Ahmedabad,21626978,N/A,street food,,150,0.0,0,0.0
Sep-2026,Ahmedabad,21627432,N/A,street food,,3558,1450.31,620,374.0958048772241
Sep-2026,Ahmedabad,21627525,N/A,cakes,,5253,5671.219999999999,797,323.2649918083439
Sep-2026,Ahmedabad,21630443,N/A,north indian,,0,361.658,0,32.85566836937773
Sep-2026,Ahmedabad,21630831,N/A,street food,,1335,0.0,269,0.0
Sep-2026,Ahmedabad,21630848,N/A,"wraps, rolls and sandwiches",,4659,13853.091999999997,-141,-849.0583377245098
Sep-2026,Ahmedabad,21631073,N/A,chinese,,23975,9558.845000000001,7274,394.1429141884193
Sep-2026,Ahmedabad,21632558,N/A,cakes,,1323,0.0,208,0.0
Sep-2026,Ahmedabad,21632830,N/A,street food,,5277,11044.710000000001,1858,2338.3536822212354
Sep-2026,Ahmedabad,21633240,N/A,chinese,,97180,77434.262,24618,16965.32298567337
Sep-2026,Ahmedabad,21634196,N/A,north indian,,1368,6659.008,31,1012.0795518000311
Sep-2026,Ahmedabad,21636649,N/A,street food,,711,17168.138,146,2923.6584378414136
Sep-2026,Ahmedabad,21637254,N/A,street food,,14411,8969.798,3125,3441.7663600241813
Sep-2026,Ahmedabad,21637864,N/A,na,,12749,0.0,4089,0.0
Sep-2026,Ahmedabad,21642401,N/A,street food,,3706,3722.13,670,537.5347188099302
Sep-2026,Ahmedabad,21642638,N/A,na,,0,317.002,0,74.67282249819006
Sep-2026,Ahmedabad,21642775,N/A,chinese,,3719,16180.419000000004,371,-975.622853312273
Sep-2026,Ahmedabad,21644325,N/A,na,,80,0.0,23,0.0
Sep-2026,Ahmedabad,21645226,N/A,desserts,,24177,18768.152,5060,2781.084640564095
Sep-2026,Ahmedabad,21645289,N/A,south indian,,3206,1838.31,1130,112.9370561039866
Sep-2026,Ahmedabad,21645699,N/A,pizza,,14193,9032.952000000001,2365,1036.1534722196454
Sep-2026,Ahmedabad,21646207,N/A,north indian,,38002,21091.922000000002,11400,6263.9996242581865
Sep-2026,Ahmedabad,21648015,N/A,chinese,,0,287.37600000000003,0,59.44461749366617
Sep-2026,Ahmedabad,21651786,N/A,street food,,164,0.0,0,0.0
Sep-2026,Ahmedabad,21652955,N/A,chinese,,5563,2167.574,560,87.56470287316104
Sep-2026,Ahmedabad,21654220,N/A,beverages,,192,3847.74,35,640.6256174729326
Sep-2026,Ahmedabad,21654345,N/A,north indian,,18365,32792.16799999999,1980,3727.1860705917147
Sep-2026,Ahmedabad,21655943,N/A,"wraps, rolls and sandwiches",,0,1118.366,0,273.09670811462524
Sep-2026,Ahmedabad,21656672,N/A,na,,3473,0.0,1111,0.0
Sep-2026,Ahmedabad,21657234,N/A,street food,,7031,13645.069999999998,894,1906.524678609866
Sep-2026,Ahmedabad,21657913,N/A,chinese,,35287,40123.318,4603,4546.731714053572
Sep-2026,Ahmedabad,21658066,N/A,north indian,,3626,0.0,633,0.0
Sep-2026,Ahmedabad,21658138,N/A,street food,,2395,3879.552,254,380.74750579137583
Sep-2026,Ahmedabad,21658227,N/A,pizza,,230,738.656,-51,19.72648976748698
Sep-2026,Ahmedabad,21659591,N/A,street food,,302,3918.4260000000004,0,292.3259577097085
Sep-2026,Ahmedabad,21659681,N/A,north indian,,3997,2650.8940000000002,634,479.2357633212954
Sep-2026,Ahmedabad,21660098,N/A,na,,49,0.0,3,0.0
Sep-2026,Ahmedabad,21660353,N/A,south indian,,3921,11304.982,624,1697.3533477657804
Sep-2026,Ahmedabad,21660464,N/A,na,,843,0.0,55,0.0
Sep-2026,Ahmedabad,21660811,N/A,north indian,,13671,0.0,3664,0.0
Sep-2026,Ahmedabad,21661692,N/A,mithai,,63240,33513.914000000004,20286,10941.848681137797
Sep-2026,Ahmedabad,21662864,N/A,na,,37426,0.0,13420,0.0
Sep-2026,Ahmedabad,21664437,N/A,na,,187,0.0,29,0.0
Sep-2026,Ahmedabad,21665208,N/A,street food,,19880,33065.04600000001,5057,6186.3595776835045
Sep-2026,Ahmedabad,21665598,N/A,north indian,,17874,14300.658,2248,1902.560267629506
Sep-2026,Ahmedabad,21667596,N/A,na,,94,0.0,23,0.0
Sep-2026,Ahmedabad,21667881,N/A,north indian,,130,1745.444,31,225.24028711340026
Sep-2026,Ahmedabad,21667908,N/A,na,,245,0.0,59,0.0
Sep-2026,Ahmedabad,21668185,N/A,north indian,,3035,3464.682,451,540.8762974468775
Sep-2026,Ahmedabad,21668272,N/A,na,,115,0.0,0,0.0
Sep-2026,Ahmedabad,21668553,N/A,mithai,,5615,12085.122,1050,1802.2216276563438
Sep-2026,Ahmedabad,21673404,N/A,na,,116,0.0,19,0.0
Sep-2026,Ahmedabad,21674417,N/A,south indian,,3695,3435.4,529,248.33839405839944
Sep-2026,Ahmedabad,21674486,N/A,street food,,13339,6240.148,2363,1061.4864611881262
Sep-2026,Ahmedabad,21675017,N/A,north indian,,0,4728.072,0,827.8563691163379
Sep-2026,Ahmedabad,21675052,N/A,north indian,,20660,25709.947999999997,3781,4629.665303044227
Sep-2026,Ahmedabad,21675169,N/A,na,,86,0.0,23,0.0
Sep-2026,Ahmedabad,21675405,N/A,south indian,,67281,33872.840000000004,6397,6784.004394427166
Sep-2026,Ahmedabad,21675657,N/A,na,,0,544.184,0,0.1856477464914454
Sep-2026,Ahmedabad,21676174,N/A,south indian,,3420,13523.502,645,3829.0867969180463
Sep-2026,Ahmedabad,21678201,N/A,street food,,270,6503.888,39,1044.6904988289918
Sep-2026,Ahmedabad,21678295,N/A,street food,,0,2090.67,0,179.38955502138674
Sep-2026,Ahmedabad,21682718,N/A,chinese,,61,1977.7700000000002,23,-221.78315824912036
Sep-2026,Ahmedabad,21682896,N/A,pizza,,217,944.206,45,82.85303323393175
Sep-2026,Ahmedabad,21683240,N/A,street food,,1064,7892.215999999999,174,142.25624768743813
Sep-2026,Ahmedabad,21684234,N/A,street food,,1806,2520.114,232,562.5758041332859
Sep-2026,Ahmedabad,21685073,N/A,north indian,,176,5002.768,23,852.8172528469559
Sep-2026,Ahmedabad,21685410,N/A,street food,,1879,1440.364,375,232.12821755361335
Sep-2026,Ahmedabad,21685957,N/A,"wraps, rolls and sandwiches",,0,216.68599999999998,0,21.290101079237623
Sep-2026,Ahmedabad,21687378,N/A,"wraps, rolls and sandwiches",,2402,0.0,334,0.0
Sep-2026,Ahmedabad,21687439,N/A,north indian,,6819,6872.956,1260,1338.8538572461086
Sep-2026,Ahmedabad,21688255,N/A,north indian,,0,9607.066,0,3.064687698922995
Sep-2026,Ahmedabad,21688803,N/A,cakes,,621,0.0,45,0.0
Sep-2026,Ahmedabad,21689137,N/A,beverages,,2523,0.0,-23,0.0
Sep-2026,Ahmedabad,21694704,N/A,international,,0,1960.456,0,350.31443445441045
Sep-2026,Ahmedabad,21696216,N/A,street food,,3492,3334.004,408,396.6672232685995
Sep-2026,Ahmedabad,21697462,N/A,north indian,,0,83598.01699999999,0,16504.231984433434
Sep-2026,Ahmedabad,21698216,N/A,"wraps, rolls and sandwiches",,3514,5390.572,-142,424.1615277625321
Sep-2026,Ahmedabad,21700559,N/A,street food,,306,2584.318,-26,475.082016441407
Sep-2026,Ahmedabad,21701920,N/A,na,,1065,0.0,163,0.0
Sep-2026,Ahmedabad,21706045,N/A,chinese,,5130,12681.93,771,1449.9155391831057
Sep-2026,Ahmedabad,21707250,N/A,street food,,0,227.688,0,42.47437169675953
Sep-2026,Ahmedabad,21707410,N/A,desserts,,5836,2340.5640000000003,1111,545.061883891784
Sep-2026,Ahmedabad,21707418,N/A,na,,1446,0.0,278,0.0
Sep-2026,Ahmedabad,21708966,N/A,north indian,,222,315.836,-53,52.80094118510657
Sep-2026,Ahmedabad,21709353,N/A,na,,6875,0.0,1640,0.0
Sep-2026,Ahmedabad,21709752,N/A,"wraps, rolls and sandwiches",,2623,198.99800000000002,439,-8.933859433157139
Sep-2026,Ahmedabad,21709851,N/A,street food,,3706,2039.5859999999998,1022,413.4696313334771
Sep-2026,Ahmedabad,21711201,N/A,street food,,1217,3133.534,345,596.7410928413848
Sep-2026,Ahmedabad,21711803,N/A,street food,,2935,12918.999,596,2363.5877755235497
Sep-2026,Ahmedabad,21712035,N/A,north indian,,2491,0.0,351,0.0
Sep-2026,Ahmedabad,21713731,N/A,desserts,,22619,24478.334000000006,5053,7434.051362931714
Sep-2026,Ahmedabad,21717173,N/A,north indian,,1173,6510.104,256,162.2181846037086
Sep-2026,Ahmedabad,21720571,N/A,street food,,9527,14935.198,1394,3189.1685277564793
Sep-2026,Ahmedabad,21723104,N/A,na,,661,0.0,21,0.0
Sep-2026,Ahmedabad,21723190,N/A,na,,695,0.0,-153,0.0
Sep-2026,Ahmedabad,21723500,N/A,street food,,9066,4320.584,1613,380.2991708531242
Sep-2026,Ahmedabad,21724059,N/A,street food,,2430,7605.104000000001,410,1503.5478193341823
Sep-2026,Ahmedabad,21725684,N/A,burger,,2905,2143.806,573,491.75358941663603
Sep-2026,Ahmedabad,21727850,N/A,street food,,0,36777.526000000005,0,7428.166944456061
Sep-2026,Ahmedabad,21729953,N/A,north indian,,387,0.0,29,0.0
Sep-2026,Ahmedabad,21730398,N/A,street food,,11360,27414.95,2159,-35.46246404826735
Sep-2026,Ahmedabad,21730590,N/A,na,,242,0.0,25,0.0
Sep-2026,Ahmedabad,21735079,N/A,north indian,,0,301.082,0,57.30662249819006
Sep-2026,Ahmedabad,21735367,N/A,na,,19159,0.0,2871,0.0
Sep-2026,Ahmedabad,21735656,N/A,international,,3364,1775.3980000000001,607,314.44980301133455
Sep-2026,Ahmedabad,21736221,N/A,international,,982,4830.308,-23,726.5414270389153
Sep-2026,Ahmedabad,21736809,N/A,ice cream,,1294,0.0,133,0.0
Sep-2026,Ahmedabad,21737237,N/A,north indian,,29236,17233.753999999997,6580,2219.720719360835
Sep-2026,Ahmedabad,21737658,N/A,international,,535,1192.332,72,130.36885990782028
Sep-2026,Ahmedabad,21737966,N/A,desserts,,13300,13504.49,2129,1898.0768148115285
Sep-2026,Ahmedabad,21738021,N/A,"wraps, rolls and sandwiches",,1965,709.1659999999999,293,134.88170397691653
Sep-2026,Ahmedabad,21738347,N/A,mithai,,2916,7873.606000000001,-24,890.8383610329759
Sep-2026,Ahmedabad,21738534,N/A,"wraps, rolls and sandwiches",,6226,5012.144,955,612.8345393530916
Sep-2026,Ahmedabad,21738704,N/A,biryani,,0,802.9259999999999,0,169.31792105647224
Sep-2026,Ahmedabad,21738859,N/A,street food,,1830,1626.942,421,397.9585061384034
Sep-2026,Ahmedabad,21739303,N/A,north indian,,1964,14748.447999999999,332,3025.5958877998105
Sep-2026,Ahmedabad,21742961,N/A,south indian,,1039,122.332,78,41.338426133817464
Sep-2026,Ahmedabad,21744603,N/A,burger,,3388,3378.29,87,-29.052790098949814
Sep-2026,Ahmedabad,21744701,N/A,pizza,,1729,15207.433999999997,413,3027.909111999509
Sep-2026,Ahmedabad,21746060,N/A,south indian,,861,864.686,202,168.04847626188854
Sep-2026,Ahmedabad,21746137,N/A,street food,,151,87.68799999999999,35,42.45161409228598
Sep-2026,Ahmedabad,21746233,N/A,street food,,2175,2009.328,-23,-128.19851173655894
Sep-2026,Ahmedabad,21746672,N/A,ice cream,,0,539.774,0,-4.022892771628193
Sep-2026,Ahmedabad,21747488,N/A,"wraps, rolls and sandwiches",,1484,149.152,329,26.591600780167326
Sep-2026,Ahmedabad,21747723,N/A,"wraps, rolls and sandwiches",,2716,1668.982,581,121.59566755696932
Sep-2026,Ahmedabad,21748530,N/A,na,,11822,0.0,2330,0.0
Sep-2026,Ahmedabad,21749010,N/A,north indian,,11646,21828.595999999998,1431,2651.288679550044
Sep-2026,Ahmedabad,21749093,N/A,international,,48860,98350.46100000001,4279,7989.394822198953
Sep-2026,Ahmedabad,21749412,N/A,street food,,0,959.02,0,89.43866507884758
Sep-2026,Ahmedabad,21752705,N/A,south indian,,4159,1903.58,237,151.28785004848493
Sep-2026,Ahmedabad,21753400,N/A,"wraps, rolls and sandwiches",,311,709.876,43,133.48765934680637
Sep-2026,Ahmedabad,21754549,N/A,biryani,,6185,3207.9939999999997,1145,695.3039393209915
Sep-2026,Ahmedabad,21754879,N/A,biryani,,120,0.0,23,0.0
Sep-2026,Ahmedabad,21756295,N/A,beverages,,6613,20105.494,1335,4148.612175032096
Sep-2026,Ahmedabad,21756769,N/A,street food,,290,0.0,19,0.0
Sep-2026,Ahmedabad,21757939,N/A,desserts,,365,399.376,52,2.1842431919896583
Sep-2026,Ahmedabad,21758582,N/A,south indian,,10769,0.0,2239,0.0
Sep-2026,Ahmedabad,21759278,N/A,pizza,,989,4130.598,100,860.1002432699955
Sep-2026,Ahmedabad,21760345,N/A,north indian,,4038,2076.4300000000003,804,161.31285121226546
Sep-2026,Ahmedabad,21760662,N/A,pizza,,154,0.0,28,0.0
Sep-2026,Ahmedabad,21760889,N/A,north indian,,173,0.0,29,0.0
Sep-2026,Ahmedabad,21761574,N/A,street food,,3946,1008.6559999999998,1022,153.96432143412093
Sep-2026,Ahmedabad,21761762,N/A,ice cream,,28514,6841.048,6846,594.9469691705234
Sep-2026,Ahmedabad,21761852,N/A,beverages,,1694,789.77,439,135.4000922607257
Sep-2026,Ahmedabad,21762035,N/A,beverages,,0,348.18600000000004,0,69.5099550102878
Sep-2026,Ahmedabad,21762266,N/A,na,,279,0.0,49,0.0
Sep-2026,Ahmedabad,21762359,N/A,na,,613,0.0,17,0.0
Sep-2026,Ahmedabad,21762857,N/A,street food,,4370,1738.7659999999998,457,174.3412937300863
Sep-2026,Ahmedabad,21763473,N/A,north indian,,0,18846.102000000003,0,4308.831836836938
Sep-2026,Ahmedabad,21763775,N/A,north indian,,0,1774.7520000000004,0,178.7185292914094
Sep-2026,Ahmedabad,21764256,N/A,na,,137,0.0,0,0.0
Sep-2026,Ahmedabad,21765055,N/A,north indian,,193,0.0,114,0.0
Sep-2026,Ahmedabad,21765299,N/A,na,,66,0.0,0,0.0
Sep-2026,Ahmedabad,21765477,N/A,beverages,,3338,6745.816000000001,587,1265.439614777361
Sep-2026,Ahmedabad,21765571,N/A,north indian,,1235,4449.977999999999,97,368.64336239076073
Sep-2026,Ahmedabad,21765890,N/A,north indian,,139,0.0,0,0.0
Sep-2026,Ahmedabad,21766594,N/A,na,,168,0.0,39,0.0
Sep-2026,Ahmedabad,21766861,N/A,north indian,,911,8477.434,169,1597.0282783273606
Sep-2026,Ahmedabad,21767634,N/A,north indian,,0,2149.77,0,182.4825637912819
Sep-2026,Ahmedabad,21769651,N/A,beverages,,19650,5173.962,3605,1086.484130386397
Sep-2026,Ahmedabad,21769946,N/A,pizza,,58257,85132.40800000001,13442,18286.949877514748
Sep-2026,Ahmedabad,21770554,N/A,na,,5564,0.0,1135,0.0
Sep-2026,Ahmedabad,21774900,N/A,international,,191,0.0,39,0.0
Sep-2026,Ahmedabad,21775019,N/A,chinese,,0,290.582,0,0.04809520575358083
Sep-2026,Ahmedabad,21775497,N/A,street food,,0,141.076,0,-7.85788598724832
Sep-2026,Ahmedabad,21776201,N/A,ice cream,,0,287.99800000000005,0,41.55926054330153
Sep-2026,Ahmedabad,21776239,N/A,north indian,,14164,41076.45300000001,2703,8214.889787758992
Sep-2026,Ahmedabad,21776362,N/A,street food,,72610,54460.222,22353,13249.023709446978
Sep-2026,Ahmedabad,21777302,N/A,south indian,,16271,5599.468,3512,895.3407222148185
Sep-2026,Ahmedabad,21778401,N/A,chinese,,10069,36092.866,775,6433.452688790316
Sep-2026,Ahmedabad,21779520,N/A,international,,39186,49643.21000000001,7444,9645.659192163062
Sep-2026,Ahmedabad,21779881,N/A,international,,57078,20019.769999999997,21640,6149.6645138060585
Sep-2026,Ahmedabad,21781016,N/A,ice cream,,1367,525.998,272,130.2946497407467
Sep-2026,Ahmedabad,21783630,N/A,north indian,,8528,9977.756,1183,1499.2154441910054
Sep-2026,Ahmedabad,21784472,N/A,na,,612,0.0,119,0.0
Sep-2026,Ahmedabad,21784948,N/A,street food,,57,2872.466,-31,298.46107495146987
Sep-2026,Ahmedabad,21784958,N/A,south indian,,140,516.438,27,100.6813270928206
Sep-2026,Ahmedabad,21785053,N/A,ice cream,,1189,0.0,305,0.0
Sep-2026,Ahmedabad,21785552,N/A,south indian,,621,2403.4680000000003,98,307.6586060692214
Sep-2026,Ahmedabad,21786051,N/A,na,,424,0.0,95,0.0
Sep-2026,Ahmedabad,21787028,N/A,north indian,,3380,5265.118,420,710.1191154211858
Sep-2026,Ahmedabad,21787062,N/A,north indian,,95,0.0,0,0.0
Sep-2026,Ahmedabad,21787346,N/A,north indian,,1035,3781.764,152,472.8423174004102
Sep-2026,Ahmedabad,21790482,N/A,na,,3248,0.0,265,0.0
Sep-2026,Ahmedabad,21790532,N/A,na,,6877,0.0,1200,0.0
Sep-2026,Ahmedabad,21791598,N/A,na,,33824,0.0,6249,0.0
Sep-2026,Ahmedabad,21793751,N/A,na,,1792,0.0,277,0.0
Sep-2026,Ahmedabad,21794414,N/A,na,,446,0.0,102,0.0
Sep-2026,Ahmedabad,21794522,N/A,na,,120,0.0,1,0.0
Sep-2026,Ahmedabad,21795039,N/A,chinese,,35896,93082.348,10560,31065.507094904726
Sep-2026,Ahmedabad,21796917,N/A,na,,141,0.0,26,0.0
Sep-2026,Ahmedabad,21797484,N/A,na,,1575,0.0,292,0.0
Sep-2026,Ahmedabad,21797560,N/A,cakes,,7225,8642.612000000001,1538,757.1624744581268
Sep-2026,Ahmedabad,21798517,N/A,street food,,735,13331.15,52,356.87416990953557
Sep-2026,Ahmedabad,21799807,N/A,pizza,,2060,4503.352,199,1397.7063927710835
Sep-2026,Ahmedabad,21800343,N/A,international,,25838,49018.843,2490,5163.4480101925765
Sep-2026,Ahmedabad,21800700,N/A,north indian,,1183,1636.87,149,318.4216341170044
Sep-2026,Ahmedabad,21801047,N/A,north indian,,3745,4685.052,637,937.1521912256306
Sep-2026,Ahmedabad,21801237,N/A,north indian,,7468,7509.378000000001,1002,1306.2722622699819
Sep-2026,Ahmedabad,21801983,N/A,burger,,19247,3099.678,3444,405.8224584853731
Sep-2026,Ahmedabad,21802315,N/A,north indian,,427,549.664,72,117.90068754601359
Sep-2026,Ahmedabad,21802956,N/A,na,,9973,0.0,1520,0.0
Sep-2026,Ahmedabad,21803188,N/A,na,,5529,0.0,877,0.0
Sep-2026,Ahmedabad,21803533,N/A,north indian,,11224,13176.274000000001,1370,2552.810520779026
Sep-2026,Ahmedabad,21803882,N/A,north indian,,6408,7860.416000000001,1238,1157.0174638551568
Sep-2026,Ahmedabad,21803897,N/A,street food,,190,0.0,31,0.0
Sep-2026,Ahmedabad,21805323,N/A,na,,137,0.0,23,0.0
Sep-2026,Ahmedabad,21806919,N/A,na,,0,142.638,0,0.061299920465698716
Sep-2026,Ahmedabad,21807938,N/A,street food,,6838,4746.930000000001,1759,711.2259030586654
Sep-2026,Ahmedabad,21808310,N/A,north indian,,435,760.514,98,213.04354863200751
Sep-2026,Ahmedabad,21808389,N/A,south indian,,4545,1514.1960000000001,523,74.4068351415758
Sep-2026,Ahmedabad,21809504,N/A,beverages,,11358,0.0,2570,0.0
Sep-2026,Ahmedabad,21809518,N/A,na,,3590,0.0,566,0.0
Sep-2026,Ahmedabad,21809695,N/A,south indian,,0,22285.894000000004,0,8138.178496865488
Sep-2026,Ahmedabad,21810428,N/A,biryani,,56183,132135.863,6310,9342.232582551513
Sep-2026,Ahmedabad,21811102,N/A,desserts,,902,1269.852,153,-116.32341525009154
Sep-2026,Ahmedabad,21811460,N/A,south indian,,3184,1949.7220000000002,334,265.7439578607361
Sep-2026,Ahmedabad,21811603,N/A,beverages,,715,3705.148,26,638.3596409474856
Sep-2026,Ahmedabad,21811678,N/A,street food,,31380,15027.0,5130,2826.3248969480264
Sep-2026,Ahmedabad,21812165,N/A,street food,,0,61620.999,0,15715.093103195335
Sep-2026,Ahmedabad,21812548,N/A,na,,311,0.0,45,0.0
Sep-2026,Ahmedabad,21813203,N/A,"wraps, rolls and sandwiches",,467,0.0,91,0.0
Sep-2026,Ahmedabad,21813214,N/A,chinese,,445,1878.3739999999998,74,304.13568991863383
Sep-2026,Ahmedabad,21813594,N/A,na,,36939,5998.655999999999,7387,526.8257743659501
Sep-2026,Ahmedabad,21815864,N/A,beverages,,9242,7102.571999999999,1831,1746.2829351242237
Sep-2026,Ahmedabad,21816438,N/A,na,,206,0.0,45,0.0
Sep-2026,Ahmedabad,21817051,N/A,na,,3693,0.0,663,0.0
Sep-2026,Ahmedabad,21817267,N/A,south indian,,16961,24762.812,2261,4680.256239798255
Sep-2026,Ahmedabad,21817420,N/A,south indian,,35801,28447.557,5923,4069.621501437223
Sep-2026,Ahmedabad,21817695,N/A,international,,331,0.0,70,0.0
Sep-2026,Ahmedabad,21818700,N/A,north indian,,0,2337.4759999999997,0,352.7556133282515
Sep-2026,Ahmedabad,21820940,N/A,burger,,8806,10002.336000000001,1676,1248.6712536420753
Sep-2026,Ahmedabad,21820941,N/A,international,,2493,4877.516,460,1115.2387109526337
Sep-2026,Ahmedabad,21821041,N/A,north indian,,9516,25328.765,1322,2855.1448052719065
Sep-2026,Ahmedabad,21823290,N/A,burger,,8069,4596.1179999999995,1741,994.76023539811
Sep-2026,Ahmedabad,21823500,N/A,na,,6818,0.0,1050,0.0
Sep-2026,Ahmedabad,21830220,N/A,na,,14342,0.0,4188,0.0
Sep-2026,Ahmedabad,21831144,N/A,na,,28396,0.0,7361,0.0
Sep-2026,Ahmedabad,21831571,N/A,cakes,,466,0.0,94,0.0
Sep-2026,Ahmedabad,21831971,N/A,na,,1420,0.0,411,0.0
Sep-2026,Ahmedabad,21832941,N/A,na,,5983,0.0,487,0.0
Sep-2026,Ahmedabad,21833445,N/A,beverages,,8493,19489.946,1720,4029.8199107629234
Sep-2026,Ahmedabad,21833456,N/A,street food,,3522,10815.788,493,1857.041312306596
Sep-2026,Ahmedabad,21833628,N/A,na,,311,0.0,0,0.0
Sep-2026,Ahmedabad,21834168,N/A,burger,,0,33304.282,0,7634.38368612638
Sep-2026,Ahmedabad,21835147,N/A,north indian,,6267,0.0,1780,0.0
Sep-2026,Ahmedabad,21835572,N/A,street food,,14890,3694.9139999999998,3852,799.9773011930861
Sep-2026,Ahmedabad,21836093,N/A,north indian,,648,143.68800000000002,116,38.46194935971271
Sep-2026,Ahmedabad,21836384,N/A,north indian,,741,0.0,0,0.0
Sep-2026,Ahmedabad,21840340,N/A,na,,175,0.0,34,0.0
Sep-2026,Ahmedabad,21840569,N/A,na,,8010,0.0,2195,0.0
Sep-2026,Ahmedabad,21842019,N/A,chinese,,4617,10255.807999999999,966,1744.9414077987065
Sep-2026,Ahmedabad,21842034,N/A,international,,8405,6995.036,1218,973.9906268165745
Sep-2026,Ahmedabad,21842041,N/A,"wraps, rolls and sandwiches",,246,2766.572,26,440.1705201508148
Sep-2026,Ahmedabad,21842051,N/A,street food,,2399,798.098,353,128.12155259046517
Sep-2026,Ahmedabad,21842057,N/A,south indian,,0,518.538,0,152.36986797252686
Sep-2026,Ahmedabad,21842063,N/A,north indian,,7995,8254.831999999999,1370,1371.8996685194265
Sep-2026,Ahmedabad,21842067,N/A,street food,,1033,0.0,210,0.0
Sep-2026,Ahmedabad,21842068,N/A,street food,,1191,3292.756,311,659.6521710563129
Sep-2026,Ahmedabad,21842073,N/A,chinese,,784,416.83799999999997,112,89.17191409228599
Sep-2026,Ahmedabad,21842109,N/A,north indian,,0,1536.084,0,359.20502402002177
Sep-2026,Ahmedabad,21842990,N/A,north indian,,335,0.0,37,0.0
Sep-2026,Ahmedabad,21844031,N/A,ice cream,,29651,52012.076,5711,9101.33584417251
Sep-2026,Ahmedabad,21844327,N/A,ice cream,,505,952.2540000000001,23,113.90235079116619
Sep-2026,Ahmedabad,21844608,N/A,street food,,877,0.0,195,0.0
Sep-2026,Ahmedabad,21845076,N/A,burger,,18264,11146.426000000001,5807,2547.594385232791
Sep-2026,Ahmedabad,21845540,N/A,street food,,0,66.582,0,29.724089138466482
Sep-2026,Ahmedabad,21845929,N/A,south indian,,451,524.186,59,124.47203224006107
Sep-2026,Ahmedabad,21847865,N/A,na,,175,0.0,0,0.0
Sep-2026,Ahmedabad,21848072,N/A,na,,5899,0.0,1060,0.0
Sep-2026,Ahmedabad,21848985,N/A,street food,,0,1292.6280000000002,0,324.6836100159621
Sep-2026,Ahmedabad,21849212,N/A,pizza,,1770,3275.2180000000003,182,264.59553907935845
Sep-2026,Ahmedabad,21849544,N/A,north indian,,32681,27157.029,7219,3416.9129720167766
Sep-2026,Ahmedabad,21849597,N/A,street food,,13395,5445.402000000001,4406,1163.5281376151324
Sep-2026,Ahmedabad,21850169,N/A,street food,,0,999.3599999999999,0,147.3323071712678
Sep-2026,Ahmedabad,21850336,N/A,beverages,,10753,3914.6099999999997,2237,638.7241933439303
Sep-2026,Ahmedabad,21850473,N/A,na,,224,0.0,23,0.0
Sep-2026,Ahmedabad,21851092,N/A,chinese,,139,0.0,49,0.0
Sep-2026,Ahmedabad,21851760,N/A,na,,1305,0.0,756,0.0
Sep-2026,Ahmedabad,21851930,N/A,beverages,,0,362.25199999999995,0,137.1003269039974
Sep-2026,Ahmedabad,21852485,N/A,desserts,,1422,3806.024,400,865.2286539307889
Sep-2026,Ahmedabad,21852611,N/A,desserts,,0,867.702,0,165.74079799172023
Sep-2026,Ahmedabad,21852792,N/A,na,,142,0.0,28,0.0
Sep-2026,Ahmedabad,21853177,N/A,chinese,,835,1232.95,30,-83.65674357323881
Sep-2026,Ahmedabad,21854035,N/A,north indian,,17349,3748.2180000000003,5055,595.8246761869434
Sep-2026,Ahmedabad,21854228,N/A,desserts,,32247,42152.056000000004,9407,10073.313677847393
Sep-2026,Ahmedabad,21856245,N/A,na,,616,0.0,116,0.0
Sep-2026,Ahmedabad,21858579,N/A,desserts,,5025,6374.462,923,837.9150015384274
Sep-2026,Ahmedabad,21858636,N/A,mithai,,11723,16894.917999999998,2172,2467.721557409118
Sep-2026,Ahmedabad,21858855,N/A,north indian,,2764,1055.058,422,112.25350944776639
Sep-2026,Ahmedabad,21859530,N/A,burger,,0,1841.4180000000001,0,-194.69457724668234
Sep-2026,Ahmedabad,21859865,N/A,international,,0,772.7339999999999,0,137.89239598592093
Sep-2026,Ahmedabad,21859918,N/A,na,,277,0.0,0,0.0
Sep-2026,Ahmedabad,21860202,N/A,na,,53,0.0,0,0.0
Sep-2026,Ahmedabad,21860374,N/A,na,,608,0.0,203,0.0
Sep-2026,Ahmedabad,21862022,N/A,international,,11346,9863.296,1540,1579.087802572009
Sep-2026,Ahmedabad,21862283,N/A,south indian,,9450,6076.434999999999,2042,-317.3171455278482
Sep-2026,Ahmedabad,21862502,N/A,street food,,0,11149.478000000001,0,1991.9941902538558
Sep-2026,Ahmedabad,21863620,N/A,na,,3649,0.0,919,0.0
Sep-2026,Ahmedabad,21863820,N/A,pizza,,18854,0.0,6797,0.0
Sep-2026,Ahmedabad,21864137,N/A,na,,6847,0.0,670,0.0
Sep-2026,Ahmedabad,21864354,N/A,pizza,,3672,11764.442000000001,527,2477.777691978965
Sep-2026,Ahmedabad,21864632,N/A,"wraps, rolls and sandwiches",,552,1035.896,100,275.04106676743913
Sep-2026,Ahmedabad,21864666,N/A,street food,,5893,18024.289,334,538.6331297812635
Sep-2026,Ahmedabad,21864681,N/A,street food,,41669,7626.999999999999,12082,1960.626592768747
Sep-2026,Ahmedabad,21864771,N/A,desserts,,2327,1449.33,369,248.5539024648936
Sep-2026,Ahmedabad,21864886,N/A,"wraps, rolls and sandwiches",,1199,4583.820000000001,238,1027.4117923035083
Sep-2026,Ahmedabad,21866046,N/A,north indian,,19534,19883.332,2974,2745.5085734056142
Sep-2026,Ahmedabad,21866982,N/A,na,,55,0.0,0,0.0
Sep-2026,Ahmedabad,21869371,N/A,na,,108,0.0,18,0.0
Sep-2026,Ahmedabad,21870106,N/A,pizza,,4951,6458.710000000001,646,1995.3340075596375
Sep-2026,Ahmedabad,21870148,N/A,"wraps, rolls and sandwiches",,2041,1644.2399999999998,283,178.18527092154685
Sep-2026,Ahmedabad,21870524,N/A,na,,443,0.0,-6,0.0
Sep-2026,Ahmedabad,21870609,N/A,na,,20602,0.0,3373,0.0
Sep-2026,Ahmedabad,21871506,N/A,south indian,,20722,12016.676000000001,4855,1740.1568944102396
Sep-2026,Ahmedabad,21871835,N/A,cakes,,1973,712.008,-72,137.18026797252688
Sep-2026,Ahmedabad,21872294,N/A,na,,11071,0.0,2484,0.0
Sep-2026,Ahmedabad,21872580,N/A,north indian,,7060,16266.641999999998,2310,2155.5933001838343
Sep-2026,Ahmedabad,21872592,N/A,na,,16220,0.0,4565,0.0
Sep-2026,Ahmedabad,21873348,N/A,street food,,2638,3757.6079999999997,431,-434.45725474730585
Sep-2026,Ahmedabad,21874416,N/A,na,,1218,284.808,353,81.2962999204657
Sep-2026,Ahmedabad,21874659,N/A,"wraps, rolls and sandwiches",,0,527.068,0,43.9191634519987
Sep-2026,Ahmedabad,21875030,N/A,north indian,,0,5329.964,0,960.3522941946337
Sep-2026,Ahmedabad,21875565,N/A,north indian,,3390,4604.7,451,824.0514599147714
Sep-2026,Ahmedabad,21876487,N/A,desserts,,613,772.002,94,116.11800910456088
Sep-2026,Ahmedabad,21877102,N/A,street food,,315,7425.232,52,1164.933975226065
Sep-2026,Ahmedabad,21880454,N/A,pizza,,0,431.5799999999999,0,36.741641739336494
Sep-2026,Ahmedabad,21881260,N/A,street food,,6563,4735.911999999999,1260,892.7580380385557
Sep-2026,Ahmedabad,21882250,N/A,south indian,,5647,9936.616,1145,1061.3395032907522
Sep-2026,Ahmedabad,21884159,N/A,beverages,,1647,0.0,255,0.0
Sep-2026,Ahmedabad,21884731,N/A,"wraps, rolls and sandwiches",,31743,88641.18099999998,8884,17862.65314396386
Sep-2026,Ahmedabad,21885464,N/A,north indian,,19674,30027.223999999995,2839,5973.77249291352
Sep-2026,Ahmedabad,21886277,N/A,south indian,,53665,34760.543,19551,12503.19502090878
Sep-2026,Ahmedabad,21887787,N/A,na,,289,0.0,58,0.0
Sep-2026,Ahmedabad,21888184,N/A,na,,11240,0.0,1691,0.0
Sep-2026,Ahmedabad,21889520,N/A,beverages,,2338,4686.528,98,853.9543450098317
Sep-2026,Ahmedabad,21889727,N/A,beverages,,953,1199.882,215,270.2665961016506
Sep-2026,Ahmedabad,21891199,N/A,pizza,,31874,2408.816,8486,563.5832216800894
Sep-2026,Ahmedabad,21897016,N/A,"wraps, rolls and sandwiches",,2106,1786.386,683,270.22218085330366
Sep-2026,Ahmedabad,21897941,N/A,na,,2344,0.0,359,0.0
Sep-2026,Ahmedabad,21899102,N/A,na,,120,0.0,0,0.0
Sep-2026,Ahmedabad,21901081,N/A,street food,,3195,1653.542,639,289.1496898900693
Sep-2026,Ahmedabad,21901451,N/A,street food,,17548,0.0,5409,0.0
Sep-2026,Ahmedabad,21902022,N/A,na,,9689,0.0,1807,0.0
Sep-2026,Ahmedabad,21902826,N/A,north indian,,0,140.538,0,24.933549359712718
Sep-2026,Ahmedabad,21902837,N/A,ice cream,,345,5394.926,51,691.5655334998528
Sep-2026,Ahmedabad,21903142,N/A,north indian,,1731,367.23199999999997,416,86.88202613381746
Sep-2026,Ahmedabad,21903478,N/A,street food,,24918,19651.386000000002,6700,5051.187979287467
Sep-2026,Ahmedabad,21903554,N/A,street food,,1812,2386.482,258,135.60692359236413
Sep-2026,Ahmedabad,21903866,N/A,north indian,,2275,956.626,375,86.4664541856412
Sep-2026,Ahmedabad,21903921,N/A,na,,0,159.99800000000002,0,0.012049740746699006
Sep-2026,Ahmedabad,21904045,N/A,street food,,4306,9220.805999999999,632,1888.2220099047042
Sep-2026,Ahmedabad,21904057,N/A,international,,49287,72423.408,8700,12373.446150846128
Sep-2026,Ahmedabad,21904268,N/A,street food,,3065,1689.6399999999999,593,131.0420596819186
Sep-2026,Ahmedabad,21905442,N/A,north indian,,518,2002.3319999999999,98,681.566351764145
Sep-2026,Ahmedabad,21905991,N/A,pizza,,12483,26110.822000000004,2033,3246.795255137753
Sep-2026,Ahmedabad,21907041,N/A,north indian,,38465,21781.802,8699,-5111.016077189761
Sep-2026,Ahmedabad,21908436,N/A,ice cream,,11978,0.0,2113,0.0
Sep-2026,Ahmedabad,21909719,N/A,na,,528,0.0,89,0.0
Sep-2026,Ahmedabad,21911114,N/A,north indian,,11016,8746.912,1022,1169.3875525646738
Sep-2026,Ahmedabad,21911864,N/A,north indian,,47495,0.0,9587,0.0
Sep-2026,Ahmedabad,21912847,N/A,north indian,,7153,10131.467999999999,1049,1950.274760357535
Sep-2026,Ahmedabad,21914169,N/A,ice cream,,2865,0.0,518,0.0
Sep-2026,Ahmedabad,21914612,N/A,north indian,,6662,4666.408,1122,1143.4790891089688
Sep-2026,Ahmedabad,21914660,N/A,street food,,47254,75513.218,9167,16126.688195126777
Sep-2026,Ahmedabad,21915146,N/A,street food,,217,646.0699999999999,54,-40.386378170052616
Sep-2026,Ahmedabad,21915276,N/A,street food,,246,1485.0500000000002,-21,122.1437475328004
Sep-2026,Ahmedabad,21915820,N/A,south indian,,4203,0.0,586,0.0
Sep-2026,Ahmedabad,21918058,N/A,south indian,,4965,12053.271,902,2072.989259934997
Sep-2026,Ahmedabad,21918431,N/A,cakes,,237,1087.876,23,318.1016334426904
Sep-2026,Ahmedabad,21918453,N/A,cakes,,844,5334.2080000000005,144,1558.8019257337032
Sep-2026,Ahmedabad,21919194,N/A,street food,,52538,33616.085999999996,14042,6999.738995569988
Sep-2026,Ahmedabad,21920451,N/A,south indian,,8432,3772.5020000000004,1860,668.4305589557695
Sep-2026,Ahmedabad,21920598,N/A,street food,,66,0.0,0,0.0
Sep-2026,Ahmedabad,21920778,N/A,north indian,,431,0.0,94,0.0
Sep-2026,Ahmedabad,21921957,N/A,na,,3028,0.0,488,0.0
Sep-2026,Ahmedabad,21922282,N/A,na,,274,0.0,43,0.0
Sep-2026,Ahmedabad,21922451,N/A,na,,273,0.0,55,0.0
Sep-2026,Ahmedabad,21923103,N/A,desserts,,24248,24446.057,4613,6091.467801917084
Sep-2026,Ahmedabad,21923488,N/A,na,,9587,0.0,1362,0.0
Sep-2026,Ahmedabad,21923968,N/A,north indian,,30957,57080.762,5691,16179.76283400366
Sep-2026,Ahmedabad,21924915,N/A,street food,,120,174.26800000000003,27,33.95234056684286
Sep-2026,Ahmedabad,21926003,N/A,ice cream,,4071,20833.793999999994,486,6271.875671893696
Sep-2026,Ahmedabad,21926672,N/A,north indian,,1457,0.0,319,0.0
Sep-2026,Ahmedabad,21927072,N/A,street food,,0,14083.279,0,2347.6582827715456
Sep-2026,Ahmedabad,21927130,N/A,ice cream,,206,0.0,37,0.0
Sep-2026,Ahmedabad,21927181,N/A,"wraps, rolls and sandwiches",,5773,0.0,1183,0.0
Sep-2026,Ahmedabad,21927607,N/A,street food,,1616,970.9259999999999,372,228.43919565666494
Sep-2026,Ahmedabad,21927693,N/A,north indian,,6078,8528.446,1113,1448.058668527621
Sep-2026,Ahmedabad,21927760,N/A,north indian,,2325,1020.704,267,-45.112772171789835
Sep-2026,Ahmedabad,21928253,N/A,street food,,6115,6379.978000000001,1315,1423.1923615651122
Sep-2026,Ahmedabad,21928475,N/A,north indian,,4891,3827.298,1013,513.2799694332577
Sep-2026,Ahmedabad,21929368,N/A,na,,188,0.0,26,0.0
Sep-2026,Ahmedabad,21929911,N/A,beverages,,78,273.782,26,73.36219520575358
Sep-2026,Ahmedabad,21930797,N/A,street food,,8129,25586.046,1802,4865.9956930980825
Sep-2026,Ahmedabad,21930900,N/A,street food,,77498,73959.69499999999,23070,19537.554618358376
Sep-2026,Ahmedabad,21931473,N/A,north indian,,26093,54350.894,1775,6741.073500157297
Sep-2026,Ahmedabad,21933540,N/A,na,,449,0.0,107,0.0
Sep-2026,Ahmedabad,21933548,N/A,pizza,,6293,1714.7779999999998,906,159.01635703145902
Sep-2026,Ahmedabad,21934153,N/A,south indian,,20669,23338.893999999997,4624,5142.614211318933
Sep-2026,Ahmedabad,21934350,N/A,international,,3040,8275.858,412,1347.43280687801
Sep-2026,Ahmedabad,21935729,N/A,south indian,,0,3957.8179999999998,0,804.27839821423
Sep-2026,Ahmedabad,21935837,N/A,street food,,109856,81415.006,33668,15822.559011518882
Sep-2026,Ahmedabad,21936504,N/A,chinese,,200,6553.584000000001,51,944.1721766836795
Sep-2026,Ahmedabad,21936680,N/A,street food,,6361,5757.05,1008,947.4156944129841
Sep-2026,Ahmedabad,21937135,N/A,"wraps, rolls and sandwiches",,55227,39734.624,11380,7820.313551784193
Sep-2026,Ahmedabad,21938128,N/A,south indian,,3778,6787.198,682,931.9581561454361
Sep-2026,Ahmedabad,21938159,N/A,desserts,,0,2675.204,0,-564.2509864468664
Sep-2026,Ahmedabad,21939471,N/A,north indian,,15290,17275.554,2727,4581.428273459396
Sep-2026,Ahmedabad,21940748,N/A,beverages,,15599,0.0,2854,0.0
Sep-2026,Ahmedabad,21940881,N/A,north indian,,105130,68733.217,17780,11071.153932694922
Sep-2026,Ahmedabad,21941899,N/A,na,,169,0.0,0,0.0
Sep-2026,Ahmedabad,21941990,N/A,biryani,,142,0.0,23,0.0
Sep-2026,Ahmedabad,21942371,N/A,na,,3656,0.0,499,0.0
Sep-2026,Ahmedabad,21942736,N/A,street food,,312,671.9399999999999,-126,-144.1937767867721
Sep-2026,Ahmedabad,21945773,N/A,na,,235,0.0,0,0.0
Sep-2026,Ahmedabad,21946125,N/A,street food,,1393,3364.7720000000004,144,-38.70162494334294
Sep-2026,Ahmedabad,21946160,N/A,desserts,,951,607.0,85,118.46449410634433
Sep-2026,Ahmedabad,21946292,N/A,street food,,3450,1897.3120000000001,723,496.30689183324694
Sep-2026,Ahmedabad,21946578,N/A,street food,,1092,0.0,237,0.0
Sep-2026,Ahmedabad,21948755,N/A,north indian,,0,2058.438,0,516.0874593482116
Sep-2026,Ahmedabad,21948942,N/A,international,,246,0.0,23,0.0
Sep-2026,Ahmedabad,21949197,N/A,street food,,12161,10862.491999999998,3634,2966.7075604339843
Sep-2026,Ahmedabad,21949315,N/A,ice cream,,10983,4890.673999999999,2137,962.0935542520067
Sep-2026,Ahmedabad,21949743,N/A,street food,,0,353.688,0,67.8120497407467
Sep-2026,Ahmedabad,21950987,N/A,"wraps, rolls and sandwiches",,3045,5739.026,199,482.7056466895542
Sep-2026,Ahmedabad,21952066,N/A,mithai,,9201,18614.414999999997,-455,306.8916832202792
Sep-2026,Ahmedabad,21954268,N/A,burger,,95303,51380.507999999994,18493,5603.09411292716
Sep-2026,Ahmedabad,21956077,N/A,desserts,,5084,411.8539999999999,970,15.820111636656534
Sep-2026,Ahmedabad,21956954,N/A,na,,435,0.0,95,0.0
Sep-2026,Ahmedabad,21957798,N/A,na,,170,0.0,40,0.0
Sep-2026,Ahmedabad,21957971,N/A,international,,3250,1393.3639999999998,704,290.98675271213426
Sep-2026,Ahmedabad,21958206,N/A,ice cream,,0,2638.187,0,-615.577217207379
Sep-2026,Ahmedabad,21958292,N/A,north indian,,71746,46992.156,20074,13342.954104699911
Sep-2026,Ahmedabad,21960345,N/A,street food,,9167,1469.414,2890,304.5733428021954
Sep-2026,Ahmedabad,21960381,N/A,beverages,,2913,0.0,436,0.0
Sep-2026,Ahmedabad,21961946,N/A,street food,,22307,3885.579999999999,4493,680.8246538581576
Sep-2026,Ahmedabad,21962303,N/A,north indian,,1910,0.0,250,0.0
Sep-2026,Ahmedabad,21962826,N/A,burger,,4251,5661.328,404,464.10320674746845
Sep-2026,Ahmedabad,21962877,N/A,north indian,,36676,60889.84999999999,7275,9337.835515072997
Sep-2026,Ahmedabad,21962984,N/A,ice cream,,2286,452.12,225,84.30164456546629
Sep-2026,Ahmedabad,21963357,N/A,na,,452,0.0,-29,0.0
Sep-2026,Ahmedabad,21964821,N/A,street food,,6775,0.0,1200,0.0
Sep-2026,Ahmedabad,21964969,N/A,north indian,,2649,668.6859999999999,367,155.73391585409234
Sep-2026,Ahmedabad,21965146,N/A,north indian,,13664,9002.452,3170,1831.5425817123773
Sep-2026,Ahmedabad,21966008,N/A,na,,1028,0.0,22,0.0
Sep-2026,Ahmedabad,21967209,N/A,street food,,3627,421.75199999999995,832,-193.24557997444307
Sep-2026,Ahmedabad,21967714,N/A,street food,,2342,0.0,383,0.0
Sep-2026,Ahmedabad,21969453,N/A,na,,5261,0.0,1173,0.0
Sep-2026,Ahmedabad,21969597,N/A,desserts,,502,1255.036,95,-567.7873556172693
Sep-2026,Ahmedabad,21970043,N/A,north indian,,7482,0.0,1482,0.0
Sep-2026,Ahmedabad,21970094,N/A,north indian,,0,926.008,0,15.732490400845572
Sep-2026,Ahmedabad,21970297,N/A,na,,561,0.0,19,0.0
Sep-2026,Ahmedabad,21970919,N/A,street food,,7862,6320.638,1054,810.779829093558
Sep-2026,Ahmedabad,21972010,N/A,ice cream,,505,643.864,100,70.92599178870233
Sep-2026,Ahmedabad,21972817,N/A,na,,777,0.0,149,0.0
Sep-2026,Ahmedabad,21974133,N/A,chinese,,194,0.0,0,0.0
Sep-2026,Ahmedabad,21974486,N/A,street food,,21125,26463.183999999994,4233,6344.612419418329
Sep-2026,Ahmedabad,21975862,N/A,street food,,3753,9053.048,850,1902.1670962449334
Sep-2026,Ahmedabad,21976635,N/A,desserts,,0,343.188,0,0.14354935971271765
Sep-2026,Ahmedabad,21976917,N/A,na,,618,0.0,150,0.0
Sep-2026,Ahmedabad,21977341,N/A,north indian,,12402,20495.988,2069,4065.362174752235
Sep-2026,Ahmedabad,21977425,N/A,biryani,,16229,4460.958,2411,87.63854091296821
Sep-2026,Ahmedabad,21978733,N/A,street food,,880,263.5440000000001,113,14.329428820901299
Sep-2026,Ahmedabad,21978803,N/A,desserts,,6766,2498.264,1277,579.7566132290679
Sep-2026,Ahmedabad,21979108,N/A,beverages,,25023,4367.632,9751,863.5988724762877
Sep-2026,Ahmedabad,21979581,N/A,burger,,26776,12459.301,5722,2600.9913079832804
Sep-2026,Ahmedabad,21980241,N/A,na,,49,0.0,4,0.0
Sep-2026,Ahmedabad,21980447,N/A,mithai,,1577,0.0,362,0.0
Sep-2026,Ahmedabad,21981857,N/A,biryani,,113,103.68799999999999,26,-78.53755025925331
Sep-2026,Ahmedabad,21982162,N/A,ice cream,,4917,4630.281999999999,585,950.3537769941488
Sep-2026,Ahmedabad,21982605,N/A,north indian,,0,1914.368,0,366.0221723519521
Sep-2026,Ahmedabad,21982929,N/A,north indian,,2381,9619.718,220,-83.36416772914731
Sep-2026,Ahmedabad,21983005,N/A,street food,,1775,2104.314,262,153.0220757556563
Sep-2026,Ahmedabad,21984172,N/A,na,,7254,0.0,2826,0.0
Sep-2026,Ahmedabad,21984863,N/A,na,,3453,0.0,2315,0.0
Sep-2026,Ahmedabad,21984931,N/A,north indian,,1711,0.0,201,0.0
Sep-2026,Ahmedabad,21986978,N/A,north indian,,14379,7402.766,2611,1475.9226848166916
Sep-2026,Ahmedabad,21988018,N/A,street food,,650,1635.9140000000002,113,428.2645826387689
Sep-2026,Ahmedabad,21990127,N/A,"wraps, rolls and sandwiches",,8547,21877.352,1569,4810.193402196279
Sep-2026,Ahmedabad,21990151,N/A,street food,,152,0.0,27,0.0
Sep-2026,Ahmedabad,21992460,N/A,international,,1059,1421.952,199,263.82074351849906
Sep-2026,Ahmedabad,21992723,N/A,north indian,,12143,0.0,2186,0.0
Sep-2026,Ahmedabad,21993616,N/A,chinese,,0,21791.992000000002,0,2612.662871533363
Sep-2026,Ahmedabad,21993621,N/A,"wraps, rolls and sandwiches",,0,2226.7079999999996,0,345.0112448579341
Sep-2026,Ahmedabad,21995301,N/A,north indian,,46156,42109.35599999999,9921,9337.970317227542
Sep-2026,Ahmedabad,21995373,N/A,international,,16463,17735.95,657,-467.8288371908532
Sep-2026,Ahmedabad,21995590,N/A,desserts,,25766,29795.089,8201,8332.758335956998
Sep-2026,Ahmedabad,21996131,N/A,north indian,,0,2271.876,0,0.1281024819071989
Sep-2026,Ahmedabad,21996393,N/A,north indian,,0,4626.093999999999,0,-36.33155897990233
Sep-2026,Ahmedabad,21996689,N/A,south indian,,22164,20958.201999999997,2835,2649.3189207797013
Sep-2026,Ahmedabad,21996938,N/A,south indian,,147,0.0,18,0.0
Sep-2026,Ahmedabad,21997065,N/A,na,,206,0.0,-23,0.0
Sep-2026,Ahmedabad,21997706,N/A,north indian,,33161,16110.174,10122,4694.731558736379
Sep-2026,Ahmedabad,21997928,N/A,na,,9606,0.0,2110,0.0
Sep-2026,Ahmedabad,21998235,N/A,"wraps, rolls and sandwiches",,6535,5886.32,1536,1113.81287323144
Sep-2026,Ahmedabad,21998686,N/A,ice cream,,4242,10507.928000000002,613,1506.810821320272
Sep-2026,Ahmedabad,22000273,N/A,street food,,3924,5267.474,581,907.7951381204314
Sep-2026,Ahmedabad,22000455,N/A,pizza,,8868,11343.631000000001,1571,2299.908426857945
Sep-2026,Ahmedabad,22002059,N/A,ice cream,,38390,9296.546,6169,891.5730721082318
Sep-2026,Ahmedabad,22002346,N/A,beverages,,9624,12704.129999999997,505,974.0504465997085
Sep-2026,Ahmedabad,22002907,N/A,na,,466,0.0,89,0.0
Sep-2026,Ahmedabad,22003332,N/A,chinese,,202,6587.316,30,1419.9558447970658
Sep-2026,Ahmedabad,22003447,N/A,pizza,,0,535.188,0,31.98861094659839
Sep-2026,Ahmedabad,22005532,N/A,na,,6972,0.0,1609,0.0
Sep-2026,Ahmedabad,22005583,N/A,north indian,,0,332.844,0,60.14320156033465
Sep-2026,Ahmedabad,22006212,N/A,ice cream,,2745,2181.938,276,251.62116081940692
Sep-2026,Ahmedabad,22006336,N/A,beverages,,13719,5761.485,5351,2524.6887140840768
Sep-2026,Ahmedabad,22008357,N/A,street food,,15079,7669.877,2669,1135.6903036796432
Sep-2026,Ahmedabad,22008549,N/A,na,,1626,0.0,205,0.0
Sep-2026,Ahmedabad,22008866,N/A,"wraps, rolls and sandwiches",,0,4310.418,0,636.0330876755268
Sep-2026,Ahmedabad,22011231,N/A,burger,,0,39998.178,0,8858.566963658772
Sep-2026,Ahmedabad,22015274,N/A,beverages,,1863,5861.024,523,957.8092663670953
Sep-2026,Ahmedabad,22015536,N/A,north indian,,4798,14268.768,490,748.7272235499258
Sep-2026,Ahmedabad,22015750,N/A,na,,693,0.0,299,0.0
Sep-2026,Ahmedabad,22017778,N/A,north indian,,1237,1316.1480000000001,180,223.30858430053786
Sep-2026,Ahmedabad,22017965,N/A,street food,,1163,944.0859999999999,154,-148.43246746862104
Sep-2026,Ahmedabad,22018377,N/A,international,,73475,24838.434,16251,4947.524110602959
Sep-2026,Ahmedabad,22018879,N/A,na,,29,0.0,11,0.0
Sep-2026,Ahmedabad,22018910,N/A,burger,,0,94.338,0,21.203692875847555
Sep-2026,Ahmedabad,22019307,N/A,na,,3807,0.0,-1191,0.0
Sep-2026,Ahmedabad,22019439,N/A,na,,209,0.0,26,0.0
Sep-2026,Ahmedabad,22019607,N/A,burger,,223,1099.568,49,320.22060217388713
Sep-2026,Ahmedabad,22020042,N/A,pizza,,6879,36827.22599999999,3937,5347.323175832357
Sep-2026,Ahmedabad,22020150,N/A,north indian,,84967,77438.211,16573,21165.031510840876
Sep-2026,Ahmedabad,22020415,N/A,north indian,,0,646.032,0,135.7508909303155
Sep-2026,Ahmedabad,22020496,N/A,na,,119,0.0,0,0.0
Sep-2026,Ahmedabad,22022051,N/A,street food,,0,234.99800000000005,0,0.08510483056878483
Sep-2026,Ahmedabad,22022662,N/A,north indian,,4837,89451.93199999999,1020,16849.215709951994
Sep-2026,Ahmedabad,22025812,N/A,street food,,157,1151.748,23,181.26193064459358
Sep-2026,Ahmedabad,22025952,N/A,north indian,,10838,33991.52,2076,6801.803043972443
Sep-2026,Ahmedabad,22026051,N/A,north indian,,40063,96021.85199999998,4297,14657.512608811494
Sep-2026,Ahmedabad,22026386,N/A,burger,,2902,8210.056,387,543.9664260439386
Sep-2026,Ahmedabad,22027131,N/A,street food,,195,0.0,-65,0.0
Sep-2026,Ahmedabad,22028344,N/A,cakes,,22948,40666.00199999999,4684,8416.765611203004
Sep-2026,Ahmedabad,22028428,N/A,north indian,,1232,216.12,232,61.528987636122125
Sep-2026,Ahmedabad,22029069,N/A,street food,,0,251.58,0,42.465755749055106
Sep-2026,Ahmedabad,22029315,N/A,street food,,0,62919.54,0,15513.173801166593
Sep-2026,Ahmedabad,22031404,N/A,north indian,,1535,143.68800000000002,219,38.40169040084557
Sep-2026,Ahmedabad,22032239,N/A,pizza,,2800,25437.982,272,5652.388911173598
Sep-2026,Ahmedabad,22033034,N/A,na,,3346,0.0,620,0.0
Sep-2026,Ahmedabad,22033182,N/A,"wraps, rolls and sandwiches",,128,0.0,0,0.0
Sep-2026,Ahmedabad,22033359,N/A,chinese,,0,317.002,0,0.06408913846648105
Sep-2026,Ahmedabad,22033755,N/A,na,,1295,0.0,316,0.0
Sep-2026,Ahmedabad,22034840,N/A,chinese,,482,1959.892,121,94.41001954558072
Sep-2026,Ahmedabad,22035020,N/A,south indian,,3779,7267.812,694,917.6313672272167
Sep-2026,Ahmedabad,22036324,N/A,na,,425,0.0,0,0.0
Sep-2026,Ahmedabad,22037080,N/A,beverages,,1987,5396.002,176,260.37664878990427
Sep-2026,Ahmedabad,22038179,N/A,biryani,,49959,27145.739,8530,4842.147806223635
Sep-2026,Ahmedabad,22038518,N/A,na,,4082,0.0,532,0.0
Sep-2026,Ahmedabad,22038667,N/A,street food,,1903,0.0,362,0.0
Sep-2026,Ahmedabad,22039033,N/A,na,,78,0.0,23,0.0
Sep-2026,Ahmedabad,22039483,N/A,north indian,,47746,0.0,15520,0.0
Sep-2026,Ahmedabad,22040950,N/A,ice cream,,0,186.848,0,0.061299920465698716
Sep-2026,Ahmedabad,22042108,N/A,"wraps, rolls and sandwiches",,2859,47837.433999999994,82,12102.419631957613
Sep-2026,Ahmedabad,22042310,N/A,chinese,,11107,12242.746000000001,1719,724.840190533529
Sep-2026,Ahmedabad,22042586,N/A,desserts,,8561,4950.7480000000005,2249,1005.7624115391736
Sep-2026,Ahmedabad,22042595,N/A,na,,1072,0.0,148,0.0
Sep-2026,Ahmedabad,22042755,N/A,beverages,,17767,7593.053999999999,4412,1528.0746822383617
Sep-2026,Ahmedabad,22043238,N/A,international,,64511,39067.69,23486,13153.3375100805
Sep-2026,Ahmedabad,22044034,N/A,street food,,2494,4859.286,329,949.6315212619144
Sep-2026,Ahmedabad,22044247,N/A,north indian,,81,443.27,23,27.56767587456416
Sep-2026,Ahmedabad,22044969,N/A,desserts,,0,1991.648,0,279.72080370573406
Sep-2026,Ahmedabad,22045369,N/A,south indian,,21579,26763.496,4050,4353.068058873845
Sep-2026,Ahmedabad,22046137,N/A,north indian,,19177,19993.039,2584,2467.1391980572926
Sep-2026,Ahmedabad,22046257,N/A,na,,421,0.0,126,0.0
Sep-2026,Ahmedabad,22047597,N/A,north indian,,2608,74909.54700000002,517,17577.902036478336
Sep-2026,Ahmedabad,22047634,N/A,street food,,2661,0.0,477,0.0
Sep-2026,Ahmedabad,22048806,N/A,street food,,994,725.376,145,35.57234549066766
Sep-2026,Ahmedabad,22048953,N/A,mithai,,2107,3158.188,437,581.3861527658455
Sep-2026,Ahmedabad,22049522,N/A,north indian,,747,3716.7039999999997,211,1607.5171729224394
Sep-2026,Ahmedabad,22049630,N/A,na,,2066,0.0,400,0.0
Sep-2026,Ahmedabad,22049930,N/A,south indian,,240114,200772.69500000004,56007,38017.585886585606
Sep-2026,Ahmedabad,22051767,N/A,na,,13490,0.0,3148,0.0
Sep-2026,Ahmedabad,22051974,N/A,na,,91,0.0,0,0.0
Sep-2026,Ahmedabad,22052844,N/A,street food,,0,20738.309,0,3391.367646534988
Sep-2026,Ahmedabad,22054850,N/A,ice cream,,0,230.00199999999995,0,63.188095205753584
Sep-2026,Ahmedabad,22055357,N/A,south indian,,14863,30960.961,2559,5502.438247477725
Sep-2026,Ahmedabad,22055397,N/A,beverages,,1102,489.848,289,109.99124788156547
Sep-2026,Ahmedabad,22055415,N/A,desserts,,900,2540.2079999999996,195,-803.3060022427643
Sep-2026,Ahmedabad,22055440,N/A,desserts,,1781,1182.758,402,309.9839851365732
Sep-2026,Ahmedabad,22055456,N/A,street food,,12673,6434.643999999999,2337,1243.9446007954368
Sep-2026,Ahmedabad,22055519,N/A,na,,3816,0.0,1803,0.0
Sep-2026,Ahmedabad,22055530,N/A,burger,,1832,2243.156,422,386.8809803537548
Sep-2026,Ahmedabad,22055547,N/A,street food,,5196,3876.652,1048,630.7639276832249
Sep-2026,Ahmedabad,22055897,N/A,north indian,,4533,1775.558,560,387.29802572589523
Sep-2026,Ahmedabad,22056219,N/A,na,,413,0.0,81,0.0
Sep-2026,Ahmedabad,22056299,N/A,cakes,,0,375.998,0,63.66010107923762
Sep-2026,Ahmedabad,22058215,N/A,na,,6141,0.0,1225,0.0
Sep-2026,Ahmedabad,22058527,N/A,north indian,,895,747.958,200,170.37409507067954
Sep-2026,Ahmedabad,22059452,N/A,street food,,18563,18989.495,1365,106.348952577191
Sep-2026,Ahmedabad,22060147,N/A,"wraps, rolls and sandwiches",,0,195.99800000000005,0,35.671614092285985
Sep-2026,Ahmedabad,22060204,N/A,desserts,,28561,23976.21,8732,6458.726103317588
Sep-2026,Ahmedabad,22060753,N/A,na,,304,0.0,81,0.0
Sep-2026,Ahmedabad,22062162,N/A,na,,55,0.0,23,0.0
Sep-2026,Ahmedabad,22063226,N/A,burger,,150,99.62,29,38.22329040084557
Sep-2026,Ahmedabad,22064129,N/A,biryani,,3237,813.474,605,-106.4675426474489
Sep-2026,Ahmedabad,22066168,N/A,na,,631,0.0,0,0.0
Sep-2026,Ahmedabad,22066464,N/A,street food,,3426,1165.3980000000001,-62,96.01561067251893
Sep-2026,Ahmedabad,22067505,N/A,north indian,,9318,16246.414,-275,1885.5110832198234
Sep-2026,Ahmedabad,22067734,N/A,street food,,1275,0.0,60,0.0
Sep-2026,Ahmedabad,22068014,N/A,na,,1037,0.0,224,0.0
Sep-2026,Ahmedabad,22068083,N/A,street food,,20269,19200.610000000004,3368,3629.5061893158277
Sep-2026,Ahmedabad,22069266,N/A,na,,54471,0.0,17350,0.0
Sep-2026,Ahmedabad,22069661,N/A,south indian,,20912,29312.172,3335,3695.108574894437
Sep-2026,Ahmedabad,22070530,N/A,north indian,,19450,23130.699000000004,6423,7611.44163459453
Sep-2026,Ahmedabad,22070549,N/A,north indian,,10078,7161.4400000000005,1837,1306.195242575674
Sep-2026,Ahmedabad,22071966,N/A,south indian,,1426,6484.558000000001,250,1008.4960597374468
Sep-2026,Ahmedabad,22073453,N/A,south indian,,1599,536.766,284,-192.50894542385143
Sep-2026,Ahmedabad,22073731,N/A,na,,10106,0.0,1897,0.0
Sep-2026,Ahmedabad,22075199,N/A,street food,,1442,238.082,127,0.04809520575358083
Sep-2026,Ahmedabad,22075769,N/A,mithai,,52005,27499.326999999997,8149,3194.188901608401
Sep-2026,Ahmedabad,22077148,N/A,mithai,,3737,20513.688,369,2512.1958887671435
Sep-2026,Ahmedabad,22077263,N/A,street food,,21837,11071.224,3054,1604.3559932549517
Sep-2026,Ahmedabad,22077587,N/A,"wraps, rolls and sandwiches",,19401,17572.781,3402,3149.2146410653877
Sep-2026,Ahmedabad,22077640,N/A,biryani,,15784,33405.562000000005,1280,2373.9169595915355
Sep-2026,Ahmedabad,22077789,N/A,burger,,455,824.1049999999999,49,150.66819788273543
Sep-2026,Ahmedabad,22079448,N/A,na,,13539,0.0,1283,0.0
Sep-2026,Ahmedabad,22079638,N/A,na,,136626,0.0,42956,0.0
Sep-2026,Ahmedabad,22080497,N/A,beverages,,681,2170.918,147,376.61788883144607
Sep-2026,Ahmedabad,22082206,N/A,north indian,,5906,2195.6620000000003,496,-70.8678702152425
Sep-2026,Ahmedabad,22082787,N/A,na,,3194,0.0,550,0.0
Sep-2026,Ahmedabad,22083977,N/A,cakes,,1171,0.0,124,0.0
Sep-2026,Ahmedabad,22084523,N/A,street food,,194157,97718.72400000002,-27149,-11274.923032264287
Sep-2026,Ahmedabad,22084596,N/A,na,,4384,0.0,1827,0.0
Sep-2026,Ahmedabad,22084975,N/A,na,,1836,0.0,401,0.0
Sep-2026,Ahmedabad,22085019,N/A,burger,,796,3203.6459999999997,150,435.04351592584806
Sep-2026,Ahmedabad,22085502,N/A,beverages,,24378,0.0,5174,0.0
Sep-2026,Ahmedabad,22086250,N/A,chinese,,66505,35098.784,18509,3939.6938700157784
Sep-2026,Ahmedabad,22086866,N/A,street food,,16885,10790.615,641,-385.523104378082
Sep-2026,Ahmedabad,22087668,N/A,"wraps, rolls and sandwiches",,1735,0.0,372,0.0
Sep-2026,Ahmedabad,22087689,N/A,na,,1014,0.0,222,0.0
Sep-2026,Ahmedabad,22087721,N/A,chinese,,2146,0.0,293,0.0
Sep-2026,Ahmedabad,22088051,N/A,street food,,0,2425.466,0,357.5141157769583
Sep-2026,Ahmedabad,22089174,N/A,north indian,,0,1883.5839999999998,0,-402.9194808112755
Sep-2026,Ahmedabad,22089990,N/A,burger,,0,317.998,0,73.13397169675955
Sep-2026,Ahmedabad,22090361,N/A,south indian,,105637,84787.56199999999,22209,16686.482047251007
Sep-2026,Ahmedabad,22090555,N/A,na,,799,0.0,77,0.0
Sep-2026,Ahmedabad,22090726,N/A,pizza,,0,426.998,0,70.81234056684286
Sep-2026,Ahmedabad,22091500,N/A,"wraps, rolls and sandwiches",,224,0.0,57,0.0
Sep-2026,Ahmedabad,22092807,N/A,na,,398,0.0,86,0.0
Sep-2026,Ahmedabad,22094693,N/A,burger,,541,0.0,87,0.0
Sep-2026,Ahmedabad,22094807,N/A,street food,,0,1941.23,0,237.51606463582146
Sep-2026,Ahmedabad,22095037,N/A,chinese,,21105,12779.166000000001,2644,1661.0339788847948
Sep-2026,Ahmedabad,22095590,N/A,na,,350,0.0,68,0.0
Sep-2026,Ahmedabad,22098368,N/A,na,,315,0.0,121,0.0
Sep-2026,Ahmedabad,22098390,N/A,na,,3761,0.0,908,0.0
Sep-2026,Ahmedabad,22100333,N/A,north indian,,415,325.17600000000004,54,302.1783768335673
Sep-2026,Ahmedabad,22100602,N/A,north indian,,2957,310.96399999999994,442,106.76722327835739
Sep-2026,Ahmedabad,22100936,N/A,north indian,,608,3926.394,134,743.46326952238
Sep-2026,Ahmedabad,22101260,N/A,international,,22744,12690.784000000001,5536,3638.827902622014
Sep-2026,Ahmedabad,22101393,N/A,north indian,,40770,28858.870000000006,5066,1650.140255377566
Sep-2026,Ahmedabad,22101442,N/A,"wraps, rolls and sandwiches",,1836,524.07,460,122.00079287584755
Sep-2026,Ahmedabad,22103192,N/A,na,,325,0.0,73,0.0
Sep-2026,Ahmedabad,22103241,N/A,beverages,,16666,7427.14,4155,1665.4090101869715
Sep-2026,Ahmedabad,22103248,N/A,north indian,,318,0.0,65,0.0
Sep-2026,Ahmedabad,22103708,N/A,desserts,,2117,2412.146,357,628.4322147322537
Sep-2026,Ahmedabad,22103723,N/A,north indian,,7274,6580.19,3769,258.64634475096045
Sep-2026,Ahmedabad,22103881,N/A,desserts,,881,0.0,206,0.0
Sep-2026,Ahmedabad,22103996,N/A,na,,6902,0.0,1009,0.0
Sep-2026,Ahmedabad,22104530,N/A,street food,,28842,32921.366,6379,5685.1693252114765
Sep-2026,Ahmedabad,22105549,N/A,cakes,,3903,2028.13,584,196.84803060266844
Sep-2026,Ahmedabad,22106230,N/A,street food,,27179,11938.2,5226,2333.521522033094
Sep-2026,Ahmedabad,22107249,N/A,street food,,46285,41977.558,10256,10776.663811993923
Sep-2026,Ahmedabad,22108222,N/A,international,,5738,2445.044,496,125.90409210178694
Sep-2026,Ahmedabad,22108456,N/A,"wraps, rolls and sandwiches",,17577,16671.249,3272,2243.469753317637
Sep-2026,Ahmedabad,22111205,N/A,na,,12877,0.0,1323,0.0
Sep-2026,Ahmedabad,22112516,N/A,street food,,0,409.72400000000005,0,-15.137188542682175
Sep-2026,Ahmedabad,22112571,N/A,north indian,,5091,6133.151999999999,430,1148.8103834262893
Sep-2026,Ahmedabad,22114325,N/A,north indian,,16637,30538.273,-519,-706.7937773342016
Sep-2026,Ahmedabad,22114413,N/A,north indian,,45094,49739.780000000006,12994,14447.187959511604
Sep-2026,Ahmedabad,22115089,N/A,"wraps, rolls and sandwiches",,1530,0.0,163,0.0
Sep-2026,Ahmedabad,22115578,N/A,street food,,11606,25028.682,2999,6898.047158706839
Sep-2026,Ahmedabad,22117621,N/A,"wraps, rolls and sandwiches",,108315,27774.221999999998,32107,9333.314341530913
Sep-2026,Ahmedabad,22119233,N/A,street food,,4821,384.336,613,66.89419390059467
Sep-2026,Ahmedabad,22119426,N/A,street food,,8973,15178.55,1641,2424.4134450140145
Sep-2026,Ahmedabad,22119492,N/A,north indian,,0,128.182,0,34.79809520575358
Sep-2026,Ahmedabad,22121278,N/A,north indian,,614,0.0,70,0.0
Sep-2026,Ahmedabad,22121468,N/A,north indian,,32651,20013.112,5723,3308.843601196312
Sep-2026,Ahmedabad,22121488,N/A,street food,,1133,825.368,176,126.20484534593675
Sep-2026,Ahmedabad,22123557,N/A,street food,,0,669.322,0,144.47451867878442
Sep-2026,Ahmedabad,22123704,N/A,north indian,,198395,61623.915,32047,11082.465803202407
Sep-2026,Ahmedabad,22125239,N/A,"wraps, rolls and sandwiches",,1109,191.28800000000007,-320,-167.19623915162558
Sep-2026,Ahmedabad,22125259,N/A,na,,2062,194.57999999999998,412,2.3964740153829314
Sep-2026,Ahmedabad,22125402,N/A,street food,,10619,16610.291,1817,1346.2430012196094
Sep-2026,Ahmedabad,22127329,N/A,street food,,28244,9608.092,9268,1388.3348554817496
Sep-2026,Ahmedabad,22128508,N/A,na,,371,0.0,43,0.0
Sep-2026,Ahmedabad,22129565,N/A,street food,,10697,29904.399999999994,2004,8449.755638710469
Sep-2026,Ahmedabad,22129661,N/A,street food,,13565,14359.640000000001,2634,1766.7659595537611
Sep-2026,Ahmedabad,22129875,N/A,burger,,3148,2960.566,707,438.7860458150019
Sep-2026,Ahmedabad,22129986,N/A,international,,21164,50756.14,4987,11515.471264521166
Sep-2026,Ahmedabad,22130169,N/A,north indian,,136581,0.0,50173,0.0
Sep-2026,Ahmedabad,22131416,N/A,north indian,,22410,13310.718,3926,1765.2359947212572
Sep-2026,Ahmedabad,22131921,N/A,na,,2105,0.0,-97,0.0
Sep-2026,Ahmedabad,22132281,N/A,ice cream,,580,1153.844,-62,-3.433410489908347
Sep-2026,Ahmedabad,22132363,N/A,pizza,,1598,902.682,164,108.71289642561956
Sep-2026,Ahmedabad,22132604,N/A,na,,1005,0.0,217,0.0
Sep-2026,Ahmedabad,22132721,N/A,na,,94,0.0,0,0.0
Sep-2026,Ahmedabad,22133233,N/A,"wraps, rolls and sandwiches",,32602,16590.688,7861,4140.71388466662
Sep-2026,Ahmedabad,22133482,N/A,chinese,,17410,4316.263999999999,5361,1588.2631974960807
Sep-2026,Ahmedabad,22133568,N/A,international,,0,500.688,0,0.05234056684285872
Sep-2026,Ahmedabad,22135466,N/A,north indian,,0,14199.218,0,2718.4911644460717
Sep-2026,Ahmedabad,22135551,N/A,na,,173,0.0,0,0.0
Sep-2026,Ahmedabad,22135603,N/A,street food,,7798,20649.431,1878,4376.386644128283
Sep-2026,Ahmedabad,22135695,N/A,north indian,,0,121.63799999999998,0,21.022340566842857
Sep-2026,Ahmedabad,22135732,N/A,south indian,,23666,4789.5019999999995,7423,1009.8555874275448
Sep-2026,Ahmedabad,22137794,N/A,pizza,,164844,23477.105,42305,3044.9074306541725
Sep-2026,Ahmedabad,22138716,N/A,street food,,24564,7421.7440000000015,3624,899.3385969164589
Sep-2026,Ahmedabad,22138734,N/A,street food,,9960,11277.384,1619,2057.3440821266263
Sep-2026,Ahmedabad,22139701,N/A,na,,147,0.0,27,0.0
Sep-2026,Ahmedabad,22139919,N/A,na,,47053,0.0,21591,0.0
Sep-2026,Ahmedabad,22140527,N/A,burger,,745,0.0,149,0.0
Sep-2026,Ahmedabad,22142281,N/A,international,,92421,90464.147,15129,14759.455026086922
Sep-2026,Ahmedabad,22142556,N/A,na,,33014,0.0,5263,0.0
Sep-2026,Ahmedabad,22144403,N/A,beverages,,0,535.762,0,148.75610078016734
Sep-2026,Ahmedabad,22144442,N/A,north indian,,577,12855.252,57,1024.6442997091094
Sep-2026,Ahmedabad,22145556,N/A,desserts,,44042,34900.030999999995,9671,7709.962896513949
Sep-2026,Ahmedabad,22145600,N/A,international,,0,983.6880000000001,0,194.9320497407467
Sep-2026,Ahmedabad,22146202,N/A,beverages,,10761,3996.2080000000005,2478,709.9675163812442
Sep-2026,Ahmedabad,22146431,N/A,desserts,,134,175.18800000000002,8,65.22961409228598
Sep-2026,Ahmedabad,22146763,N/A,na,,439,0.0,26,0.0
Sep-2026,Ahmedabad,22146980,N/A,street food,,178423,95577.591,40149,18859.258094367106
Sep-2026,Ahmedabad,22147072,N/A,pizza,,21861,9667.158,2485,772.4871182851214
Sep-2026,Ahmedabad,22147110,N/A,street food,,0,2473.4539999999997,0,-0.4287858617924911
Sep-2026,Ahmedabad,22147650,N/A,street food,,8426,0.0,529,0.0
Sep-2026,Ahmedabad,22147885,N/A,north indian,,62133,2113.196,20696,443.47595855347964
Sep-2026,Ahmedabad,22149299,N/A,pizza,,71719,50220.254,21263,14979.503436979921
Sep-2026,Ahmedabad,22149849,N/A,north indian,,2400,2205.242,491,577.5268938477633
Sep-2026,Ahmedabad,22151408,N/A,north indian,,55,0.0,0,0.0
Sep-2026,Ahmedabad,22152117,N/A,na,,901,0.0,218,0.0
Sep-2026,Ahmedabad,22152260,N/A,north indian,,0,1400.376,0,454.17009948149337
Sep-2026,Ahmedabad,22152797,N/A,north indian,,116628,43921.868,10472,1090.7294064840914
Sep-2026,Ahmedabad,22153387,N/A,mithai,,125489,137268.60700000002,32552,24580.39822542719
Sep-2026,Ahmedabad,22154854,N/A,burger,,1257,812.1740000000001,265,140.91217045443406
Sep-2026,Ahmedabad,22155361,N/A,south indian,,56584,132742.10000000003,17407,39347.20647328579
Sep-2026,Ahmedabad,22155500,N/A,street food,,144,124.78800000000001,28,21.6220497407467
Sep-2026,Ahmedabad,22155540,N/A,street food,,527,807.566,62,59.491372556106406
Sep-2026,Ahmedabad,22156140,N/A,na,,21588,0.0,6351,0.0
Sep-2026,Ahmedabad,22156808,N/A,north indian,,49202,12753.594,10382,2494.071385227139
Sep-2026,Ahmedabad,22157111,N/A,desserts,,2150,3947.0359999999996,555,-120.0982092425364
Sep-2026,Ahmedabad,22157342,N/A,street food,,124011,70468.81599999999,22330,13046.621896914156
Sep-2026,Ahmedabad,22157456,N/A,north indian,,0,6799.652,0,1483.5535649256815
Sep-2026,Ahmedabad,22157674,N/A,na,,25262,0.0,10008,0.0
Sep-2026,Ahmedabad,22157966,N/A,na,,716,0.0,96,0.0
Sep-2026,Ahmedabad,22158303,N/A,north indian,,16877,18954.162,2573,3108.4500110041345
Sep-2026,Ahmedabad,22159415,N/A,na,,481,0.0,85,0.0
Sep-2026,Ahmedabad,22161133,N/A,na,,1573,0.0,367,0.0
Sep-2026,Ahmedabad,22161351,N/A,south indian,,20970,8453.73,4384,1649.1477974010982
Sep-2026,Ahmedabad,22161516,N/A,north indian,,13504,16278.852000000003,3097,2718.1959463949775
Sep-2026,Ahmedabad,22161644,N/A,beverages,,34698,21525.989999999998,6622,3809.4057690145646
Sep-2026,Ahmedabad,22161968,N/A,chinese,,118,0.0,23,0.0
Sep-2026,Ahmedabad,22162328,N/A,na,,9506,0.0,2993,0.0
Sep-2026,Ahmedabad,22162819,N/A,burger,,35845,0.0,6932,0.0
Sep-2026,Ahmedabad,22162929,N/A,south indian,,2423,13240.596000000001,406,3323.76067008164
Sep-2026,Ahmedabad,22163354,N/A,na,,4438,0.0,978,0.0
Sep-2026,Ahmedabad,22163668,N/A,na,,2738,0.0,467,0.0
Sep-2026,Ahmedabad,22163947,N/A,chinese,,3074,2062.164,344,-62.20787673576581
Sep-2026,Ahmedabad,22164068,N/A,"wraps, rolls and sandwiches",,8066,12205.844000000001,1947,2751.772522240134
Sep-2026,Ahmedabad,22164274,N/A,desserts,,7605,0.0,1348,0.0
Sep-2026,Ahmedabad,22165085,N/A,na,,1807,0.0,283,0.0
Sep-2026,Ahmedabad,22166758,N/A,beverages,,324,853.9319999999999,78,164.467690465285
Sep-2026,Ahmedabad,22167377,N/A,north indian,,33500,23698.586000000003,10419,6730.587369987023
Sep-2026,Ahmedabad,22167710,N/A,north indian,,47622,29568.172,8593,5130.836712965754
Sep-2026,Ahmedabad,22167914,N/A,na,,2765,1702.8960000000002,502,246.47591435394673
Sep-2026,Ahmedabad,22168311,N/A,north indian,,87094,113981.52200000001,5469,21442.36390891314
Sep-2026,Ahmedabad,22168796,N/A,pizza,,12950,22542.348,2384,70.77930626765755
Sep-2026,Ahmedabad,22168835,N/A,ice cream,,0,208.682,0,0.07099234026001228
Sep-2026,Ahmedabad,22168950,N/A,ice cream,,9492,853.764,1656,171.931272425094
Sep-2026,Ahmedabad,22169804,N/A,pizza,,0,391.62,0,101.7361492222401
Sep-2026,Ahmedabad,22170255,N/A,burger,,7833,8990.832,649,945.4896952964697
Sep-2026,Ahmedabad,22170529,N/A,street food,,20259,5735.696,2920,1093.356421678073
Sep-2026,Ahmedabad,22170598,N/A,ice cream,,1634,5953.9400000000005,-332,193.46831908458637
Sep-2026,Ahmedabad,22170999,N/A,burger,,69779,57738.118,13983,9643.91139688457
Sep-2026,Ahmedabad,22173274,N/A,north indian,,4701,0.0,774,0.0
Sep-2026,Ahmedabad,22173280,N/A,international,,7812,3036.152,1641,404.09273137733396
Sep-2026,Ahmedabad,22173781,N/A,chinese,,26419,7622.454000000001,6808,2771.4897144185634
Sep-2026,Ahmedabad,22174845,N/A,burger,,4879,0.0,389,0.0
Sep-2026,Ahmedabad,22175778,N/A,street food,,789,6858.74,133,927.1896682847139
Sep-2026,Ahmedabad,22176242,N/A,north indian,,55250,60773.888000000006,8786,7906.561118753582
Sep-2026,Ahmedabad,22177862,N/A,north indian,,2645,609.62,622,142.8158484365496
Sep-2026,Ahmedabad,22178296,N/A,biryani,,3418,11231.756,586,1483.4891616529142
Sep-2026,Ahmedabad,22178341,N/A,biryani,,400,842.944,-7,198.71518754601357
Sep-2026,Ahmedabad,22179216,N/A,north indian,,16064,11114.732,1910,1012.2787591205403
Sep-2026,Ahmedabad,22179269,N/A,north indian,,36658,14578.097000000002,18527,2736.4336057668115
Sep-2026,Ahmedabad,22179313,N/A,na,,107,0.0,-25,0.0
Sep-2026,Ahmedabad,22179838,N/A,beverages,,1711,0.0,270,0.0
Sep-2026,Ahmedabad,22180231,N/A,"wraps, rolls and sandwiches",,3368,11582.511999999999,527,1462.3594991679443
Sep-2026,Ahmedabad,22181019,N/A,na,,475,0.0,89,0.0
Sep-2026,Ahmedabad,22181284,N/A,north indian,,3187,13115.609,389,4400.739546532443
Sep-2026,Ahmedabad,22181865,N/A,street food,,17103,3885.487,3667,289.3160206860601
Sep-2026,Ahmedabad,22181900,N/A,na,,272,0.0,53,0.0
Sep-2026,Ahmedabad,22183338,N/A,international,,9322,16726.194,1849,4064.520871499218
Sep-2026,Ahmedabad,22183903,N/A,na,,412,0.0,-1,0.0
Sep-2026,Ahmedabad,22184847,N/A,"wraps, rolls and sandwiches",,1524,2734.1220000000003,170,379.20774451918027
Sep-2026,Ahmedabad,22185327,N/A,north indian,,15589,1983.8600000000001,2622,520.5258468433819
Sep-2026,Ahmedabad,22185358,N/A,beverages,,6156,3277.728,1471,855.1126687927933
Sep-2026,Ahmedabad,22185451,N/A,street food,,15738,1534.318,425,259.1278074833455
Sep-2026,Ahmedabad,22187644,N/A,north indian,,62108,33450.315,14550,2756.1796708686315
Sep-2026,Ahmedabad,22187846,N/A,north indian,,1153,0.0,272,0.0
Sep-2026,Ahmedabad,22187886,N/A,beverages,,18114,0.0,2513,0.0
Sep-2026,Ahmedabad,22187897,N/A,beverages,,24644,33947.371999999996,4019,5081.263972580532
Sep-2026,Ahmedabad,22187954,N/A,cakes,,42664,18648.469999999998,7811,3244.4799070245863
Sep-2026,Ahmedabad,22188071,N/A,mithai,,23183,5420.879,258,-136.39863754241887
Sep-2026,Ahmedabad,22189716,N/A,north indian,,80784,10492.344,17585,1232.605680769485
Sep-2026,Ahmedabad,22191050,N/A,north indian,,405236,78474.04199999999,87303,16389.370478903642
Sep-2026,Ahmedabad,22191945,N/A,na,,325,0.0,19,0.0
Sep-2026,Ahmedabad,22192310,N/A,north indian,,38039,8336.472,8067,1032.0129968351262
Sep-2026,Ahmedabad,22192953,N/A,pizza,,0,985.684,0,209.4611396673023
Sep-2026,Ahmedabad,22193183,N/A,north indian,,34485,4105.6939999999995,5643,630.3703176207239
Sep-2026,Ahmedabad,22193236,N/A,street food,,26492,30810.692,4005,5038.613038230694
Sep-2026,Ahmedabad,22193597,N/A,na,,8454,0.0,1361,0.0
Sep-2026,Ahmedabad,22194158,N/A,na,,268,0.0,42,0.0
Sep-2026,Ahmedabad,22196212,N/A,pizza,,711,361.31999999999994,86,-22.00054866150907
Sep-2026,Ahmedabad,22196639,N/A,street food,,23960,30560.487000000005,3474,6541.410982099594
Sep-2026,Ahmedabad,22196691,N/A,chinese,,396,0.0,24,0.0
Sep-2026,Ahmedabad,22196868,N/A,north indian,,0,62.83800000000001,0,-58.054409599154425
Sep-2026,Ahmedabad,22197336,N/A,na,,944,0.0,-83,0.0
Sep-2026,Ahmedabad,22197519,N/A,pizza,,2172,0.0,472,0.0
Sep-2026,Ahmedabad,22197893,N/A,na,,1589,0.0,113,0.0
Sep-2026,Ahmedabad,22198169,N/A,street food,,32688,21293.062000000005,5510,4553.981180463865
Sep-2026,Ahmedabad,22198270,N/A,chinese,,125096,50642.883,9878,8274.013197409633
Sep-2026,Ahmedabad,22198736,N/A,street food,,15143,0.0,2000,0.0
Sep-2026,Ahmedabad,22198911,N/A,beverages,,0,175.082,0,0.06408913846648105
Sep-2026,Ahmedabad,22200129,N/A,ice cream,,260,186.83800000000002,3,0.07305508982208582
Sep-2026,Ahmedabad,22200636,N/A,north indian,,3186,5895.152,630,1088.4520647832055
Sep-2026,Ahmedabad,22200777,N/A,north indian,,2766,276.99800000000005,550,48.07651409228598
Sep-2026,Ahmedabad,22201434,N/A,chinese,,525,277.99800000000005,25,-125.97795025925329
Sep-2026,Ahmedabad,22201481,N/A,street food,,691,0.0,140,0.0
Sep-2026,Ahmedabad,22201638,N/A,"wraps, rolls and sandwiches",,12161,349.712,3348,54.89842613381746
Sep-2026,Ahmedabad,22201936,N/A,international,,1294,4316.626,55,582.1147601745882
Sep-2026,Ahmedabad,22202212,N/A,north indian,,8610,7317.398,2439,1326.815876267825
Sep-2026,Ahmedabad,22204072,N/A,international,,1653,1095.234,246,193.51040369175777
Sep-2026,Ahmedabad,22204296,N/A,north indian,,65055,15166.112000000005,12485,3545.2523043963574
Sep-2026,Ahmedabad,22204973,N/A,na,,1189,0.0,80,0.0
Sep-2026,Ahmedabad,22205040,N/A,north indian,,123,12334.272000000004,-23,-3031.71884833858
Sep-2026,Ahmedabad,22205467,N/A,street food,,0,2043.068,0,379.4189488292326
Sep-2026,Ahmedabad,22205779,N/A,international,,24061,46432.196,5147,9775.760648600566
Sep-2026,Ahmedabad,22206597,N/A,mithai,,4952,6063.7119999999995,1604,3527.9226041041584
Sep-2026,Ahmedabad,22206964,N/A,cakes,,881,2472.512,52,351.9797550308331
Sep-2026,Ahmedabad,22207349,N/A,na,,8938,0.0,1491,0.0
Sep-2026,Ahmedabad,22207459,N/A,street food,,14184,0.0,2611,0.0
Sep-2026,Ahmedabad,22208322,N/A,street food,,0,101.68799999999999,0,17.022093832276937
Sep-2026,Bavla,22208400,N/A,street food,,31303,1510.136,3514,-87.97830237768783
Sep-2026,Ahmedabad,22208474,N/A,street food,,7747,0.0,1309,0.0
Sep-2026,Ahmedabad,22208613,N/A,"wraps, rolls and sandwiches",,297,3296.634,40,672.9090375190112
Sep-2026,Ahmedabad,22208882,N/A,na,,657,0.0,0,0.0
Sep-2026,Ahmedabad,22209033,N/A,street food,,129812,78058.418,33367,17953.879170761964
Sep-2026,Ahmedabad,22209418,N/A,chinese,,0,153.03199999999998,0,32.20390078016733
Sep-2026,Ahmedabad,22209538,N/A,na,,347,0.0,67,0.0
Sep-2026,Ahmedabad,22209857,N/A,mithai,,22510,14752.705000000002,7761,3314.2785148212006
Sep-2026,Ahmedabad,22209899,N/A,cakes,,22037,13183.900000000001,3408,2908.2716664010923
Sep-2026,Ahmedabad,22210751,N/A,street food,,167,974.586,36,186.4477079245629
Sep-2026,Ahmedabad,22210976,N/A,street food,,27163,4027.214,4666,415.3456585905176
Sep-2026,Ahmedabad,22211400,N/A,street food,,61135,31538.796,10117,4247.375589394502
Sep-2026,Ahmedabad,22211808,N/A,burger,,47118,33305.787,6929,7560.006022597093
Sep-2026,Ahmedabad,22212112,N/A,north indian,,76461,92089.61000000002,21289,20137.48763364875
Sep-2026,Ahmedabad,22213055,N/A,desserts,,82560,5394.904,28080,1122.7039453499635
Sep-2026,Ahmedabad,22213137,N/A,south indian,,3734,10107.842999999999,481,935.8440965015284
Sep-2026,Ahmedabad,22213149,N/A,"wraps, rolls and sandwiches",,455,0.0,101,0.0
Sep-2026,Ahmedabad,22213652,N/A,north indian,,159,437.998,28,0.049647881565472694
Sep-2026,Ahmedabad,22214228,N/A,street food,,2924,0.0,620,0.0
Sep-2026,Ahmedabad,22215396,N/A,na,,231,0.0,40,0.0
Sep-2026,Ahmedabad,22215690,N/A,international,,2364,186.00199999999998,793,39.955289138466476
Sep-2026,Ahmedabad,22215844,N/A,na,,163,0.0,-23,0.0
Sep-2026,Ahmedabad,22217770,N/A,north indian,,41243,105819.12800000001,14024,38837.120417514925
Sep-2026,Ahmedabad,22218395,N/A,na,,373,0.0,23,0.0
Sep-2026,Ahmedabad,22218477,N/A,north indian,,2345,200.99799999999993,147,50.8620497407467
Sep-2026,Ahmedabad,22218787,N/A,street food,,252056,44478.208999999995,55888,9963.018428545185
Sep-2026,Ahmedabad,22219117,N/A,burger,,2607,1221.694,195,54.35993892025952
Sep-2026,Ahmedabad,22219127,N/A,north indian,,871,0.0,180,0.0
Sep-2026,Ahmedabad,22219738,N/A,biryani,,1477,7157.3640000000005,308,-457.20638472065775
Sep-2026,Ahmedabad,22219831,N/A,street food,,15211,0.0,3904,0.0
Sep-2026,Ahmedabad,22219997,N/A,north indian,,721,956.064,147,224.5218004831897
Sep-2026,Ahmedabad,22220622,N/A,beverages,,124,1254.92,0,-35.963795210843074
Sep-2026,Ahmedabad,22221917,N/A,north indian,,0,1637.0100000000002,0,281.5168641000439
Sep-2026,Ahmedabad,22223066,N/A,street food,,27492,24298.484,5806,5542.109996472051
Sep-2026,Ahmedabad,22224176,N/A,street food,,74861,21585.875999999997,14140,4118.119585646338
Sep-2026,Ahmedabad,22224197,N/A,north indian,,11257,8274.482,1562,786.6891627987575
Sep-2026,Ahmedabad,22224432,N/A,north indian,,0,143.582,0,0.041600780167325366
Sep-2026,Ahmedabad,22225028,N/A,street food,,9386,3200.9280000000003,934,-1161.395466819369
Sep-2026,Ahmedabad,22227592,N/A,"wraps, rolls and sandwiches",,9128,1477.1879999999999,1705,408.6304422672423
Sep-2026,Ahmedabad,22227694,N/A,"wraps, rolls and sandwiches",,259996,59146.132000000005,83794,16521.121929819757
Sep-2026,Ahmedabad,22227861,N/A,desserts,,3053,6041.727999999999,478,942.8932632299052
Sep-2026,Ahmedabad,22227879,N/A,"wraps, rolls and sandwiches",,14661,9934.436,2525,988.9333548287924
Sep-2026,Ahmedabad,22228191,N/A,beverages,,87215,33581.652,14434,5686.351149294929
Sep-2026,Ahmedabad,22228329,N/A,desserts,,293,0.0,95,0.0
Sep-2026,Ahmedabad,22230012,N/A,beverages,,2006,370.488,420,87.71479040084557
Sep-2026,Ahmedabad,22230231,N/A,ice cream,,0,11730.502,0,2524.795578025344
Sep-2026,Ahmedabad,22230436,N/A,north indian,,45310,25211.122000000007,9469,4710.086850776623
Sep-2026,Ahmedabad,22230505,N/A,na,,51,0.0,0,0.0
Sep-2026,Ahmedabad,22230804,N/A,north indian,,1164,0.0,247,0.0
Sep-2026,Ahmedabad,22231055,N/A,pizza,,790,138.862,-42,24.51809520575358
Sep-2026,Ahmedabad,22231735,N/A,beverages,,1322,2103.1440000000002,294,386.4647417973648
Sep-2026,Ahmedabad,22231780,N/A,north indian,,14270,2736.072,2693,435.36403479964724
Sep-2026,Ahmedabad,22232027,N/A,street food,,1131,11005.056,123,2590.273956777919
Sep-2026,Ahmedabad,22232472,N/A,street food,,2950,6226.176,-767,264.5281783443638
Sep-2026,Ahmedabad,22232676,N/A,north indian,,0,1566.5100000000002,0,138.51422228582223
Sep-2026,Ahmedabad,22234473,N/A,chinese,,18254,8644.212,5627,1661.5785253848287
Sep-2026,Ahmedabad,22235901,N/A,street food,,2463,1928.034,216,323.91779088855475
Sep-2026,Ahmedabad,22236723,N/A,na,,333,0.0,27,0.0
Sep-2026,Ahmedabad,22236930,N/A,south indian,,147740,39675.812,41479,7142.252851466219
Sep-2026,Ahmedabad,22237227,N/A,na,,461,0.0,54,0.0
Sep-2026,Ahmedabad,22237532,N/A,chinese,,410,0.0,0,0.0
Sep-2026,Ahmedabad,22238775,N/A,na,,12666,0.0,1699,0.0
Sep-2026,Ahmedabad,22239108,N/A,international,,313,333.076,78,33.900100006905205
Sep-2026,Ahmedabad,22239684,N/A,south indian,,20470,0.0,5838,0.0
Sep-2026,Ahmedabad,22240617,N/A,beverages,,22060,36673.002,4084,6408.998413131261
Sep-2026,Ahmedabad,22241485,N/A,chinese,,15875,71466.22799999999,2354,15186.002104274348
Sep-2026,Ahmedabad,22242109,N/A,north indian,,28471,21567.79,5765,3637.9740509333815
Sep-2026,Ahmedabad,22243032,N/A,street food,,0,613.63,0,107.7305199660944
Sep-2026,Ahmedabad,22243725,N/A,north indian,,1488,9272.21,373,2162.007999075469
Sep-2026,Ahmedabad,22244530,N/A,na,,796,0.0,46,0.0
Sep-2026,Ahmedabad,22246023,N/A,beverages,,5055,1653.6639999999998,872,227.45739422124657
Sep-2026,Ahmedabad,22246774,N/A,na,,4980,0.0,2076,0.0
Sep-2026,Ahmedabad,22247185,N/A,na,,190,0.0,0,0.0
Sep-2026,Ahmedabad,22248552,N/A,burger,,27388,11234.851999999999,5296,2222.9913673955884
Sep-2026,Ahmedabad,22248915,N/A,north indian,,16121,26417.384,6981,13242.60003214594
Sep-2026,Ahmedabad,22249776,N/A,na,,2859,0.0,280,0.0
Sep-2026,Ahmedabad,22249933,N/A,na,,1535,0.0,346,0.0
Sep-2026,Ahmedabad,22257303,N/A,north indian,,6406,376.58399999999995,963,9.757644996380122
Sep-2026,Ahmedabad,22258559,N/A,street food,,20058,30939.523000000005,3177,5141.1309200155365
Sep-2026,Ahmedabad,22259003,N/A,international,,9240,964.03,1774,238.29510900767337
Sep-2026,Ahmedabad,22259335,N/A,na,,151,0.0,18,0.0
Sep-2026,Ahmedabad,22259727,N/A,north indian,,28138,38263.03599999999,7659,9832.671280634026
Sep-2026,Ahmedabad,22259914,N/A,na,,31197,0.0,3252,0.0
Sep-2026,Ahmedabad,22260881,N/A,north indian,,13817,12719.479,2661,2461.3032082980276
Sep-2026,Ahmedabad,22262176,N/A,north indian,,47364,0.0,17004,0.0
Sep-2026,Ahmedabad,22262429,N/A,na,,4613,0.0,976,0.0
Sep-2026,Ahmedabad,22262556,N/A,na,,78271,0.0,20876,0.0
Sep-2026,Ahmedabad,22263116,N/A,na,,83,0.0,24,0.0
Sep-2026,Ahmedabad,22263354,N/A,burger,,38794,35059.052,7639,6231.298750340552
Sep-2026,Ahmedabad,22263557,N/A,na,,959,0.0,111,0.0
Sep-2026,Ahmedabad,22264290,N/A,street food,,11846,59757.46700000001,2090,14799.405035905855
Sep-2026,Ahmedabad,22266323,N/A,north indian,,928,109.938,149,25.293292875847555
Sep-2026,Ahmedabad,22267445,N/A,north indian,,9200,7113.634000000001,1758,795.0426968734282
Sep-2026,Ahmedabad,22267511,N/A,burger,,41783,80024.014,5373,16684.948355179567
Sep-2026,Ahmedabad,22267672,N/A,chinese,,0,196.18800000000002,0,42.3964497407467
Sep-2026,Ahmedabad,22268388,N/A,north indian,,0,1240.316,0,45.03480903882981
Sep-2026,Ahmedabad,22269344,N/A,south indian,,85564,96516.242,20150,21850.583026069693
Sep-2026,Ahmedabad,22269620,N/A,street food,,3905,2266.442,-597,353.2125715244356
Sep-2026,Ahmedabad,22271840,N/A,na,,41650,0.0,20947,0.0
Sep-2026,Ahmedabad,22272777,N/A,na,,168,0.0,18,0.0
Sep-2026,Ahmedabad,22273390,N/A,na,,6941,0.0,2157,0.0
Sep-2026,Ahmedabad,22273898,N/A,north indian,,551,0.0,22,0.0
Sep-2026,Ahmedabad,22274033,N/A,north indian,,6656,138921.116,549,23917.461643809867
Sep-2026,Ahmedabad,22274364,N/A,north indian,,8395,10988.752,1799,2243.196396948694
Sep-2026,Ahmedabad,22274367,N/A,international,,2691,7892.691999999999,392,706.0923453151033
Sep-2026,Ahmedabad,22274421,N/A,street food,,6708,2065.5379999999996,1110,233.08662472853428
Sep-2026,Ahmedabad,22274603,N/A,street food,,12812,10135.658000000001,2922,2368.1288017028733
Sep-2026,Ahmedabad,22275965,N/A,north indian,,58470,32755.799000000006,10189,4797.664354431133
Sep-2026,Ahmedabad,22276845,N/A,street food,,1689,0.0,156,0.0
Sep-2026,Ahmedabad,22278008,N/A,international,,6000,861.04,1734,167.79002162031875
Sep-2026,Ahmedabad,22278184,N/A,ice cream,,33577,23294.574,2182,3977.9852010163263
Sep-2026,Ahmedabad,22278758,N/A,north indian,,36001,18298.906000000003,7008,3887.746003915425
Sep-2026,Ahmedabad,22279208,N/A,street food,,10370,5697.594,1446,514.6299695918902
Sep-2026,Ahmedabad,22279402,N/A,mithai,,6489,14431.503999999997,-331,889.5925598811291
Sep-2026,Ahmedabad,22281363,N/A,street food,,759,0.0,129,0.0
Sep-2026,Ahmedabad,22283112,N/A,north indian,,19799,25652.962,2962,6595.769118506196
Sep-2026,Ahmedabad,22283334,N/A,biryani,,48103,34817.064000000006,7526,6226.9229423505085
Sep-2026,Ahmedabad,22284537,N/A,street food,,5198,2670.2,1147,550.1304144437407
Sep-2026,Ahmedabad,22284608,N/A,north indian,,1260,0.0,255,0.0
Sep-2026,Ahmedabad,22284858,N/A,north indian,,38441,11571.368,11968,3633.671133287796
Sep-2026,Ahmedabad,22285600,N/A,south indian,,0,807.0559999999999,0,170.51457034084967
Sep-2026,Ahmedabad,22285691,N/A,chinese,,36275,15768.994000000002,6607,2384.242612938526
Sep-2026,Ahmedabad,22287790,N/A,street food,,3997,413.27,880,107.00409874452612
Sep-2026,Ahmedabad,22287808,N/A,na,,176,0.0,-45,0.0
Sep-2026,Ahmedabad,22289042,N/A,beverages,,333,0.0,-73,0.0
Sep-2026,Ahmedabad,22289485,N/A,pizza,,1384,5071.197,302,838.7652050973596
Sep-2026,Ahmedabad,22289529,N/A,street food,,1032,1532.854,249,128.57282133884692
Sep-2026,Ahmedabad,22290054,N/A,north indian,,40738,3062.036,12630,774.7645173180538
Sep-2026,Ahmedabad,22290815,N/A,north indian,,924,3941.806,193,800.4562759611157
Sep-2026,Ahmedabad,22291156,N/A,cakes,,0,684.688,0,-6.043102377687821
Sep-2026,Ahmedabad,22291350,N/A,cakes,,11802,10153.774,1105,1724.0458320363139
Sep-2026,Ahmedabad,22291699,N/A,beverages,,19579,6000.612,2836,792.7929534969667
Sep-2026,Ahmedabad,22291796,N/A,street food,,95242,24463.184,19686,5023.788083964189
Sep-2026,Ahmedabad,22292232,N/A,na,,4941,0.0,575,0.0
Sep-2026,Ahmedabad,22292682,N/A,pizza,,24210,23930.712,4530,6333.34287810439
Sep-2026,Ahmedabad,22293796,N/A,desserts,,705,2162.8759999999997,3,-63.43754929179373
Sep-2026,Ahmedabad,22294131,N/A,chinese,,17044,4436.904,7235,631.1527954595485
Sep-2026,Ahmedabad,22294239,N/A,street food,,0,508.996,0,131.6057496989287
Sep-2026,Ahmedabad,22294593,N/A,na,,853,0.0,165,0.0
Sep-2026,Ahmedabad,22295093,N/A,south indian,,57080,46333.371999999996,11017,9100.14896199263
Sep-2026,Ahmedabad,22295143,N/A,"wraps, rolls and sandwiches",,7819,36433.352999999996,3299,13366.274535188732
Sep-2026,Ahmedabad,22295424,N/A,street food,,9401,1094.102,3646,954.1883388470314
Sep-2026,Ahmedabad,22296090,N/A,beverages,,320,1521.6839999999997,0,213.93664992655252
Sep-2026,Ahmedabad,22297916,N/A,na,,32730,0.0,5122,0.0
Sep-2026,Ahmedabad,22298409,N/A,international,,11858,15223.533999999998,3085,3507.1300287615645
Sep-2026,Ahmedabad,22299212,N/A,regional,,17734,5293.9220000000005,2309,691.3513480251255
Sep-2026,Ahmedabad,22299372,N/A,na,,3433,0.0,404,0.0
Sep-2026,Ahmedabad,22299417,N/A,"wraps, rolls and sandwiches",,5614,1256.37,1462,201.57530727792272
Sep-2026,Ahmedabad,22300885,N/A,na,,50431,0.0,10035,0.0
Sep-2026,Ahmedabad,22301007,N/A,na,,899,0.0,218,0.0
Sep-2026,Ahmedabad,22301052,N/A,street food,,9735,828.602,3424,111.24155205429149
Sep-2026,Ahmedabad,22301149,N/A,na,,1314,189.608,281,-6.227472907179397
Sep-2026,Ahmedabad,22301279,N/A,street food,,147380,10676.152,38893,2627.794695381663
Sep-2026,Ahmedabad,22301327,N/A,international,,3862,3487.4219999999996,611,838.8343978000648
Sep-2026,Ahmedabad,22301648,N/A,international,,2953,2594.8629999999994,667,399.5614408937656
Sep-2026,Ahmedabad,22302122,N/A,north indian,,6301,7194.74,866,852.499220080946
Sep-2026,Ahmedabad,22302998,N/A,na,,6020,0.0,1144,0.0
Sep-2026,Ahmedabad,22303366,N/A,na,,205,0.0,0,0.0
Sep-2026,Ahmedabad,22303419,N/A,street food,,17854,7768.243999999999,2636,1081.2884370029028
Sep-2026,Ahmedabad,22303977,N/A,street food,,500,723.88,50,119.49198853762327
Sep-2026,Ahmedabad,22304745,N/A,south indian,,11705,13445.238,1505,492.9844491245144
Sep-2026,Ahmedabad,22305243,N/A,ice cream,,0,331.532,0,63.398095205753584
Sep-2026,Ahmedabad,22305616,N/A,street food,,11328,25814.679999999997,2335,5278.559125835752
Sep-2026,Ahmedabad,22305964,N/A,na,,2848,0.0,387,0.0
Sep-2026,Ahmedabad,22306111,N/A,desserts,,7686,21739.04,3444,9727.663006084515
Sep-2026,Ahmedabad,22307292,N/A,street food,,1631,160.76800000000003,341,31.662892875847554
Sep-2026,Ahmedabad,22307308,N/A,na,,28694,0.0,8663,0.0
Sep-2026,Ahmedabad,22307927,N/A,na,,15733,0.0,4191,0.0
Sep-2026,Ahmedabad,22308684,N/A,street food,,289,437.688,52,84.83329287584755
Sep-2026,Ahmedabad,22309422,N/A,beverages,,769,9497.99,19,2116.1697227843883
Sep-2026,Ahmedabad,22309960,N/A,pizza,,658,1947.16,148,71.8152109739189
Sep-2026,Ahmedabad,22310567,N/A,street food,,40479,20299.846,6701,2701.1289916313644
Sep-2026,Ahmedabad,22311104,N/A,na,,567,0.0,33,0.0
Sep-2026,Ahmedabad,22312195,N/A,north indian,,9853,2637.68,1965,158.0099913439775
Sep-2026,Ahmedabad,22312988,N/A,street food,,302,543.5799999999999,-64,-129.60379897298523
Sep-2026,Ahmedabad,22313013,N/A,north indian,,11769,8292.084,2107,2281.861186388979
Sep-2026,Ahmedabad,22313922,N/A,beverages,,12662,12930.351999999999,2731,2706.899471804336
Sep-2026,Ahmedabad,22314163,N/A,north indian,,171779,37523.956,38639,7310.611657483818
Sep-2026,Ahmedabad,22315084,N/A,north indian,,32616,1094.3719999999998,7146,221.21707546218153
Sep-2026,Ahmedabad,22315177,N/A,street food,,10828,5157.874,2237,892.5760039126689
Sep-2026,Ahmedabad,22315406,N/A,na,,583,0.0,46,0.0
Sep-2026,Ahmedabad,22315632,N/A,north indian,,13606,13869.021999999999,3742,3740.8384478310427
Sep-2026,Ahmedabad,22317328,N/A,street food,,29260,33948.26500000001,3929,7163.6665726423025
Sep-2026,Ahmedabad,22320012,N/A,street food,,0,5276.23,0,1677.766694906278
Sep-2026,Ahmedabad,22320086,N/A,beverages,,7033,5804.55,1379,1767.1098021414102
Sep-2026,Ahmedabad,22320860,N/A,na,,29980,0.0,3889,0.0
Sep-2026,Ahmedabad,22320909,N/A,na,,962,0.0,245,0.0
Sep-2026,Ahmedabad,22321212,N/A,na,,587,0.0,23,0.0
Sep-2026,Ahmedabad,22321630,N/A,ice cream,,7660,107.68800000000002,1433,25.503659298083114
Sep-2026,Ahmedabad,22322301,N/A,na,,16333,0.0,2636,0.0
Sep-2026,Ahmedabad,22322516,N/A,international,,24702,14652.921999999999,7361,4745.262860854175
Sep-2026,Ahmedabad,22322800,N/A,na,,2643,0.0,856,0.0
Sep-2026,Ahmedabad,22323683,N/A,street food,,0,155.68800000000002,0,0.049647881565472694
Sep-2026,Ahmedabad,22323709,N/A,street food,,0,541.574,0,47.3317489608031
Sep-2026,Ahmedabad,22324200,N/A,na,,754,0.0,143,0.0
Sep-2026,Ahmedabad,22324850,N/A,south indian,,135849,3686.994,55223,1102.61572240722
Sep-2026,Ahmedabad,22325162,N/A,biryani,,280,40888.368,0,6965.2137387138555
Sep-2026,Ahmedabad,22325867,N/A,north indian,,463,195.99800000000005,69,0.049647881565472694
Sep-2026,Ahmedabad,22325962,N/A,north indian,,14710,20024.870000000003,2319,4193.912114951771
Sep-2026,Ahmedabad,22326202,N/A,na,,33894,0.0,12510,0.0
Sep-2026,Ahmedabad,22326477,N/A,north indian,,46938,14705.816000000003,5223,1019.8978694008598
Sep-2026,Ahmedabad,22326495,N/A,pizza,,13825,3694.3419999999996,2777,444.6554037034832
Sep-2026,Ahmedabad,22326929,N/A,na,,7542,0.0,1083,0.0
Sep-2026,Ahmedabad,22327093,N/A,north indian,,0,293.73799999999994,0,55.78329040084557
Sep-2026,Ahmedabad,22327323,N/A,na,,210,0.0,30,0.0
Sep-2026,Ahmedabad,22327349,N/A,cakes,,0,8641.913999999999,0,560.3451062419135
Sep-2026,Ahmedabad,22327974,N/A,pizza,,968,1477.3400000000001,77,169.0013767472165
Sep-2026,Ahmedabad,22328016,N/A,street food,,14250,498.282,2089,132.46169234026
Sep-2026,Ahmedabad,22329108,N/A,"wraps, rolls and sandwiches",,1982,785.73,307,150.08319874452613
Sep-2026,Ahmedabad,22329252,N/A,na,,154,0.0,23,0.0
Sep-2026,Ahmedabad,22329899,N/A,na,,1745,0.0,127,0.0
Sep-2026,Ahmedabad,22331456,N/A,"wraps, rolls and sandwiches",,3131,279.032,743,60.31478913846647
Sep-2026,Ahmedabad,22331574,N/A,north indian,,25546,13647.02,3563,2769.443093993671
Sep-2026,Ahmedabad,22332362,N/A,street food,,9381,4536.334,1675,273.84190315432534
Sep-2026,Ahmedabad,22332709,N/A,ice cream,,16062,14446.931999999997,3231,2490.6170884914063
Sep-2026,Ahmedabad,22333357,N/A,street food,,21323,19247.974000000002,3414,4831.6504299622975
Sep-2026,Ahmedabad,22333507,N/A,south indian,,22426,7905.455999999999,4511,1304.6365054683506
Sep-2026,Ahmedabad,22333767,N/A,north indian,,18881,0.0,2854,0.0
Sep-2026,Ahmedabad,22334660,N/A,street food,,7868,8491.413,1273,1377.0425201844569
Sep-2026,Ahmedabad,22334876,N/A,na,,13460,0.0,3061,0.0
Sep-2026,Ahmedabad,22334917,N/A,international,,11903,5206.296,1744,1129.9448052309162
Sep-2026,Ahmedabad,22335250,N/A,north indian,,5987,7065.125999999998,2057,940.2695645781262
Sep-2026,Ahmedabad,22336301,N/A,na,,104,0.0,23,0.0
Sep-2026,Ahmedabad,22336485,N/A,international,,0,365.18399999999997,0,48.97819984398109
Sep-2026,Ahmedabad,22336651,N/A,na,,333,0.0,47,0.0
Sep-2026,Ahmedabad,22336866,N/A,north indian,,0,216.57999999999998,0,-89.95728366953301
Sep-2026,Ahmedabad,22336969,N/A,north indian,,26524,23050.282,4615,3307.1397736792555
Sep-2026,Ahmedabad,22337084,N/A,street food,,9284,3995.056,549,661.0134432957987
Sep-2026,Ahmedabad,22337223,N/A,north indian,,24108,7956.155999999999,2798,573.5792181454884
Sep-2026,Ahmedabad,22337515,N/A,na,,36393,0.0,8198,0.0
Sep-2026,Ahmedabad,22338328,N/A,north indian,,7488,1471.568,2183,184.05494073384696
Sep-2026,Ahmedabad,22338385,N/A,north indian,,42915,25493.413,6909,3553.920255888642
Sep-2026,Ahmedabad,22338640,N/A,north indian,,2459,5231.318,98,-8.516615268149167
Sep-2026,Ahmedabad,22338705,N/A,south indian,,1906,3347.1099999999997,382,280.8860035256526
Sep-2026,Ahmedabad,22338943,N/A,north indian,,24509,16846.484,1948,1314.2930601834846
Sep-2026,Ahmedabad,22339336,N/A,south indian,,40384,87610.662,7842,26399.08407391503
Sep-2026,Ahmedabad,22339494,N/A,north indian,,2482,0.0,366,0.0
Sep-2026,Ahmedabad,22339529,N/A,south indian,,675182,245215.68,138871,42629.3010385582
Sep-2026,Ahmedabad,22340073,N/A,north indian,,34932,36487.10799999999,5124,4785.004321891585
Sep-2026,Ahmedabad,22340779,N/A,street food,,0,121.638,0,21.053292875847553
Sep-2026,Ahmedabad,22341082,N/A,ice cream,,12724,15291.089000000002,2495,3497.38562410121
Sep-2026,Ahmedabad,22341323,N/A,street food,,4161,3426.812,665,562.2936673393382
Sep-2026,Ahmedabad,22341714,N/A,"wraps, rolls and sandwiches",,7188,11026.192000000001,1415,2050.0498290827945
Sep-2026,Ahmedabad,22342097,N/A,street food,,0,784.6439999999999,0,184.3342092754633
Sep-2026,Ahmedabad,22342191,N/A,north indian,,0,1164.8960000000002,0,223.10264490468228
Sep-2026,Ahmedabad,22342236,N/A,desserts,,0,3929.532,0,731.290640904216
Sep-2026,Ahmedabad,22343387,N/A,chinese,,26274,20104.476,4498,3221.2920698516896
Sep-2026,Ahmedabad,22343487,N/A,north indian,,1204,868.2959999999999,53,-101.29573013716139
Sep-2026,Ahmedabad,22343506,N/A,street food,,4502,1384.6260000000002,-177,58.818386736396846
Sep-2026,Ahmedabad,22343847,N/A,na,,187,0.0,28,0.0
Sep-2026,Ahmedabad,22344008,N/A,na,,622,0.0,89,0.0
Sep-2026,Ahmedabad,22345444,N/A,chinese,,4815,9743.248000000001,459,1260.626895177985
Sep-2026,Ahmedabad,22345684,N/A,beverages,,3854,4435.103999999999,233,196.39220015439358
Sep-2026,Ahmedabad,22346042,N/A,north indian,,4354,8967.42,231,643.6718976533108
Sep-2026,Ahmedabad,22346156,N/A,street food,,2247,3372.582,-605,333.2560567742093
Sep-2026,Ahmedabad,22346171,N/A,north indian,,4322,12963.224,781,2519.7764163564616
Sep-2026,Ahmedabad,22347011,N/A,street food,,38886,48047.425,13174,14193.567977235025
Sep-2026,Ahmedabad,22347723,N/A,na,,1713,0.0,-194,0.0
Sep-2026,Ahmedabad,22347817,N/A,beverages,,0,378.69,0,1.9792880816011262
Sep-2026,Ahmedabad,22347879,N/A,north indian,,3973,3584.692,780,373.43326962650235
Sep-2026,Ahmedabad,22349299,N/A,north indian,,37162,5120.466000000001,8421,36.110401545610955
Sep-2026,Ahmedabad,22349336,N/A,pizza,,3406,2114.47,765,425.2181256153109
Sep-2026,Ahmedabad,22349607,N/A,north indian,,0,983.2439999999999,0,199.58853379436465
Sep-2026,Ahmedabad,22350997,N/A,north indian,,25262,38518.792,3101,6021.463466589079
Sep-2026,Ahmedabad,22351051,N/A,chinese,,6592,440.622,626,94.49571004420365
Sep-2026,Ahmedabad,22351118,N/A,"wraps, rolls and sandwiches",,50795,21454.583999999995,8979,2649.988925660455
Sep-2026,Ahmedabad,22351266,N/A,cakes,,10514,7601.51,1262,1152.1614260218116
Sep-2026,Ahmedabad,22351607,N/A,na,,3894,0.0,606,0.0
Sep-2026,Ahmedabad,22352220,N/A,north indian,,803,0.0,48,0.0
Sep-2026,Ahmedabad,22352300,N/A,north indian,,3290,464.138,511,26.35900111014439
Sep-2026,Ahmedabad,22353065,N/A,south indian,,0,1238.284,0,278.89671483845007
Sep-2026,Ahmedabad,22353183,N/A,chinese,,0,111.66800000000003,0,50.410499920465696
Sep-2026,Ahmedabad,22353386,N/A,north indian,,86,0.0,0,0.0
Sep-2026,Ahmedabad,22353837,N/A,beverages,,2110,444.998,455,124.41165929808311
Sep-2026,Ahmedabad,22354051,N/A,north indian,,667,0.0,-53,0.0
Sep-2026,Ahmedabad,22354137,N/A,north indian,,55439,20150.362,10264,4158.96472536365
Sep-2026,Ahmedabad,22354346,N/A,na,,40285,0.0,9236,0.0
Sep-2026,Ahmedabad,22354754,N/A,street food,,428,0.0,-58,0.0
Sep-2026,Ahmedabad,22354845,N/A,mithai,,33345,49596.719,5115,6941.355557268376
Sep-2026,Ahmedabad,22355166,N/A,street food,,277,0.0,58,0.0
Sep-2026,Ahmedabad,22355324,N/A,north indian,,31915,6797.628000000001,4558,786.181897854057
Sep-2026,Ahmedabad,22355914,N/A,north indian,,53074,29607.15,11785,4795.294794532357
Sep-2026,Ahmedabad,22356002,N/A,"wraps, rolls and sandwiches",,3088,1463.4759999999997,453,381.4449787904706
Sep-2026,Ahmedabad,22356183,N/A,na,,4371,0.0,947,0.0
Sep-2026,Ahmedabad,22356938,N/A,desserts,,3099,352.27599999999995,936,69.32585501028778
Sep-2026,Ahmedabad,22357477,N/A,na,,615,0.0,103,0.0
Sep-2026,Ahmedabad,22357749,N/A,na,,40369,0.0,7755,0.0
Sep-2026,Ahmedabad,22358435,N/A,street food,,1923,1749.0840000000003,-99,50.50136114637834
Sep-2026,Ahmedabad,22358608,N/A,north indian,,189,0.0,39,0.0
Sep-2026,Ahmedabad,22359131,N/A,chinese,,26693,10941.7,4218,583.2806584186717
Sep-2026,Ahmedabad,22359185,N/A,street food,,878,1242.94,-184,128.06776938526966
Sep-2026,Ahmedabad,22359242,N/A,north indian,,75970,65450.247,12595,9640.312029570769
Sep-2026,Ahmedabad,22359254,N/A,south indian,,38715,39390.393000000004,8768,11339.054342256035
Sep-2026,Ahmedabad,22359901,N/A,street food,,2831,6829.978000000001,477,1526.1064616444291
Sep-2026,Ahmedabad,22360642,N/A,street food,,5525,4835.509999999999,809,587.2818433660659
Sep-2026,Ahmedabad,22360803,N/A,north indian,,24684,7251.704,7866,1576.8177488251583
Sep-2026,Ahmedabad,22362226,N/A,beverages,,16120,2683.1940000000004,2930,252.37391533755866
Sep-2026,Ahmedabad,22362425,N/A,desserts,,9212,14323.431999999999,1755,547.5461776487
Sep-2026,Ahmedabad,22363281,N/A,south indian,,2933,4477.388,527,990.9552547490811
Sep-2026,Ahmedabad,22363336,N/A,north indian,,15510,34308.712,4283,7801.040080454854
Sep-2026,Ahmedabad,22364549,N/A,street food,,0,3415.96,0,436.4891815627945
Sep-2026,Ahmedabad,22366434,N/A,south indian,,464,0.0,94,0.0
Sep-2026,Ahmedabad,22366950,N/A,north indian,,5135,1921.556,633,-21.594753416192624
Sep-2026,Ahmedabad,22368007,N/A,beverages,,3412,4456.912,630,739.3562823118612
Sep-2026,Ahmedabad,22368438,N/A,biryani,,5495,9847.785999999998,919,546.0350946577253
Sep-2026,Ahmedabad,22368483,N/A,cakes,,812,814.6800000000001,197,109.08921487245333
Sep-2026,Ahmedabad,22369901,N/A,north indian,,26678,0.0,7449,0.0
Sep-2026,Ahmedabad,22372054,N/A,street food,,10720,10964.248000000001,2364,3280.601934453757
Sep-2026,Ahmedabad,22372534,N/A,chinese,,816,0.0,203,0.0
Sep-2026,Ahmedabad,22372829,N/A,south indian,,21969,25059.863999999994,4972,5588.542286890841
Sep-2026,Ahmedabad,22373345,N/A,burger,,34913,1717.0339999999999,6997,261.6765772928511
Sep-2026,Ahmedabad,22373676,N/A,na,,477,0.0,0,0.0
Sep-2026,Ahmedabad,22374039,N/A,burger,,1974,1324.9440000000002,0,37.68588088895625
Sep-2026,Ahmedabad,22375127,N/A,north indian,,19972,26669.671999999995,5409,7456.035517661114
Sep-2026,Ahmedabad,22375215,N/A,pizza,,75,396.55800000000005,27,83.55365929808312
Sep-2026,Ahmedabad,22376290,N/A,na,,128,0.0,-5,0.0
Sep-2026,Ahmedabad,22376600,N/A,pizza,,373,0.0,58,0.0
Sep-2026,Ahmedabad,22376644,N/A,north indian,,0,7278.401999999999,0,1233.222264841263
Sep-2026,Ahmedabad,22377558,N/A,na,,2744,0.0,1081,0.0
Sep-2026,Ahmedabad,22378452,N/A,na,,5415,0.0,45,0.0
Sep-2026,Ahmedabad,22378469,N/A,desserts,,3234,8191.154999999999,430,860.6051757205316
Sep-2026,Ahmedabad,22379978,N/A,north indian,,8246,7480.4039999999995,1751,1574.432744182804
Sep-2026,Ahmedabad,22380199,N/A,"wraps, rolls and sandwiches",,10570,3324.44,2890,783.2251679027574
Sep-2026,Ahmedabad,22380363,N/A,north indian,,80033,16080.760000000002,20757,6321.205297670655
Sep-2026,Ahmedabad,22380473,N/A,south indian,,30307,29664.337999999996,7519,7249.336048529138
Sep-2026,Ahmedabad,22381095,N/A,street food,,11730,12687.561999999998,1099,1524.1031458885764
Sep-2026,Ahmedabad,22381403,N/A,north indian,,45949,7458.847999999999,13780,1333.5752949940393
Sep-2026,Ahmedabad,22381796,N/A,na,,8853,0.0,2718,0.0
Sep-2026,Ahmedabad,22381983,N/A,north indian,,161679,13552.278,59789,2929.217047048875
Sep-2026,Ahmedabad,22382897,N/A,"wraps, rolls and sandwiches",,174,0.0,34,0.0
Sep-2026,Ahmedabad,22383652,N/A,chinese,,30695,7143.174000000001,9108,398.10747916859214
Sep-2026,Ahmedabad,22384667,N/A,north indian,,86796,117907.373,20779,30746.823691321828
Sep-2026,Ahmedabad,22385411,N/A,north indian,,51774,38842.971999999994,8895,6319.949768320723
Sep-2026,Ahmedabad,22385878,N/A,na,,1267,0.0,-52,0.0
Sep-2026,Ahmedabad,22385953,N/A,na,,3495,0.0,478,0.0
Sep-2026,Ahmedabad,22386554,N/A,na,,1613,0.0,279,0.0
Sep-2026,Ahmedabad,22386996,N/A,north indian,,37101,21883.174,6123,4595.8745176724415
Sep-2026,Ahmedabad,22387140,N/A,na,,7552,0.0,1220,0.0
Sep-2026,Ahmedabad,22388502,N/A,street food,,140968,92637.473,5738,2333.388729361919
Sep-2026,Ahmedabad,22388677,N/A,north indian,,57394,41581.824,15469,8865.7844955944
Sep-2026,Ahmedabad,22389736,N/A,street food,,1214,3597.0080000000003,197,578.1129901834365
Sep-2026,Ahmedabad,22389888,N/A,burger,,38476,5425.274,7931,711.3985494919676
Sep-2026,Ahmedabad,22390318,N/A,desserts,,24095,38154.240000000005,5431,9968.598399461502
Sep-2026,Ahmedabad,22391175,N/A,na,,293,0.0,-27,0.0
Sep-2026,Ahmedabad,22391320,N/A,chinese,,258,580.326,0,110.04534261659424
Sep-2026,Ahmedabad,22391345,N/A,street food,,1515,489.19399999999996,240,100.8123831834371
Sep-2026,Ahmedabad,22391508,N/A,street food,,12354,9355.313999999998,2131,1895.7177558307758
Sep-2026,Ahmedabad,22391911,N/A,street food,,25511,13345.078000000003,3864,1800.4515658738762
Sep-2026,Ahmedabad,22391944,N/A,south indian,,0,819.684,0,264.11480961296485
Sep-2026,Ahmedabad,22392270,N/A,north indian,,1807,802.688,317,148.39329287584755
Sep-2026,Ahmedabad,22392563,N/A,na,,556,0.0,48,0.0
Sep-2026,Ahmedabad,22393506,N/A,beverages,,18543,3802.636,2964,843.5809183903821
Sep-2026,Ahmedabad,22393753,N/A,north indian,,9822,0.0,670,0.0
Sep-2026,Ahmedabad,22394111,N/A,na,,744,0.0,96,0.0
Sep-2026,Ahmedabad,22394474,N/A,north indian,,4704,5023.561999999999,992,196.89135281615117
Sep-2026,Ahmedabad,22394768,N/A,north indian,,41482,4794.1,11442,1077.3019887706457
Sep-2026,Ahmedabad,22395390,N/A,burger,,0,233.258,0,29.4620497407467
Sep-2026,Ahmedabad,22396328,N/A,beverages,,2127,1283.7000000000003,97,85.14288226681867
Sep-2026,Ahmedabad,22396636,N/A,na,,168,0.0,29,0.0
Sep-2026,Ahmedabad,22396690,N/A,street food,,0,259.93600000000004,0,32.715947802031174
Sep-2026,Ahmedabad,22398545,N/A,street food,,34052,28061.342999999997,5734,5981.426503924097
Sep-2026,Ahmedabad,22398692,N/A,north indian,,0,207.40800000000002,0,31.346060543301526
Sep-2026,Ahmedabad,22398961,N/A,na,,2837,0.0,524,0.0
Sep-2026,Ahmedabad,22399331,N/A,na,,1039,0.0,206,0.0
Sep-2026,Ahmedabad,22399643,N/A,street food,,20035,80904.91700000002,5344,22490.281716698843
Sep-2026,Ahmedabad,22399650,N/A,na,,241,0.0,25,0.0
Sep-2026,Ahmedabad,22399854,N/A,na,,360,0.0,111,0.0
Sep-2026,Ahmedabad,22399881,N/A,north indian,,49757,0.0,9645,0.0
Sep-2026,Ahmedabad,22400289,N/A,north indian,,109916,51204.984,16830,7006.284504241047
Sep-2026,Ahmedabad,22400700,N/A,na,,155,0.0,0,0.0
Sep-2026,Ahmedabad,22400985,N/A,pizza,,1589,3126.0960000000005,312,824.1865077192675
Sep-2026,Ahmedabad,22402127,N/A,street food,,1197,2212.644,158,278.55278090575206
Sep-2026,Ahmedabad,22402390,N/A,street food,,0,378.56399999999996,0,-24.298785209510378
Sep-2026,Ahmedabad,22402421,N/A,"wraps, rolls and sandwiches",,959,0.0,46,0.0
Sep-2026,Ahmedabad,22403402,N/A,cakes,,34550,17394.368,10563,3124.3992473068993
Sep-2026,Ahmedabad,22403436,N/A,chinese,,39036,30846.677999999993,3375,4085.952193520927
Sep-2026,Ahmedabad,22403683,N/A,north indian,,39953,15957.556,5924,2511.395111248746
Sep-2026,Ahmedabad,22404179,N/A,burger,,31772,22809.546,3787,1177.1947839835545
Sep-2026,Ahmedabad,22404189,N/A,na,,2301,0.0,467,0.0
Sep-2026,Ahmedabad,22404449,N/A,street food,,29860,88281.59199999999,5422,29115.992381600186
Sep-2026,Ahmedabad,22404914,N/A,na,,12169,0.0,1415,0.0
Sep-2026,Ahmedabad,22406084,N/A,street food,,3824,4375.522,400,894.844723635538
Sep-2026,Ahmedabad,22406166,N/A,chinese,,25199,29660.076,5097,5276.742335273608
Sep-2026,Ahmedabad,22406368,N/A,na,,221,0.0,43,0.0
Sep-2026,Ahmedabad,22406383,N/A,north indian,,12127,7782.146,1533,1240.5986391787233
Sep-2026,Ahmedabad,22407138,N/A,chinese,,6011,60720.588,834,17324.622945291652
Sep-2026,Ahmedabad,22407732,N/A,na,,54031,0.0,16674,0.0
Sep-2026,Ahmedabad,22408874,N/A,na,,2044,0.0,379,0.0
Sep-2026,Ahmedabad,22408940,N/A,na,,24034,0.0,4096,0.0
Sep-2026,Ahmedabad,22409670,N/A,cakes,,9481,3606.396,2303,622.8206621434667
Sep-2026,Ahmedabad,22410157,N/A,"wraps, rolls and sandwiches",,26623,43191.353,5271,10077.506714260577
Sep-2026,Ahmedabad,22410359,N/A,"wraps, rolls and sandwiches",,845,16890.37,203,4927.895365833363
Sep-2026,Ahmedabad,22410443,N/A,burger,,1090,0.0,400,0.0
Sep-2026,Ahmedabad,22410708,N/A,north indian,,90814,39751.587999999996,20550,9306.621080486117
Sep-2026,Ahmedabad,22411028,N/A,na,,20247,0.0,4002,0.0
Sep-2026,Ahmedabad,22411470,N/A,na,,1580,0.0,193,0.0
Sep-2026,Ahmedabad,22411602,N/A,pizza,,4439,4293.492,357,1326.7938545704192
Sep-2026,Ahmedabad,22411646,N/A,pizza,,4282,5360.302000000001,268,-305.2675953954424
Sep-2026,Ahmedabad,22411864,N/A,chinese,,137562,76251.966,35795,16803.211987114737
Sep-2026,Ahmedabad,22411925,N/A,"wraps, rolls and sandwiches",,5663,743.9740000000002,1274,-69.10859645464606
Sep-2026,Ahmedabad,22412359,N/A,north indian,,65123,14691.179,14183,1378.1977285857954
Sep-2026,Ahmedabad,22412397,N/A,north indian,,4704,1363.876,314,-104.94221452445049
Sep-2026,Ahmedabad,22414044,N/A,north indian,,3604,16906.406,963,5636.072596988838
Sep-2026,Ahmedabad,22414059,N/A,north indian,,1999,2341.5379999999996,387,508.9662473274609
Sep-2026,Ahmedabad,22414531,N/A,street food,,0,784.194,0,193.71592471513276
Sep-2026,Ahmedabad,22414541,N/A,na,,579,0.0,24,0.0
Sep-2026,Ahmedabad,22414835,N/A,street food,,51394,44174.79,8978,7707.901193807278
Sep-2026,Ahmedabad,22414881,N/A,street food,,670,2854.736,150,655.495044840906
Sep-2026,Ahmedabad,22415293,N/A,north indian,,40789,83777.125,8770,18105.54925645891
Sep-2026,Ahmedabad,22415766,N/A,desserts,,262,0.0,40,0.0
Sep-2026,Ahmedabad,22415832,N/A,cakes,,18135,9816.228,2960,1148.8473338503327
Sep-2026,Ahmedabad,22417503,N/A,na,,4267,0.0,1186,0.0
Sep-2026,Ahmedabad,22417645,N/A,street food,,26025,18183.298,5517,4104.367413470598
Sep-2026,Ahmedabad,22417989,N/A,chinese,,36712,48869.909,5402,6648.752735406016
Sep-2026,Ahmedabad,22418389,N/A,north indian,,29397,16210.194,6468,3643.792703637344
Sep-2026,Ahmedabad,22418427,N/A,pizza,,2003,0.0,209,0.0
Sep-2026,Ahmedabad,22418602,N/A,international,,683,1674.8579999999997,-15,211.45613782970128
Sep-2026,Ahmedabad,22418820,N/A,north indian,,111,139.13799999999998,1,52.794809606059644
Sep-2026,Ahmedabad,22419631,N/A,"wraps, rolls and sandwiches",,3360,639.674,631,86.09237153769092
Sep-2026,Ahmedabad,22419799,N/A,north indian,,34043,32715.770000000004,4133,4735.197175628896
Sep-2026,Ahmedabad,22419808,N/A,street food,,37906,12751.442000000003,4565,2016.19944905999
Sep-2026,Ahmedabad,22419941,N/A,na,,1576,0.0,266,0.0
Sep-2026,Ahmedabad,22420424,N/A,north indian,,282,0.0,64,0.0
Sep-2026,Ahmedabad,22420436,N/A,north indian,,71682,44446.02799999999,23293,14543.410772827148
Sep-2026,Ahmedabad,22420438,N/A,na,,68,0.0,0,0.0
Sep-2026,Ahmedabad,22420522,N/A,street food,,1841,1766.7139999999997,304,424.3459747494153
Sep-2026,Ahmedabad,22422243,N/A,desserts,,622,1095.42,121,180.23024025078442
Sep-2026,Ahmedabad,22422433,N/A,biryani,,19266,5023.578,5596,1001.3639283463214
Sep-2026,Ahmedabad,22422568,N/A,north indian,,0,5473.4270000000015,0,2787.682215525139
Sep-2026,Ahmedabad,22422574,N/A,street food,,16906,9103.884,3450,1848.316691428361
Sep-2026,Ahmedabad,22425046,N/A,na,,0,143.582,0,31.326826133817463
Sep-2026,Ahmedabad,22425884,N/A,na,,4332,0.0,1099,0.0
Sep-2026,Ahmedabad,22426182,N/A,na,,973,0.0,141,0.0
Sep-2026,Ahmedabad,22426290,N/A,mithai,,453,0.0,155,0.0
Sep-2026,Ahmedabad,22426531,N/A,international,,38917,46760.89200000001,7515,10277.42731908127
Sep-2026,Ahmedabad,22426653,N/A,north indian,,17014,65297.072,681,-3127.337992245507
Sep-2026,Ahmedabad,22427349,N/A,street food,,366,9564.568,-24,950.2993975955824
Sep-2026,Ahmedabad,22427424,N/A,ice cream,,5473,12399.815999999999,1063,950.1319206952606
Sep-2026,Ahmedabad,22427559,N/A,desserts,,5289,0.0,1158,0.0
Sep-2026,Ahmedabad,22427586,N/A,desserts,,7606,0.0,1389,0.0
Sep-2026,Ahmedabad,22428643,N/A,ice cream,,927,0.0,-49,0.0
Sep-2026,Ahmedabad,22428645,N/A,ice cream,,1015,0.0,78,0.0
Sep-2026,Ahmedabad,22428765,N/A,ice cream,,8429,15570.308,1299,3107.4405450429667
Sep-2026,Ahmedabad,22429231,N/A,chinese,,34473,31365.739999999998,10314,6880.722696762961
Sep-2026,Ahmedabad,22429350,N/A,north indian,,12569,16595.309999999998,1954,3066.4135431827735
Sep-2026,Ahmedabad,22429358,N/A,north indian,,122153,42755.326,27005,5892.96412003447
Sep-2026,Ahmedabad,22429988,N/A,north indian,,113741,37181.498,41910,12351.74216850563
Sep-2026,Ahmedabad,22430476,N/A,na,,115,0.0,23,0.0
Sep-2026,Ahmedabad,22430582,N/A,north indian,,5475,2812.3140000000003,1015,618.1510967970246
Sep-2026,Ahmedabad,22430944,N/A,na,,3722,0.0,849,0.0
Sep-2026,Ahmedabad,22431192,N/A,pizza,,0,1791.0320000000002,0,181.4672967227716
Sep-2026,Ahmedabad,22431305,N/A,north indian,,3543,0.0,1077,0.0
Sep-2026,Ahmedabad,22431903,N/A,north indian,,110213,53772.45500000001,23438,9677.717178492629
Sep-2026,Ahmedabad,22432224,N/A,"wraps, rolls and sandwiches",,1512,1417.467,270,113.3705487346301
Sep-2026,Ahmedabad,22432837,N/A,international,,141176,169671.212,43175,52117.68713090241
Sep-2026,Ahmedabad,22433066,N/A,street food,,151,5308.508000000001,-36,856.437851615148
Sep-2026,Ahmedabad,22433529,N/A,street food,,76893,63005.558,10538,9506.938501567469
Sep-2026,Ahmedabad,22434967,N/A,na,,14529,0.0,3217,0.0
Sep-2026,Ahmedabad,22435057,N/A,north indian,,6149,21931.692000000003,1083,6974.757707002182
Sep-2026,Ahmedabad,22435332,N/A,desserts,,0,1837.334,0,399.732240116322
Sep-2026,Ahmedabad,22435370,N/A,desserts,,1194,0.0,245,0.0
Sep-2026,Ahmedabad,22436226,N/A,street food,,9642,882.358,2129,0.132689962572184
Sep-2026,Ahmedabad,22436559,N/A,na,,6000,0.0,1944,0.0
Sep-2026,Ahmedabad,22436752,N/A,north indian,,15898,0.0,4009,0.0
Sep-2026,Ahmedabad,22438319,N/A,na,,2679,0.0,587,0.0
Sep-2026,Ahmedabad,22438811,N/A,north indian,,13246,4057.708,1294,353.18525404169105
Sep-2026,Ahmedabad,22439323,N/A,ice cream,,3213,843.516,779,117.73209753502658
Sep-2026,Ahmedabad,22439595,N/A,south indian,,8567,66401.412,1469,13998.188661195503
Sep-2026,Ahmedabad,22441654,N/A,north indian,,125447,68161.892,22950,16976.22192758732
Sep-2026,Ahmedabad,22441863,N/A,north indian,,1314,9515.812,182,2342.129916840623
Sep-2026,Ahmedabad,22441989,N/A,ice cream,,8549,21050.528,705,3032.766345377342
Sep-2026,Ahmedabad,22442156,N/A,na,,252,0.0,23,0.0
Sep-2026,Ahmedabad,22442202,N/A,street food,,8384,19011.048,1177,3840.901853092316
Sep-2026,Ahmedabad,22443252,N/A,burger,,1240,0.0,334,0.0
Sep-2026,Ahmedabad,22443656,N/A,north indian,,79467,25356.525999999998,23972,6037.063692765958
Sep-2026,Ahmedabad,22443980,N/A,south indian,,80743,4426.3679999999995,24609,934.7639785071694
Sep-2026,Ahmedabad,22444583,N/A,street food,,60310,38072.189999999995,17966,9732.280066813992
Sep-2026,Ahmedabad,22444639,N/A,mithai,,1235,935.888,275,126.22421535221112
Sep-2026,Ahmedabad,22444689,N/A,beverages,,7729,4564.468,980,330.5434007769532
Sep-2026,Ahmedabad,22444730,N/A,north indian,,1373,3810.2240000000006,339,931.3726567864746
Sep-2026,Ahmedabad,22444882,N/A,north indian,,74921,0.0,13919,0.0
Sep-2026,Ahmedabad,22445554,N/A,street food,,3144,7023.1,661,803.300652550848
Sep-2026,Ahmedabad,22446084,N/A,north indian,,365,763.85,18,-10.862682971852385
Sep-2026,Ahmedabad,22446390,N/A,street food,,741,0.0,143,0.0
Sep-2026,Ahmedabad,22446609,N/A,ice cream,,0,9468.242,0,1948.5312192011047
Sep-2026,Ahmedabad,22446706,N/A,street food,,138698,15035.383999999998,30979,2861.4365270301814
Sep-2026,Ahmedabad,22447313,N/A,na,,12190,0.0,2664,0.0
Sep-2026,Ahmedabad,22447696,N/A,north indian,,191985,95887.61,41420,16728.844119391008
Sep-2026,Ahmedabad,22447716,N/A,"wraps, rolls and sandwiches",,24643,30612.692,6220,7943.468758271684
Sep-2026,Ahmedabad,22448283,N/A,beverages,,19243,14332.002,3225,3190.8976418686466
Sep-2026,Ahmedabad,22448437,N/A,na,,2964,0.0,308,0.0
Sep-2026,Ahmedabad,22450143,N/A,street food,,3499,1710.8199999999997,731,291.86661814142866
Sep-2026,Ahmedabad,22451261,N/A,north indian,,361,371.026,29,74.9144343991198
Sep-2026,Ahmedabad,22451836,N/A,burger,,10870,13937.892000000002,2181,2974.321135407956
Sep-2026,Ahmedabad,22452079,N/A,north indian,,3263,4480.7919999999995,343,11.940408314199217
Sep-2026,Ahmedabad,22452471,N/A,mithai,,46412,85454.59500000002,9742,16366.336628201037
Sep-2026,Ahmedabad,22452516,N/A,street food,,0,739.404,0,168.650438595275
Sep-2026,Ahmedabad,22452613,N/A,north indian,,56070,29350.081,13648,8091.49056036466
Sep-2026,Ahmedabad,22453081,N/A,street food,,9057,15087.008,1207,2456.3461362869075
Sep-2026,Ahmedabad,22453466,N/A,north indian,,39648,17354.702,6142,1615.2178839300732
Sep-2026,Ahmedabad,22453937,N/A,na,,587,0.0,140,0.0
Sep-2026,Ahmedabad,22454117,N/A,north indian,,924,1379.781,194,167.87535821821422
Sep-2026,Ahmedabad,22454170,N/A,north indian,,113829,106122.30299999999,18311,23750.214943922176
Sep-2026,Ahmedabad,22455410,N/A,"wraps, rolls and sandwiches",,1214,392.002,65,0.10662249819005581
Sep-2026,Ahmedabad,22456359,N/A,north indian,,74099,19101.97,7655,1734.4318035428848
Sep-2026,Ahmedabad,22456400,N/A,na,,691,0.0,156,0.0
Sep-2026,Ahmedabad,22459152,N/A,north indian,,2272,0.0,308,0.0
Sep-2026,Ahmedabad,22459248,N/A,pizza,,138,0.0,47,0.0
Sep-2026,Ahmedabad,22459266,N/A,north indian,,191,787.5260000000001,33,133.21029030758956
Sep-2026,Ahmedabad,22459539,N/A,street food,,17201,37453.506,1407,8382.388186233868
Sep-2026,Ahmedabad,22459670,N/A,pizza,,3445,0.0,1372,0.0
Sep-2026,Ahmedabad,22459767,N/A,na,,307,0.0,42,0.0
Sep-2026,Ahmedabad,22459908,N/A,chinese,,83501,111052.10800000001,20822,29653.74941547164
Sep-2026,Ahmedabad,22459941,N/A,na,,287,0.0,58,0.0
Sep-2026,Ahmedabad,22459970,N/A,pizza,,27573,21472.309999999998,6721,5092.9762241718945
Sep-2026,Ahmedabad,22460032,N/A,north indian,,148,0.0,28,0.0
Sep-2026,Ahmedabad,22460092,N/A,south indian,,11105,17071.58,1570,1748.4659218073625
Sep-2026,Ahmedabad,22460357,N/A,north indian,,757,2524.074,210,584.7014942272085
Sep-2026,Ahmedabad,22461546,N/A,na,,50252,0.0,6878,0.0
Sep-2026,Ahmedabad,22461709,N/A,beverages,,8811,7576.596,2187,1829.860130339118
Sep-2026,Ahmedabad,22462140,N/A,na,,1341,0.0,299,0.0
Sep-2026,Ahmedabad,22462177,N/A,na,,666,0.0,118,0.0
Sep-2026,Ahmedabad,22462266,N/A,na,,10591,0.0,1622,0.0
Sep-2026,Ahmedabad,22462456,N/A,na,,878,0.0,224,0.0
Sep-2026,Ahmedabad,22462613,N/A,north indian,,28970,72822.89,6375,24626.5171134545
Sep-2026,Ahmedabad,22462707,N/A,north indian,,50981,29066.816000000006,11930,7427.727214897922
Sep-2026,Ahmedabad,22462802,N/A,burger,,11530,3038.3779999999997,3722,670.1899187257279
Sep-2026,Ahmedabad,22463236,N/A,na,,934,0.0,289,0.0
Sep-2026,Ahmedabad,22463365,N/A,street food,,8010,4305.992,1643,790.765687312644
Sep-2026,Ahmedabad,22464157,N/A,na,,7293,0.0,2271,0.0
Sep-2026,Ahmedabad,22464238,N/A,burger,,6569,17893.085,859,2359.857471194921
Sep-2026,Ahmedabad,22464770,N/A,desserts,,43304,14920.008,8332,2084.961373302352
Sep-2026,Ahmedabad,22465502,N/A,na,,5622,0.0,517,0.0
Sep-2026,Ahmedabad,22466695,N/A,north indian,,82691,15775.08,28717,4330.327911715174
Sep-2026,Ahmedabad,22467164,N/A,international,,0,6400.663999999999,0,1836.5925034243157
Sep-2026,Ahmedabad,22468034,N/A,north indian,,71725,14510.87,9820,1206.0049080460462
Sep-2026,Ahmedabad,22468861,N/A,north indian,,0,1416.068,0,421.351606072196
Sep-2026,Ahmedabad,22469011,N/A,street food,,12623,6870.026000000001,2372,855.6407138541609
Sep-2026,Ahmedabad,22469621,N/A,"wraps, rolls and sandwiches",,17461,0.0,5477,0.0
Sep-2026,Ahmedabad,22469725,N/A,"wraps, rolls and sandwiches",,38593,0.0,13716,0.0
Sep-2026,Ahmedabad,22469817,N/A,north indian,,160,0.0,0,0.0
Sep-2026,Ahmedabad,22470888,N/A,chinese,,1981,100.63799999999998,413,16.787660543301524
Sep-2026,Ahmedabad,22471020,N/A,north indian,,7428,81.02300000000001,723,38.421614092285985
Sep-2026,Ahmedabad,22471854,N/A,na,,4156,0.0,597,0.0
Sep-2026,Ahmedabad,22471972,N/A,international,,2039,4656.9619999999995,499,1681.1258321439818
Sep-2026,Ahmedabad,22472938,N/A,"wraps, rolls and sandwiches",,70279,11045.601999999999,21734,2524.8084166311364
Sep-2026,Ahmedabad,22474646,N/A,"wraps, rolls and sandwiches",,845,201.332,147,55.92260078016733
Sep-2026,Ahmedabad,22474833,N/A,street food,,1263,3654.406,306,830.8375015824249
Sep-2026,Ahmedabad,22476358,N/A,na,,205,0.0,37,0.0
Sep-2026,Ahmedabad,22476647,N/A,north indian,,0,7243.4439999999995,0,1423.3974843718845
Sep-2026,Ahmedabad,22476985,N/A,north indian,,57891,25915.237000000005,6681,3325.5969390024206
Sep-2026,Ahmedabad,22477043,N/A,na,,892,0.0,165,0.0
Sep-2026,Ahmedabad,22477419,N/A,biryani,,167456,58912.888,34567,12308.927493138122
Sep-2026,Ahmedabad,22478065,N/A,north indian,,3730,4707.181999999999,287,39.02350784951241
Sep-2026,Ahmedabad,22478066,N/A,burger,,2950,0.0,147,0.0
Sep-2026,Ahmedabad,22478367,N/A,north indian,,78546,24587.361999999997,16905,5679.813702932623
Sep-2026,Ahmedabad,22478834,N/A,na,,6922,0.0,617,0.0
Sep-2026,Ahmedabad,22479706,N/A,street food,,4712,2080.062,721,198.94120317780383
Sep-2026,Ahmedabad,22480014,N/A,street food,,504,217.188,87,40.2620497407467
Sep-2026,Ahmedabad,22482853,N/A,na,,267,0.0,31,0.0
Sep-2026,Ahmedabad,22483135,N/A,international,,9367,19671.05,808,1915.8050355716682
Sep-2026,Ahmedabad,22484219,N/A,north indian,,1465,3986.2639999999997,376,716.0015193692004
Sep-2026,Ahmedabad,22484919,N/A,north indian,,6559,6562.550000000001,1474,1144.1489793346761
Sep-2026,Ahmedabad,22484999,N/A,street food,,18556,5068.242,3668,481.16977074101555
Sep-2026,Ahmedabad,22485536,N/A,cakes,,15946,9325.318,3189,1646.984778964198
Sep-2026,Ahmedabad,22486105,N/A,beverages,,139,167.83800000000002,20,30.3120497407467
Sep-2026,Ahmedabad,22486191,N/A,"wraps, rolls and sandwiches",,4378,8866.072,671,3457.634463581672
Sep-2026,Ahmedabad,22486604,N/A,ice cream,,398,287.27,102,62.755843678750935
Sep-2026,Ahmedabad,22486851,N/A,na,,6931,0.0,1523,0.0
Sep-2026,Ahmedabad,22486945,N/A,"wraps, rolls and sandwiches",,5354,10524.262,885,1101.9554554700087
Sep-2026,Ahmedabad,22487852,N/A,"wraps, rolls and sandwiches",,853,0.0,43,0.0
Sep-2026,Ahmedabad,22488160,N/A,beverages,,26496,32697.329999999994,4183,5653.625742193812
Sep-2026,Ahmedabad,22488427,N/A,"wraps, rolls and sandwiches",,0,2943.5480000000002,0,781.6637310772192
Sep-2026,Ahmedabad,22488504,N/A,street food,,8060,473.664,2470,127.21619041150717
Sep-2026,Ahmedabad,22488665,N/A,north indian,,46078,269.688,15277,0.08805133849092027
Sep-2026,Ahmedabad,22489172,N/A,desserts,,11043,9157.062,2881,2009.463504018412
Sep-2026,Ahmedabad,22489256,N/A,na,,7456,0.0,806,0.0
Sep-2026,Ahmedabad,22489488,N/A,chinese,,2530,844.3280000000001,900,103.91075508982206
Sep-2026,Ahmedabad,22489890,N/A,north indian,,0,16403.668,0,3911.9869177720093
Sep-2026,Ahmedabad,22490092,N/A,north indian,,0,2758.378,0,677.8399733181367
Sep-2026,Ahmedabad,22490170,N/A,pizza,,25754,6870.64,7193,1218.8988146118643
Sep-2026,Ahmedabad,22491019,N/A,street food,,2504,4837.512,337,763.9183701040562
Sep-2026,Ahmedabad,22492242,N/A,beverages,,1635,889.304,83,11.878122129315319
Sep-2026,Ahmedabad,22492599,N/A,south indian,,16143,25651.186,3320,6992.057903042906
Sep-2026,Ahmedabad,22493060,N/A,na,,478,0.0,26,0.0
Sep-2026,Ahmedabad,22493130,N/A,street food,,11934,15824.784,2213,1862.0875514624224
Sep-2026,Ahmedabad,22493972,N/A,street food,,31149,1694.266,8688,309.67710385669534
Sep-2026,Ahmedabad,22495232,N/A,north indian,,32371,167.002,5619,-7.688677501809941
Sep-2026,Ahmedabad,22495452,N/A,north indian,,18303,18987.054000000004,1957,2278.7174497541673
Sep-2026,Ahmedabad,22496943,N/A,street food,,1254,276.68999999999994,140,68.98152241865574
Sep-2026,Ahmedabad,22497269,N/A,north indian,,9077,1302.746,1584,217.5886678544824
Sep-2026,Ahmedabad,22498103,N/A,north indian,,54807,46087.964,12093,11375.745425138404
Sep-2026,Ahmedabad,22498307,N/A,na,,1595,0.0,149,0.0
Sep-2026,Ahmedabad,22498327,N/A,beverages,,2205,8475.562,476,2185.21088607462
Sep-2026,Ahmedabad,22499914,N/A,na,,1582,0.0,182,0.0
Sep-2026,Ahmedabad,22500587,N/A,north indian,,147591,88261.16,31947,14741.643665108628
Sep-2026,Ahmedabad,22500847,N/A,ice cream,,4975,2856.5440000000003,1622,318.0374198737433
Sep-2026,Ahmedabad,22501396,N/A,na,,1050,0.0,199,0.0
Sep-2026,Ahmedabad,22501480,N/A,street food,,8364,958.932,1141,170.84753669584222
Sep-2026,Ahmedabad,22501592,N/A,cakes,,833,1779.8580000000002,35,305.1497625718359
Sep-2026,Ahmedabad,22502911,N/A,chinese,,7440,2528.23,1625,1194.5680459008163
Sep-2026,Ahmedabad,22503044,N/A,desserts,,0,1409.0380000000002,0,49.74097614419985
Sep-2026,Ahmedabad,22503065,N/A,chinese,,3554,917.9599999999999,864,224.31689450319516
Sep-2026,Ahmedabad,22503078,N/A,desserts,,179,91.99800000000002,5,-13.556090393940359
Sep-2026,Ahmedabad,22503177,N/A,north indian,,53,0.0,1,0.0
Sep-2026,Ahmedabad,22503187,N/A,north indian,,30609,10910.39,6667,2111.04464984743
Sep-2026,Ahmedabad,22503377,N/A,chinese,,0,9501.553999999998,0,1069.8138472341425
Sep-2026,Ahmedabad,22503682,N/A,street food,,54177,20188.634000000002,9026,3153.399066914761
Sep-2026,Ahmedabad,22503719,N/A,"wraps, rolls and sandwiches",,0,335.67600000000004,0,113.15821733223959
Sep-2026,Ahmedabad,22504214,N/A,na,,13686,0.0,2011,0.0
Sep-2026,Ahmedabad,22504347,N/A,cakes,,972,66104.269,249,24332.659444077035
Sep-2026,Ahmedabad,22504680,N/A,ice cream,,1673,154.082,208,32.44002613381746
Sep-2026,Ahmedabad,22505280,N/A,north indian,,5043,585.174,976,129.25002691398478
Sep-2026,Ahmedabad,22505665,N/A,international,,590,2381.378,121,581.8131830060496
Sep-2026,Ahmedabad,22506984,N/A,south indian,,0,16004.922,0,3789.084500108667
Sep-2026,Ahmedabad,22507035,N/A,south indian,,1214,84.18800000000002,180,-83.35758590771403
Sep-2026,Ahmedabad,22507916,N/A,north indian,,1127,6136.270999999999,0,1085.1570962985747
Sep-2026,Ahmedabad,22508083,N/A,south indian,,8596,0.0,1570,0.0
Sep-2026,Ahmedabad,22508531,N/A,north indian,,15377,28213.332000000002,4158,8067.947516078617
Sep-2026,Ahmedabad,22509958,N/A,na,,281,0.0,49,0.0
Sep-2026,Ahmedabad,22510840,N/A,desserts,,18324,29627.825999999997,3052,4739.207386231075
Sep-2026,Ahmedabad,22510924,N/A,street food,,7058,16701.606,1419,2769.496521620244
Sep-2026,Ahmedabad,22511077,N/A,north indian,,61834,25968.054000000004,17955,6760.989575346425
Sep-2026,Ahmedabad,22511784,N/A,street food,,2536,0.0,203,0.0
Sep-2026,Ahmedabad,22512037,N/A,"wraps, rolls and sandwiches",,773,341.08799999999997,79,100.3426497407467
Sep-2026,Ahmedabad,22514240,N/A,north indian,,54322,35166.404,12547,8951.29201939018
Sep-2026,Ahmedabad,22514802,N/A,street food,,62303,25705.638000000006,14597,4572.406072090771
Sep-2026,Ahmedabad,22515943,N/A,street food,,2415,1668.816,436,623.1033696927
Sep-2026,Ahmedabad,22516954,N/A,street food,,500,0.0,86,0.0
Sep-2026,Ahmedabad,22517565,N/A,na,,307,0.0,45,0.0
Sep-2026,Ahmedabad,22517801,N/A,south indian,,1314,290.688,177,0.049647881565472694
Sep-2026,Ahmedabad,22518117,N/A,street food,,45851,54514.193999999996,12102,13757.112245570708
Sep-2026,Ahmedabad,22518228,N/A,north indian,,3596,5233.214,843,1255.7347763603204
Sep-2026,Ahmedabad,22518301,N/A,street food,,7666,3483.546,963,772.9452724661645
Sep-2026,Ahmedabad,22518400,N/A,north indian,,7553,21030.156,1576,4803.094475334609
Sep-2026,Ahmedabad,22518497,N/A,street food,,823,0.0,45,0.0
Sep-2026,Ahmedabad,22519110,N/A,north indian,,19737,6588.838000000001,3440,1187.7808395440227
Sep-2026,Ahmedabad,22519914,N/A,ice cream,,2501,6393.108,50,436.99663240053786
Sep-2026,Ahmedabad,22520353,N/A,north indian,,19699,23925.678,6376,7809.0435861601445
Sep-2026,Ahmedabad,22520462,N/A,north indian,,227,0.0,0,0.0
Sep-2026,Ahmedabad,22520919,N/A,"wraps, rolls and sandwiches",,6232,4507.912,764,256.29920866654356
Sep-2026,Ahmedabad,22521127,N/A,pizza,,17681,0.0,3902,0.0
Sep-2026,Ahmedabad,22521309,N/A,street food,,954,195.0,150,-37.31694491017792
Sep-2026,Ahmedabad,22521402,N/A,north indian,,995,0.0,24,0.0
Sep-2026,Ahmedabad,22522033,N/A,beverages,,1743,2232.648,157,91.6175192247079
Sep-2026,Ahmedabad,22522758,N/A,north indian,,17880,15294.878,4644,5186.018173870879
Sep-2026,Ahmedabad,22522966,N/A,south indian,,13991,24827.956000000002,4353,5424.060885361892
Sep-2026,Ahmedabad,22523347,N/A,north indian,,764,0.0,-1,0.0
Sep-2026,Ahmedabad,22523644,N/A,chinese,,0,447.99799999999993,0,0.083659298083114
Sep-2026,Ahmedabad,22523729,N/A,chinese,,3110,17978.004,484,2815.48719432406
Sep-2026,Ahmedabad,22523767,N/A,chinese,,8423,17728.070000000003,1306,2585.17349989189
Sep-2026,Ahmedabad,22524283,N/A,south indian,,11181,20206.811,2595,2669.8478378372047
Sep-2026,Ahmedabad,22524385,N/A,na,,7681,0.0,1813,0.0
Sep-2026,Ahmedabad,22524622,N/A,desserts,,1004,427.1859999999999,67,76.36534014159227
Sep-2026,Ahmedabad,22525524,N/A,north indian,,112897,48403.458,28090,14515.561923062745
Sep-2026,Ahmedabad,22525622,N/A,international,,38190,29635.26,8031,6290.861244317159
Sep-2026,Ahmedabad,22526599,N/A,na,,186,0.0,83,0.0
Sep-2026,Ahmedabad,22526694,N/A,street food,,18672,5922.526,1799,566.8179421961282
Sep-2026,Ahmedabad,22527339,N/A,street food,,3820,1829.146,-164,277.38302107404826
Sep-2026,Ahmedabad,22527535,N/A,street food,,44977,27544.416,12126,6277.077652022646
Sep-2026,Ahmedabad,22528008,N/A,"wraps, rolls and sandwiches",,20591,10733.846000000001,6245,2615.9511382466685
Sep-2026,Ahmedabad,22528210,N/A,north indian,,14058,1100.0639999999999,2541,66.4583489808229
Sep-2026,Ahmedabad,22528633,N/A,north indian,,2429,15128.754,898,2174.1086639600485
Sep-2026,Ahmedabad,22528985,N/A,street food,,6981,4639.696,899,1143.1759683389591
Sep-2026,Ahmedabad,22529886,N/A,ice cream,,4462,1399.154,1487,254.57285977560292
Sep-2026,Ahmedabad,22530222,N/A,north indian,,14840,2777.31,3519,674.4095821024057
Sep-2026,Ahmedabad,22530545,N/A,burger,,116456,105363.172,28952,18577.621705725727
Sep-2026,Ahmedabad,22531320,N/A,na,,986,0.0,222,0.0
Sep-2026,Ahmedabad,22531354,N/A,na,,11139,0.0,4078,0.0
Sep-2026,Ahmedabad,22531456,N/A,pizza,,12354,0.0,2990,0.0
Sep-2026,Ahmedabad,22531579,N/A,na,,8000,0.0,2897,0.0
Sep-2026,Ahmedabad,22531743,N/A,street food,,5000,0.0,366,0.0
Sep-2026,Ahmedabad,22531914,N/A,street food,,8637,14247.961000000001,878,2440.3801238265514
Sep-2026,Ahmedabad,22532162,N/A,na,,703,0.0,-102,0.0
Sep-2026,Ahmedabad,22532722,N/A,na,,860,0.0,87,0.0
Sep-2026,Ahmedabad,22533103,N/A,na,,5950,0.0,896,0.0
Sep-2026,Ahmedabad,22533144,N/A,street food,,0,230.52800000000002,0,33.98329287584755
Sep-2026,Ahmedabad,22533468,N/A,north indian,,138,227.582,0,58.22808913846647
Sep-2026,Ahmedabad,22533848,N/A,beverages,,1602,9725.407,257,1501.482824986323
Sep-2026,Ahmedabad,22535032,N/A,na,,1749,0.0,667,0.0
Sep-2026,Ahmedabad,22535169,N/A,na,,39759,0.0,10432,0.0
Sep-2026,Ahmedabad,22535403,N/A,burger,,792,84.082,194,-83.33257750180994
Sep-2026,Ahmedabad,22536121,N/A,south indian,,0,318.07000000000005,0,-28.34788376871291
Sep-2026,Ahmedabad,22536199,N/A,na,,54333,0.0,12105,0.0
Sep-2026,Ahmedabad,22536283,N/A,na,,13856,0.0,3294,0.0
Sep-2026,Ahmedabad,22536381,N/A,chinese,,394,0.0,172,0.0
Sep-2026,Ahmedabad,22536415,N/A,street food,,1289,6398.996,180,1393.9737595683418
Sep-2026,Ahmedabad,22536765,N/A,street food,,26130,6563.558000000001,6529,1773.448445280254
Sep-2026,Ahmedabad,22537014,N/A,desserts,,2088,2441.594,271,163.9213724621613
Sep-2026,Ahmedabad,22537156,N/A,north indian,,1072,391.998,241,91.37565929808312
Sep-2026,Ahmedabad,22537892,N/A,chinese,,28469,814.228,6565,192.34853227502256
Sep-2026,Ahmedabad,22538196,N/A,na,,3446,0.0,86,0.0
Sep-2026,Ahmedabad,22538539,N/A,na,,1510,0.0,96,0.0
Sep-2026,Ahmedabad,22538669,N/A,"wraps, rolls and sandwiches",,19789,0.0,4530,0.0
Sep-2026,Ahmedabad,22538803,N/A,north indian,,27795,1895.9919999999997,5025,285.38815389199823
Sep-2026,Ahmedabad,22538818,N/A,north indian,,15083,20084.995999999996,4927,3226.690325935645
Sep-2026,Ahmedabad,22538861,N/A,ice cream,,5448,126.88799999999998,495,22.10209383227694
Sep-2026,Ahmedabad,22538897,N/A,na,,416,0.0,0,0.0
Sep-2026,Ahmedabad,22539120,N/A,north indian,,2512,1236.328,404,195.3640994814934
Sep-2026,Ahmedabad,22539816,N/A,street food,,0,2594.7400000000002,0,364.5284174588655
Sep-2026,Ahmedabad,22539871,N/A,beverages,,17189,18304.72,1969,1652.9291335663975
Sep-2026,Ahmedabad,22540094,N/A,international,,14101,11734.971,3113,3031.367267061407
Sep-2026,Ahmedabad,22540395,N/A,street food,,329,297.77,24,57.67294169997273
Sep-2026,Ahmedabad,22540639,N/A,beverages,,5097,5172.447999999999,1516,878.6550540898495
Sep-2026,Ahmedabad,22541274,N/A,north indian,,260,0.0,0,0.0
Sep-2026,Ahmedabad,22541334,N/A,chinese,,995,4467.788,171,890.730892533843
Sep-2026,Ahmedabad,22541705,N/A,na,,26261,0.0,6870,0.0
Sep-2026,Ahmedabad,22542480,N/A,"wraps, rolls and sandwiches",,15772,0.0,4364,0.0
Sep-2026,Ahmedabad,22542556,N/A,street food,,179,0.0,0,0.0
Sep-2026,Ahmedabad,22543165,N/A,pizza,,51320,24791.470000000005,13146,5177.326094011591
Sep-2026,Ahmedabad,22543860,N/A,north indian,,59006,66469.96999999999,9432,11057.951832595563
Sep-2026,Ahmedabad,22544039,N/A,na,,8602,0.0,1221,0.0
Sep-2026,Ahmedabad,22544080,N/A,na,,21349,0.0,3943,0.0
Sep-2026,Ahmedabad,22544397,N/A,na,,719,0.0,59,0.0
Sep-2026,Ahmedabad,22544725,N/A,street food,,3337,1975.5320000000002,299,263.7539898583069
Sep-2026,Ahmedabad,22544753,N/A,south indian,,93004,0.0,37105,0.0
Sep-2026,Ahmedabad,22544762,N/A,south indian,,0,173.548,0,0.049647881565472694
Sep-2026,Ahmedabad,22544812,N/A,"wraps, rolls and sandwiches",,0,727.1519999999999,0,115.03223288441703
Sep-2026,Ahmedabad,22545890,N/A,na,,4354,0.0,-1842,0.0
Sep-2026,Ahmedabad,22547221,N/A,"wraps, rolls and sandwiches",,44759,58187.708000000006,15523,17416.97939756521
Sep-2026,Ahmedabad,22547469,N/A,street food,,54393,65890.027,12015,17500.58490378382
Sep-2026,Ahmedabad,22548758,N/A,south indian,,8468,35226.24799999999,670,9172.249225864947
Sep-2026,Ahmedabad,22548990,N/A,beverages,,14573,41530.73,3140,9128.65696557759
Sep-2026,Ahmedabad,22550509,N/A,na,,103,0.0,0,0.0
Sep-2026,Ahmedabad,22550658,N/A,street food,,0,1962.2099999999998,0,623.5165954609294
Sep-2026,Ahmedabad,22550680,N/A,north indian,,98333,50516.278000000006,24427,18170.85762664083
Sep-2026,Ahmedabad,22551387,N/A,na,,45673,0.0,10157,0.0
Sep-2026,Ahmedabad,22551785,N/A,north indian,,19199,20582.440000000002,2286,3779.3871668106794
Sep-2026,Ahmedabad,22552103,N/A,north indian,,0,357.828,0,0.012049740746699006
Sep-2026,Ahmedabad,22552564,N/A,street food,,95791,37869.666,22621,9650.812526115993
Sep-2026,Ahmedabad,22553630,N/A,north indian,,54047,54624.869999999995,14098,15958.350634837374
Sep-2026,Ahmedabad,22553921,N/A,na,,1836,0.0,368,0.0
Sep-2026,Ahmedabad,22554094,N/A,burger,,2341,174.138,225,50.94199287584755
Sep-2026,Ahmedabad,22554141,N/A,north indian,,1516,0.0,366,0.0
Sep-2026,Ahmedabad,22555041,N/A,na,,2036,0.0,111,0.0
Sep-2026,Ahmedabad,22555179,N/A,north indian,,28906,10416.934,4657,1890.2024753760923
Sep-2026,Ahmedabad,22555910,N/A,north indian,,26838,27668.012,3026,4729.749496475747
Sep-2026,Ahmedabad,22556267,N/A,beverages,,452,0.0,0,0.0
Sep-2026,Ahmedabad,22556450,N/A,na,,42618,0.0,9780,0.0
Sep-2026,Ahmedabad,22556957,N/A,chinese,,60753,55122.079,10803,7657.027905521419
Sep-2026,Ahmedabad,22557029,N/A,pizza,,106212,0.0,32466,0.0
Sep-2026,Ahmedabad,22557113,N/A,ice cream,,8477,5550.309999999999,1327,929.4883562519749
Sep-2026,Ahmedabad,22557127,N/A,north indian,,14265,48844.909999999996,2110,13292.158705896647
Sep-2026,Ahmedabad,22557437,N/A,north indian,,11845,62966.13600000001,-551,-22487.513514778075
Sep-2026,Ahmedabad,22557438,N/A,na,,643,0.0,0,0.0
Sep-2026,Ahmedabad,22557529,N/A,chinese,,1319,35972.640999999996,84,3391.888440912433
Sep-2026,Ahmedabad,22558061,N/A,burger,,1656,5300.612,72,456.6393114416745
Sep-2026,Ahmedabad,22558062,N/A,desserts,,9483,5324.572,3199,1346.9673256801057
Sep-2026,Ahmedabad,22558436,N/A,desserts,,16654,6610.457999999999,3425,995.7520778718858
Sep-2026,Ahmedabad,22559410,N/A,desserts,,25156,16937.72,9304,4392.847907778789
Sep-2026,Ahmedabad,22559835,N/A,na,,10731,0.0,3090,0.0
Sep-2026,Ahmedabad,22560012,N/A,na,,703,0.0,166,0.0
Sep-2026,Ahmedabad,22560742,N/A,na,,2212,0.0,232,0.0
Sep-2026,Ahmedabad,22561256,N/A,na,,14940,0.0,4214,0.0
Sep-2026,Ahmedabad,22561493,N/A,"wraps, rolls and sandwiches",,3537,5447.722,1223,920.4877217060682
Sep-2026,Ahmedabad,22561860,N/A,international,,1764,3242.068,237,474.1127987146862
Sep-2026,Ahmedabad,22563399,N/A,north indian,,2134,10882.558,370,2008.9482310119013
Sep-2026,Ahmedabad,22563442,N/A,north indian,,896,0.0,26,0.0
Sep-2026,Ahmedabad,22563750,N/A,street food,,0,2356.2920000000004,0,221.34723842589162
Sep-2026,Ahmedabad,22563806,N/A,na,,8577,0.0,2279,0.0
Sep-2026,Ahmedabad,22564408,N/A,beverages,,2992,17206.552,457,4663.027596190285
Sep-2026,Ahmedabad,22564837,N/A,beverages,,13521,57869.739,3127,13259.425650060408
Sep-2026,Ahmedabad,22564916,N/A,north indian,,155225,0.0,56000,0.0
Sep-2026,Ahmedabad,22565059,N/A,street food,,8483,4032.2480000000005,1013,302.78083161337145
Sep-2026,Ahmedabad,22565636,N/A,na,,1234,0.0,304,0.0
Sep-2026,Ahmedabad,22565740,N/A,north indian,,28347,99801.69,8465,30016.74373632911
Sep-2026,Ahmedabad,22566039,N/A,na,,8153,0.0,958,0.0
Sep-2026,Ahmedabad,22566482,N/A,street food,,44894,15895.538,9942,2545.064893092625
Sep-2026,Ahmedabad,22566841,N/A,chinese,,47201,65417.094000000005,14769,21983.545923884456
Sep-2026,Ahmedabad,22567131,N/A,na,,20179,0.0,5097,0.0
Sep-2026,Ahmedabad,22568093,N/A,na,,1196,0.0,203,0.0
Sep-2026,Ahmedabad,22568275,N/A,na,,1315,0.0,354,0.0
Sep-2026,Ahmedabad,22568325,N/A,na,,20531,0.0,4538,0.0
Sep-2026,Ahmedabad,22568424,N/A,pizza,,0,647.2479999999999,0,118.30329287584755
Sep-2026,Ahmedabad,22568480,N/A,na,,3568,0.0,597,0.0
Sep-2026,Ahmedabad,22568809,N/A,beverages,,82166,48544.814,18980,9145.102512340434
Sep-2026,Ahmedabad,22568825,N/A,north indian,,13073,0.0,3016,0.0
Sep-2026,Ahmedabad,22569195,N/A,"wraps, rolls and sandwiches",,0,1529.4879999999998,0,88.98173849087425
Sep-2026,Ahmedabad,22569522,N/A,mithai,,2390,887.73,155,113.28546448625629
Sep-2026,Ahmedabad,22569528,N/A,"wraps, rolls and sandwiches",,595,430.876,0,-6.852180031331841
Sep-2026,Ahmedabad,22569714,N/A,na,,1360,0.0,338,0.0
Sep-2026,Ahmedabad,22569891,N/A,pizza,,1226,0.0,172,0.0
Sep-2026,Ahmedabad,22570255,N/A,na,,837,0.0,94,0.0
Sep-2026,Ahmedabad,22570773,N/A,north indian,,463,0.0,-29,0.0
Sep-2026,Ahmedabad,22570799,N/A,na,,1209,0.0,237,0.0
Sep-2026,Ahmedabad,22571397,N/A,international,,109,306.438,-23,91.82737169675954
Sep-2026,Ahmedabad,22571966,N/A,biryani,,1779,0.0,374,0.0
Sep-2026,Ahmedabad,22572025,N/A,international,,0,4872.42,0,908.9920881377006
Sep-2026,Ahmedabad,22572315,N/A,desserts,,0,107.48199999999997,0,42.020992340260015
Sep-2026,Ahmedabad,22572529,N/A,international,,4209,5113.642,976,1244.946772491187
Sep-2026,Ahmedabad,22573090,N/A,north indian,,19156,9498.498000000001,3479,916.424761280399
Sep-2026,Ahmedabad,22574406,N/A,na,,4148,0.0,4,0.0
Sep-2026,Ahmedabad,22574827,N/A,north indian,,2650,0.0,441,0.0
Sep-2026,Ahmedabad,22575582,N/A,north indian,,3608,2445.11,80,326.2147537809776
Sep-2026,Ahmedabad,22576930,N/A,north indian,,145805,74859.075,36039,15758.055435293181
Sep-2026,Ahmedabad,22577112,N/A,south indian,,23898,15993.514,4192,2825.4089030892305
Sep-2026,Ahmedabad,22577323,N/A,north indian,,809,0.0,56,0.0
Sep-2026,Ahmedabad,22577432,N/A,north indian,,24959,3255.2780000000002,3852,294.6207767396479
Sep-2026,Ahmedabad,22577834,N/A,na,,2496,0.0,620,0.0
Sep-2026,Ahmedabad,22578076,N/A,pizza,,4413,889.303,1026,137.95083722579602
Sep-2026,Ahmedabad,22578095,N/A,north indian,,9553,2590.1760000000004,1419,642.7780428770052
Sep-2026,Ahmedabad,22578336,N/A,north indian,,143319,30151.635999999995,28972,6065.534161923569
Sep-2026,Ahmedabad,22578521,N/A,street food,,17134,21056.432,3639,4136.335160316778
Sep-2026,Ahmedabad,22578680,N/A,street food,,3337,0.0,677,0.0
Sep-2026,Ahmedabad,22578722,N/A,north indian,,4130,0.0,633,0.0
Sep-2026,Ahmedabad,22579022,N/A,north indian,,32994,36321.204,11357,12018.791501085507
Sep-2026,Ahmedabad,22579762,N/A,south indian,,34895,26555.752,8737,4370.806912666911
Sep-2026,Ahmedabad,22579898,N/A,beverages,,444,1695.654,106,374.9927542131563
Sep-2026,Ahmedabad,22580236,N/A,"wraps, rolls and sandwiches",,114774,851.1759999999999,24525,-135.92813548377052
Sep-2026,Ahmedabad,22580450,N/A,pizza,,4182,1004.9939999999999,711,173.935338189155
Sep-2026,Ahmedabad,22580681,N/A,ice cream,,18475,24176.33,3183,4101.213835234274
Sep-2026,Ahmedabad,22581052,N/A,burger,,4554,19962.507999999998,433,686.6144809070714
Sep-2026,Ahmedabad,22581074,N/A,north indian,,753,0.0,173,0.0
Sep-2026,Ahmedabad,22581112,N/A,pizza,,8497,3407.866,750,332.6472160022354
Sep-2026,Ahmedabad,22581276,N/A,street food,,4307,733.8779999999999,808,226.62744456546628
Sep-2026,Ahmedabad,22581303,N/A,chinese,,3248,1930.324,360,88.23899515952284
Sep-2026,Ahmedabad,22581541,N/A,pizza,,35143,36987.606999999996,9241,9923.598456898157
Sep-2026,Ahmedabad,22581723,N/A,na,,3808,0.0,814,0.0
Sep-2026,Ahmedabad,22582101,N/A,north indian,,1009,6194.414000000001,172,701.7478448498646
Sep-2026,Ahmedabad,22582373,N/A,north indian,,0,49085.753000000004,0,9955.835176304809
Sep-2026,Ahmedabad,22582504,N/A,na,,682,0.0,4,0.0
Sep-2026,Ahmedabad,22582728,N/A,north indian,,2856,0.0,721,0.0
Sep-2026,Ahmedabad,22583005,N/A,north indian,,2255,19076.488,313,2745.3284765522044
Sep-2026,Ahmedabad,22583493,N/A,north indian,,0,1349.41,0,135.15981485998694
Sep-2026,Ahmedabad,22584210,N/A,beverages,,6136,43510.354,1605,11581.970693255875
Sep-2026,Ahmedabad,22584248,N/A,north indian,,100869,566.046,24336,241.6770883261809
Sep-2026,Ahmedabad,22584633,N/A,biryani,,5788,0.0,684,0.0
Sep-2026,Ahmedabad,22585208,N/A,na,,222,0.0,0,0.0
Sep-2026,Ahmedabad,22585520,N/A,mithai,,234,631.504,23,-341.0042801433781
Sep-2026,Ahmedabad,22585894,N/A,na,,2685,0.0,77,0.0
Sep-2026,Ahmedabad,22585915,N/A,chinese,,1427,805.6199999999999,315,169.8736130890955
Sep-2026,Ahmedabad,22585946,N/A,na,,739,0.0,73,0.0
Sep-2026,Ahmedabad,22586735,N/A,na,,47,0.0,-36,0.0
Sep-2026,Ahmedabad,22586937,N/A,pizza,,9641,3984.5140000000006,569,717.8861293285835
Sep-2026,Ahmedabad,22587321,N/A,chinese,,1420,6619.838,-42,-25.62514808900584
Sep-2026,Ahmedabad,22587774,N/A,na,,58182,0.0,13929,0.0
Sep-2026,Ahmedabad,22588036,N/A,north indian,,92497,4845.672,12598,-140.33866990029566
Sep-2026,Ahmedabad,22588217,N/A,north indian,,89439,7173.873999999998,15983,1202.3092813468488
Sep-2026,Ahmedabad,22588297,N/A,na,,813,0.0,24,0.0
Sep-2026,Ahmedabad,22588473,N/A,international,,148540,101360.11799999999,43211,30427.642307321094
Sep-2026,Ahmedabad,22589453,N/A,street food,,2470,0.0,458,0.0
Sep-2026,Ahmedabad,22589800,N/A,na,,963,0.0,91,0.0
Sep-2026,Ahmedabad,22591634,N/A,beverages,,0,1620.9279999999999,0,298.29831522295785
Sep-2026,Ahmedabad,22591751,N/A,"wraps, rolls and sandwiches",,20584,26866.264,3820,5003.512204296793
Sep-2026,Ahmedabad,22592348,N/A,pizza,,0,28611.144000000004,0,7459.131853312581
Sep-2026,Ahmedabad,22592571,N/A,north indian,,22216,34778.643,2382,2255.1757621056177
Sep-2026,Ahmedabad,22592775,N/A,street food,,2784,322.08799999999997,460,0.08805133849092027
Sep-2026,Ahmedabad,22593140,N/A,pizza,,1601,0.0,195,0.0
Sep-2026,Ahmedabad,22593341,N/A,"wraps, rolls and sandwiches",,6961,12421.179999999998,505,2169.3363418306035
Sep-2026,Ahmedabad,22593548,N/A,north indian,,198,1307.8139999999999,48,278.8874408415172
Sep-2026,Ahmedabad,22594172,N/A,na,,1103,0.0,178,0.0
Sep-2026,Ahmedabad,22594732,N/A,international,,1105,1122.8539999999998,-49,163.88231428613472
Sep-2026,Ahmedabad,22594735,N/A,street food,,11103,9598.605,-1888,255.3451164532066
Sep-2026,Ahmedabad,22595518,N/A,street food,,1522,63.081999999999994,-111,27.58809520575358
Sep-2026,Ahmedabad,22595552,N/A,burger,,24533,27473.795000000002,2777,3625.6589211151795
Sep-2026,Ahmedabad,22595973,N/A,north indian,,5939,164.038,-150,0.08805133849092027
Sep-2026,Ahmedabad,22596465,N/A,pizza,,22651,0.0,5292,0.0
Sep-2026,Ahmedabad,22599056,N/A,street food,,263943,232274.011,51398,51694.08900462261
Sep-2026,Ahmedabad,22599063,N/A,na,,74,0.0,0,0.0
Sep-2026,Ahmedabad,22599124,N/A,north indian,,60276,0.0,7242,0.0
Sep-2026,Ahmedabad,22599517,N/A,pizza,,666,151.99800000000002,-6,-5.60595211843453
Sep-2026,Ahmedabad,22599623,N/A,south indian,,45236,51318.966,7685,10147.0825416335
Sep-2026,Ahmedabad,22599888,N/A,street food,,0,162.002,0,0.07099234026001228
Sep-2026,Ahmedabad,22600014,N/A,street food,,92425,19065.341999999997,19275,5378.820208174869
Sep-2026,Ahmedabad,22600550,N/A,na,,716,0.0,102,0.0
Sep-2026,Ahmedabad,22600639,N/A,north indian,,0,563.688,0,110.22234056684286
Sep-2026,Ahmedabad,22601095,N/A,street food,,4544,30064.149999999998,151,5454.782237827894
Sep-2026,Ahmedabad,22601242,N/A,"wraps, rolls and sandwiches",,16556,874.766,2192,193.96204577654746
Sep-2026,Ahmedabad,22601263,N/A,"wraps, rolls and sandwiches",,1690,0.0,103,0.0
Sep-2026,Ahmedabad,22601473,N/A,street food,,0,1092.458,0,68.22538988494095
Sep-2026,Ahmedabad,22601780,N/A,na,,7555,0.0,871,0.0
Sep-2026,Ahmedabad,22602497,N/A,street food,,10300,9489.45,1551,1471.7579142952795
Sep-2026,Ahmedabad,22602960,N/A,international,,0,295.99799999999993,0,67.5659497407467
Sep-2026,Ahmedabad,22603330,N/A,na,,4675,0.0,177,0.0
Sep-2026,Ahmedabad,22604172,N/A,international,,29144,1560.176,6082,238.90571188179246
Sep-2026,Ahmedabad,22604183,N/A,"wraps, rolls and sandwiches",,19497,14225.978000000001,3602,2862.5915358727825
Sep-2026,Ahmedabad,22604588,N/A,international,,133817,140793.113,19822,31996.36481185486
Sep-2026,Ahmedabad,22605186,N/A,chinese,,16803,30094.077000000005,3013,7824.745460577301
Sep-2026,Ahmedabad,22605961,N/A,na,,207,0.0,0,0.0
Sep-2026,Ahmedabad,22606171,N/A,chinese,,1052,164.688,26,47.60285133849092
Sep-2026,Ahmedabad,22606322,N/A,burger,,277,0.0,45,0.0
Sep-2026,Ahmedabad,22606327,N/A,north indian,,35605,514.954,4827,148.9870449963801
Sep-2026,Ahmedabad,22607828,N/A,burger,,523,0.0,-139,0.0
Sep-2026,Ahmedabad,22607838,N/A,pizza,,53407,14624.7,13668,4861.134628566224
Sep-2026,Ahmedabad,22609430,N/A,"wraps, rolls and sandwiches",,2456,7037.792,416,887.9315994282283
Sep-2026,Ahmedabad,22610659,N/A,na,,5732,0.0,2109,0.0
Sep-2026,Ahmedabad,22612873,N/A,international,,1542,164.68800000000002,-93,29.712340566842858
Sep-2026,Ahmedabad,22613336,N/A,north indian,,3318,14798.998000000001,-48,2589.462715240759
Sep-2026,Ahmedabad,22613447,N/A,na,,5293,0.0,2106,0.0
Sep-2026,Ahmedabad,22615242,N/A,north indian,,0,14463.416000000001,0,3372.071447347051
Sep-2026,Ahmedabad,22616628,N/A,cakes,,2935,996.146,197,0.2767133511829769
Sep-2026,Ahmedabad,22616658,N/A,cakes,,582,1446.5319999999997,0,45.896856459827035
Sep-2026,Ahmedabad,22617002,N/A,na,,5737,0.0,1355,0.0
Sep-2026,Ahmedabad,22617926,N/A,chinese,,1105,486.918,903,176.6926497407467
Sep-2026,Ahmedabad,22620779,N/A,na,,655,0.0,178,0.0
Sep-2026,Ahmedabad,22621074,N/A,"wraps, rolls and sandwiches",,0,122.68800000000002,0,1.9862679725268708
Sep-2026,Ahmedabad,22621801,N/A,north indian,,16116,24076.416,3361,5994.765206948253
Sep-2026,Ahmedabad,22625824,N/A,north indian,,0,19045.848,0,2062.802977599672
Sep-2026,Ahmedabad,22627927,N/A,international,,22969,0.0,9752,0.0
Sep-2026,Ahmedabad,22628177,N/A,north indian,,0,28055.214000000004,0,5096.446962895296
Sep-2026,Ahmedabad,22629326,N/A,north indian,,0,12364.448,0,1959.547706764014
Sep-2026,Ahmedabad,22631446,N/A,na,,23136,0.0,1686,0.0
Sep-2026,Ahmedabad,22636740,N/A,street food,,52092,53412.41300000001,16554,15717.323534066963
Sep-2026,Ahmedabad,22637332,N/A,na,,76,0.0,26,0.0
Sep-2026,Ahmedabad,22638137,N/A,burger,,6401,2753.654,897,390.3326171997628
Sep-2026,Ahmedabad,22639402,N/A,north indian,,12842,82859.54799999998,2082,23368.121735748915
Sep-2026,Ahmedabad,22648601,N/A,na,,457,0.0,1,0.0
Sep-2026,Ahmedabad,22650827,N/A,burger,,0,353.688,0,0.04132709282059932
Sep-2026,Ahmedabad,22655211,N/A,ice cream,,0,29451.183999999994,0,8702.589870887445
Sep-2026,Ahmedabad,22655307,N/A,na,,485,0.0,29,0.0
Sep-2026,Ahmedabad,22655422,N/A,biryani,,25678,47648.5,7404,11389.187495848759
Sep-2026,Ahmedabad,22661428,N/A,north indian,,0,1389.712,0,143.2937319613331
Sep-2026,Ahmedabad,22663987,N/A,north indian,,10150,10966.9,1412,2641.484304152241
Sep-2026,Ahmedabad,22665603,N/A,north indian,,202,0.0,0,0.0
Sep-2026,Ahmedabad,22667497,N/A,pizza,,0,45888.687999999995,0,15555.328311788948
Sep-2026,Ahmedabad,22669176,N/A,na,,2018,0.0,-26,0.0
Sep-2026,Ahmedabad,22671058,N/A,na,,1597,0.0,188,0.0
Sep-2026,Ahmedabad,22672230,N/A,pizza,,587,1755.7040000000002,70,211.32246715937106
Sep-2026,Ahmedabad,22673816,N/A,pizza,,0,93333.04800000001,0,25468.39761831196
Sep-2026,Ahmedabad,22676983,N/A,street food,,3151,10861.975999999999,544,1618.0028636409045
Sep-2026,Ahmedabad,22682638,N/A,biryani,,7357,268.818,1627,-42.76158590771402
Sep-2026,Ahmedabad,22683712,N/A,street food,,0,9139.951000000001,0,1570.7029421539505
Sep-2026,Ahmedabad,22683776,N/A,na,,132,0.0,-31,0.0
Sep-2026,Ahmedabad,22686021,N/A,"wraps, rolls and sandwiches",,12297,4080.6580000000004,2245,563.871728625842
Sep-2026,Ahmedabad,22687433,N/A,north indian,,0,1260.148,0,302.9521980441823
Sep-2026,Ahmedabad,22688303,N/A,street food,,597,1796.8919999999998,159,214.0116800839759
Sep-2026,Ahmedabad,22692524,N/A,street food,,0,204.58800000000002,0,0.05426797252687079
Sep-2026,Ahmedabad,22693691,N/A,na,,4931,0.0,1153,0.0
Sep-2026,Ahmedabad,22694302,N/A,na,,360,0.0,29,0.0
Sep-2026,Ahmedabad,22694909,N/A,south indian,,8371,43650.54400000001,1641,8588.814368083928
Sep-2026,Ahmedabad,22696155,N/A,north indian,,0,179705.43500000003,0,30119.33946928702
Sep-2026,Ahmedabad,22697070,N/A,na,,688,0.0,116,0.0
Sep-2026,Ahmedabad,22697814,N/A,north indian,,598,0.0,114,0.0
Sep-2026,Ahmedabad,22698643,N/A,street food,,904,0.0,-117,0.0
Sep-2026,Ahmedabad,22701796,N/A,south indian,,0,526.9979999999999,0,0.05234056684285872
Sep-2026,Ahmedabad,22702245,N/A,ice cream,,0,396.998,0,95.85609040084557
Sep-2026,Ahmedabad,22704185,N/A,north indian,,0,20304.54,0,4608.048464350928
Sep-2026,Ahmedabad,22704580,N/A,north indian,,0,3403.082,0,766.3179367578778
Sep-2026,Ahmedabad,22705982,N/A,street food,,0,841.69,0,-66.18645161451883
Sep-2026,Ahmedabad,22706879,N/A,street food,,0,2372.1300000000006,0,296.9172760703505
Sep-2026,Ahmedabad,22706989,N/A,na,,115,0.0,0,0.0
Sep-2026,Ahmedabad,22708050,N/A,cakes,,0,3934.158,0,718.7302883977612
Sep-2026,Ahmedabad,22708230,N/A,north indian,,0,3408.1420000000003,0,-59.91932116835683
Sep-2026,Ahmedabad,22712791,N/A,north indian,,2052,2911.29,330,825.3883705437188
Sep-2026,Ahmedabad,22713078,N/A,"wraps, rolls and sandwiches",,6637,15505.016,1125,2813.39640490013
Sep-2026,Ahmedabad,22713087,N/A,"wraps, rolls and sandwiches",,0,1097.1900000000003,0,-145.61880663545145
Sep-2026,Ahmedabad,22715489,N/A,na,,4719,0.0,457,0.0
Sep-2026,Ahmedabad,22715532,N/A,na,,1278,0.0,293,0.0
Sep-2026,Ahmedabad,22717016,N/A,na,,268,1117.038,0,293.1322679725269
Sep-2026,Ahmedabad,22717987,N/A,chinese,,0,51028.579999999994,0,6659.113242948664
Sep-2026,Ahmedabad,22718193,N/A,north indian,,226,1463.44,33,256.04356670066034
Sep-2026,Ahmedabad,22719038,N/A,north indian,,0,5028.2,0,845.0404294279708
Sep-2026,Ahmedabad,22719091,N/A,street food,,664,87.33800000000002,-33,-75.68320616772306
Sep-2026,Ahmedabad,22719990,N/A,na,,2276,0.0,426,0.0
Sep-2026,Ahmedabad,22720531,N/A,north indian,,3455,923.654,794,196.6519888976244
Sep-2026,Ahmedabad,22720548,N/A,north indian,,2313,3909.692,62,865.024159800571
Sep-2026,Ahmedabad,22721862,N/A,north indian,,1402,0.0,110,0.0
Sep-2026,Ahmedabad,22722084,N/A,street food,,493,385.51700000000005,66,84.8469509441471
Sep-2026,Ahmedabad,22722943,N/A,cakes,,0,134472.24599999998,0,59803.21426779544
Sep-2026,Ahmedabad,22723761,N/A,beverages,,8624,16445.044,2481,4037.421163164374
Sep-2026,Ahmedabad,22726444,N/A,international,,23495,0.0,-4352,0.0
Sep-2026,Ahmedabad,22727266,N/A,north indian,,0,49467.522,0,12892.277958241597
Sep-2026,Ahmedabad,22727787,N/A,north indian,,0,579.5319999999999,0,-77.08274779650061
Sep-2026,Ahmedabad,22728033,N/A,street food,,1559,2377.828,250,285.7588431276237
Sep-2026,Ahmedabad,22728276,N/A,north indian,,2502,3427.404,-394,689.3306407050152
Sep-2026,Ahmedabad,22728302,N/A,north indian,,6202,3111.366000000001,890,47.11087625990504
Sep-2026,Ahmedabad,22731328,N/A,north indian,,0,676.9579999999999,0,-62.61942284268111
Sep-2026,Ahmedabad,22732286,N/A,north indian,,0,4462.965999999999,0,731.6558731394763
Sep-2026,Ahmedabad,22733666,N/A,pizza,,0,974.502,0,214.31763315522153
Sep-2026,Ahmedabad,22735892,N/A,north indian,,0,1938.5700000000002,0,120.56470964661685
Sep-2026,Ahmedabad,22738349,N/A,beverages,,0,3286.567,0,681.6068060731893
Sep-2026,Ahmedabad,22738407,N/A,beverages,,0,1542.3120000000004,0,155.41705863517598
Sep-2026,Ahmedabad,22739610,N/A,north indian,,1689,1119.454,350,340.4320384043251
Sep-2026,Ahmedabad,22740505,N/A,north indian,,0,20999.462,0,8446.018642354818
Sep-2026,Ahmedabad,22744437,N/A,chinese,,66,11474.29,0,1529.8681254761877
Sep-2026,Ahmedabad,22744726,N/A,street food,,0,1015.4359999999999,0,419.70409878958014
Sep-2026,Ahmedabad,22745857,N/A,north indian,,430,0.0,-42,0.0
Sep-2026,Ahmedabad,22747034,N/A,north indian,,534,212417.94,115,36304.600245364134
Sep-2026,Ahmedabad,22747461,N/A,"wraps, rolls and sandwiches",,0,12083.974999999997,0,4643.095011340026
Sep-2026,Ahmedabad,22747528,N/A,burger,,33,53194.368,-8,11460.554525905494
Sep-2026,Ahmedabad,22747987,N/A,chinese,,0,21672.276999999995,0,1917.6282522494173
Sep-2026,Ahmedabad,22749038,N/A,desserts,,0,3407.935,0,139.4784354988347
Sep-2026,Ahmedabad,22751625,N/A,ice cream,,0,17617.802,0,3693.628530179982
Sep-2026,Ahmedabad,22751927,N/A,north indian,,0,197.99800000000002,0,49.4663999204657
Sep-2026,Ahmedabad,22752202,N/A,north indian,,0,7305.585999999999,0,87.8046996617766
Sep-2026,Ahmedabad,22754694,N/A,beverages,,0,8267.524,0,1912.7079561868734
Sep-2026,Ahmedabad,22756560,N/A,beverages,,0,1577.54,0,282.28561359966864
Sep-2026,Ahmedabad,22756937,N/A,north indian,,0,2286.492,0,717.9152991927109
Sep-2026,Ahmedabad,22758631,N/A,pizza,,0,12019.184000000001,0,3690.7415779364455
Sep-2026,Ahmedabad,22758743,N/A,south indian,,0,274.938,0,71.6647270928206
Sep-2026,Ahmedabad,22758746,N/A,south indian,,0,11736.024,0,3560.984559511026
Sep-2026,Ahmedabad,22758766,N/A,street food,,0,2621.25,0,176.22792433703236
Sep-2026,Ahmedabad,22760604,N/A,chinese,,0,10946.99,0,757.352220012639
Sep-2026,Ahmedabad,22762637,N/A,north indian,,0,13873.88,0,1261.0958258510345
Sep-2026,Ahmedabad,22762743,N/A,desserts,,0,33479.532,0,9829.104243626345
Sep-2026,Ahmedabad,22763998,N/A,street food,,0,86569.66000000003,0,18081.909337229186
Sep-2026,Ahmedabad,22764760,N/A,burger,,0,6707.8460000000005,0,-728.8958787348105
Sep-2026,Ahmedabad,22765189,N/A,beverages,,0,7023.41,0,876.2546278951119
Sep-2026,Ahmedabad,22765757,N/A,street food,,0,4090.078,0,532.506272809107
Sep-2026,Ahmedabad,22766257,N/A,north indian,,0,3447.824,0,244.20566423918947
Sep-2026,Ahmedabad,22766507,N/A,south indian,,0,37535.164000000004,0,9270.19256372644
Sep-2026,Ahmedabad,22766526,N/A,north indian,,0,25795.757999999994,0,5726.038581415495
Sep-2026,Ahmedabad,22767255,N/A,street food,,0,1136.496,0,0.14418766455387616
Sep-2026,Ahmedabad,22767700,N/A,north indian,,0,1256.5019999999997,0,292.9439648987958
Sep-2026,Ahmedabad,22768245,N/A,mithai,,0,368.818,0,52.83329040084557
Sep-2026,Ahmedabad,22768835,N/A,burger,,0,5577.28,0,271.52897028933074
Sep-2026,Ahmedabad,22770125,N/A,north indian,,0,12462.444999999998,0,1622.8837380579012
Sep-2026,Ahmedabad,22770424,N/A,"wraps, rolls and sandwiches",,0,757.1139999999999,0,366.0640508908017
Sep-2026,Ahmedabad,22770656,N/A,chinese,,0,10554.328,0,376.48176469920395
Sep-2026,Ahmedabad,22770743,N/A,desserts,,0,10270.863,0,1555.5450658838242
Sep-2026,Ahmedabad,22771884,N/A,north indian,,0,30478.231999999993,0,4363.859284993129
Sep-2026,Ahmedabad,22772028,N/A,street food,,0,21870.164,0,2444.102127463117
Sep-2026,Ahmedabad,22773145,N/A,south indian,,0,53331.22,0,11875.17495819733
Sep-2026,Ahmedabad,22773255,N/A,north indian,,0,3535.2140000000004,0,485.5139671950517
Sep-2026,Ahmedabad,22773335,N/A,beverages,,0,148.832,0,0.07099234026001228
Sep-2026,Ahmedabad,22774376,N/A,south indian,,0,14111.831999999999,0,2148.3755841708257
Sep-2026,Ahmedabad,22775089,N/A,street food,,0,2961.508,0,350.7178766774822
Sep-2026,Ahmedabad,22775265,N/A,desserts,,0,6847.494000000001,0,2381.7624325386046
Sep-2026,Ahmedabad,22775392,N/A,street food,,0,3922.8920000000003,0,34.631390747261094
Sep-2026,Ahmedabad,22776711,N/A,ice cream,,0,579.136,0,27.43624791788786
Sep-2026,Ahmedabad,22777008,N/A,street food,,0,4161.644000000001,0,529.945176832309
Sep-2026,Ahmedabad,22777415,N/A,north indian,,0,11370.261999999999,0,1061.6327714913791
Sep-2026,Ahmedabad,22777630,N/A,street food,,0,3271.3160000000007,0,415.02920965652106
Sep-2026,Ahmedabad,22779163,N/A,north indian,,0,128592.239,0,2874.9492125445245
Sep-2026,Ahmedabad,22779447,N/A,street food,,0,10484.086000000003,0,986.7869285253219
Sep-2026,Ahmedabad,22779471,N/A,street food,,0,480.01,0,146.0470310435659
Sep-2026,Ahmedabad,22779994,N/A,street food,,0,5271.204,0,545.8161705933704
Sep-2026,Ahmedabad,22780059,N/A,street food,,0,425.076,0,86.33078218264268
Sep-2026,Ahmedabad,22780973,N/A,burger,,0,29349.238,0,5945.770431518498
Sep-2026,Ahmedabad,22781178,N/A,north indian,,0,2652.7599999999998,0,305.8554883351561
Sep-2026,Ahmedabad,22781373,N/A,street food,,0,57121.737,0,895.726413094879
Sep-2026,Ahmedabad,22781545,N/A,south indian,,0,20888.246,0,1424.4552667121366
Sep-2026,Ahmedabad,22781756,N/A,north indian,,0,5784.59,0,-93.65979406983361
Sep-2026,Ahmedabad,22781938,N/A,street food,,0,48554.771,0,8935.448111807855
Sep-2026,Ahmedabad,22783993,N/A,north indian,,0,1900.796,0,32.900145742677566
Sep-2026,Ahmedabad,22784579,N/A,international,,0,400.56399999999996,0,29.11341163665654
Sep-2026,Ahmedabad,22785243,N/A,"wraps, rolls and sandwiches",,0,4192.797999999999,0,832.5904784638125
Sep-2026,Ahmedabad,22785347,N/A,street food,,0,19998.733999999997,0,5040.8521252435
Sep-2026,Ahmedabad,22786780,N/A,north indian,,0,2841.808,0,613.1428451483974
Sep-2026,Ahmedabad,22787358,N/A,street food,,0,38997.528,0,2863.124592131822
Sep-2026,Ahmedabad,22787402,N/A,north indian,,0,6643.325999999999,0,1469.393212705678
Sep-2026,Ahmedabad,22787418,N/A,"wraps, rolls and sandwiches",,0,683.85,0,-130.26087310105555
Sep-2026,Ahmedabad,22787780,N/A,north indian,,0,2305.388,0,385.79561245223266
Sep-2026,Ahmedabad,22787900,N/A,chinese,,0,3390.5539999999996,0,499.7364921830822
Sep-2026,Ahmedabad,22788258,N/A,desserts,,0,1130.188,0,282.61193694509006
Sep-2026,Ahmedabad,22789517,N/A,pizza,,0,6147.879999999999,0,1029.5301523746546
Sep-2026,Ahmedabad,22789556,N/A,ice cream,,0,6365.9360000000015,0,719.2522205781963
Sep-2026,Ahmedabad,22789764,N/A,international,,0,16534.832,0,3640.9913699635918
Sep-2026,Ahmedabad,22790344,N/A,ice cream,,0,10582.628,0,1930.1699985360603
Sep-2026,Ahmedabad,22790672,N/A,north indian,,0,3684.5779999999995,0,419.7164912770167
Sep-2026,Ahmedabad,22790820,N/A,north indian,,0,13909.336000000001,0,3425.367372878926
Sep-2026,Ahmedabad,22790889,N/A,north indian,,0,4735.870000000001,0,-175.86178499243374
Sep-2026,Ahmedabad,22791161,N/A,desserts,,0,1931.244,0,223.56420190810616
Sep-2026,Ahmedabad,22791215,N/A,chinese,,0,37067.704000000005,0,9573.766657064512
Sep-2026,Ahmedabad,22791730,N/A,street food,,0,5985.004000000001,0,1053.3293332326205
Sep-2026,Ahmedabad,22793058,N/A,"wraps, rolls and sandwiches",,0,230.58799999999997,0,0.04766054330152578
Sep-2026,Ahmedabad,22793090,N/A,north indian,,0,45768.689999999995,0,10459.466808945155
Sep-2026,Ahmedabad,22793342,N/A,north indian,,0,1992.9039999999998,0,436.7290217243566
Sep-2026,Ahmedabad,22794463,N/A,north indian,,0,617.408,0,760.5333993083935
Sep-2026,Ahmedabad,22794495,N/A,beverages,,0,632.0899999999999,0,123.10082970530937
Sep-2026,Ahmedabad,22794522,N/A,biryani,,0,3169.9359999999997,0,1348.167462823658
Sep-2026,Ahmedabad,22795066,N/A,"wraps, rolls and sandwiches",,0,21963.744,0,8364.765030809554
Sep-2026,Ahmedabad,22795095,N/A,beverages,,0,1265.378,0,195.48563332256103
Sep-2026,Ahmedabad,22795372,N/A,north indian,,0,12894.554,0,-1290.5814637922706
Sep-2026,Ahmedabad,22796946,N/A,north indian,,0,830.188,0,168.5332999204657
Sep-2026,Ahmedabad,22797074,N/A,north indian,,0,497.70799999999997,0,46.314049511476355
Sep-2026,Ahmedabad,22797228,N/A,"wraps, rolls and sandwiches",,0,11091.188,0,2238.3528720149043
Sep-2026,Ahmedabad,22797323,N/A,street food,,0,3015.6799999999994,0,-14.961559809939795
Sep-2026,Ahmedabad,22797830,N/A,north indian,,0,41520.865999999995,0,5455.720796155339
Sep-2026,Ahmedabad,22797837,N/A,cakes,,0,2274.8019999999997,0,460.5526793273876
Sep-2026,Ahmedabad,22797978,N/A,north indian,,0,577.658,0,120.99065999992348
Sep-2026,Ahmedabad,22798117,N/A,street food,,0,18832.762,0,2859.0158301234355
Sep-2026,Ahmedabad,22798660,N/A,north indian,,0,7430.461999999998,0,1482.0755992863956
Sep-2026,Ahmedabad,22799632,N/A,chinese,,0,5835.344,0,869.4597497567283
Sep-2026,Ahmedabad,22799673,N/A,north indian,,0,3713.8080000000004,0,439.9393171397662
Sep-2026,Ahmedabad,22799791,N/A,north indian,,0,50736.694,0,12529.353856032165
Sep-2026,Ahmedabad,22799831,N/A,international,,0,1948.9979999999998,0,510.2356387787772
Sep-2026,Ahmedabad,22799971,N/A,south indian,,0,12196.932,0,3152.9234131093376
Sep-2026,Ahmedabad,22800447,N/A,north indian,,0,12511.026000000002,0,3548.681564272204
Sep-2026,Ahmedabad,22800866,N/A,south indian,,0,16303.338,0,3379.324610235679
Sep-2026,Ahmedabad,22801588,N/A,"wraps, rolls and sandwiches",,0,157.268,0,-0.7152729071794006
Sep-2026,Ahmedabad,22801654,N/A,beverages,,0,7554.922000000001,0,-1447.8736307980196
Sep-2026,Ahmedabad,22801670,N/A,south indian,,0,250.00199999999998,0,49.75848913846647
Sep-2026,Ahmedabad,22802298,N/A,south indian,,0,800.388,0,0.1178646958817315
Sep-2026,Ahmedabad,22802527,N/A,north indian,,0,605.1859999999999,0,550.2981029713876
Sep-2026,Ahmedabad,22802729,N/A,street food,,0,4359.356,0,1105.289914945805
Sep-2026,Ahmedabad,22802900,N/A,street food,,0,1501.26,0,-200.2187197729114
Sep-2026,Ahmedabad,22803272,N/A,cakes,,0,1265.464,0,160.9110814787265
Sep-2026,Ahmedabad,22803426,N/A,na,,0,2784.8079999999995,0,730.0539731674219
Sep-2026,Ahmedabad,22803440,N/A,north indian,,0,3776.93,0,105.37166870667295
Sep-2026,Ahmedabad,22803452,N/A,pizza,,0,58892.444,0,23782.663092742612
Sep-2026,Ahmedabad,22803552,N/A,north indian,,0,3009.7000000000003,0,240.27954670374228
Sep-2026,Ahmedabad,22804535,N/A,north indian,,0,7818.192000000001,0,2883.567873744394
Sep-2026,Ahmedabad,22804613,N/A,mithai,,0,23748.088000000003,0,3469.1336962004298
Sep-2026,Ahmedabad,22804657,N/A,north indian,,0,11448.458,0,2524.518479711266
Sep-2026,Ahmedabad,22806155,N/A,street food,,0,2571.9979999999996,0,587.0599029573605
Sep-2026,Ahmedabad,22806575,N/A,north indian,,0,1881.8199999999997,0,257.64285782655037
Sep-2026,Ahmedabad,22806576,N/A,street food,,0,7937.659999999999,0,933.600924166499
Sep-2026,Ahmedabad,22806720,N/A,north indian,,0,1118.4900000000002,0,-378.10546906913305
Sep-2026,Ahmedabad,22806745,N/A,street food,,0,53343.68400000001,0,11675.303021944632
Sep-2026,Ahmedabad,22806830,N/A,biryani,,0,1573.216,0,-103.6112266410432
Sep-2026,Ahmedabad,22807274,N/A,burger,,0,2448.6839999999997,0,486.4173004827307
Sep-2026,Ahmedabad,22807344,N/A,"wraps, rolls and sandwiches",,0,14948.0,0,2452.5799809545074
Sep-2026,Ahmedabad,22808467,N/A,pizza,,0,5010.536,0,740.1366207525264
Sep-2026,Ahmedabad,22808823,N/A,north indian,,0,154565.345,0,55814.88968554051
Sep-2026,Ahmedabad,22808868,N/A,international,,0,1327.0,0,452.9867890380305
Sep-2026,Ahmedabad,22809158,N/A,ice cream,,0,31718.740000000005,0,3359.2895083414855
Sep-2026,Ahmedabad,22809219,N/A,cakes,,0,1546.546,0,150.14964166833812
Sep-2026,Ahmedabad,22809264,N/A,north indian,,0,28519.618000000002,0,4593.032908197712
Sep-2026,Ahmedabad,22809516,N/A,south indian,,0,22249.718,0,3849.17657464097
Sep-2026,Ahmedabad,22809586,N/A,burger,,0,5191.46,0,730.7369435919933
Sep-2026,Ahmedabad,22809659,N/A,street food,,0,260.238,0,0.04132709282059932
Sep-2026,Ahmedabad,22810199,N/A,street food,,0,5108.886,0,-49.94527090219168
Sep-2026,Ahmedabad,22810359,N/A,mithai,,0,37982.20300000001,0,6161.587036805675
Sep-2026,Ahmedabad,22811202,N/A,street food,,0,702.394,0,-2.702920860532217
Sep-2026,Ahmedabad,22811607,N/A,north indian,,0,1226.938,0,296.5800571286601
Sep-2026,Ahmedabad,22811776,N/A,chinese,,0,21470.574,0,4081.439777624149
Sep-2026,Ahmedabad,22812116,N/A,south indian,,0,3128.959,0,426.54377884194895
Sep-2026,Ahmedabad,22812231,N/A,burger,,0,5311.2,0,1504.754232932905
Sep-2026,Ahmedabad,22812371,N/A,chinese,,0,3050.312,0,80.94752033916862
Sep-2026,Ahmedabad,22812750,N/A,street food,,0,4058.8860000000004,0,557.6463251485294
Sep-2026,Ahmedabad,22812826,N/A,pizza,,0,23415.798,0,2676.656227940147
Sep-2026,Ahmedabad,22813141,N/A,burger,,0,15979.516,0,2316.989402567476
Sep-2026,Ahmedabad,22813335,N/A,north indian,,0,8159.224,0,1766.349580682043
Sep-2026,Ahmedabad,22813346,N/A,south indian,,0,7704.612000000002,0,1898.1562651982904
Sep-2026,Ahmedabad,22813449,N/A,pizza,,0,385.002,0,0.041600780167325366
Sep-2026,Ahmedabad,22814773,N/A,north indian,,0,35720.295,0,2631.444796304291
Sep-2026,Ahmedabad,22814955,N/A,ice cream,,0,2178.09,0,448.8282532907409
Sep-2026,Ahmedabad,22814986,N/A,street food,,0,27933.23,0,7299.456351802454
Sep-2026,Ahmedabad,22815197,N/A,north indian,,0,13668.946,0,250.14024398246661
Sep-2026,Ahmedabad,22815505,N/A,north indian,,0,18406.203999999998,0,2386.420153931097
Sep-2026,Ahmedabad,22815567,N/A,street food,,0,15135.2,0,2757.677794819078
Sep-2026,Ahmedabad,22815753,N/A,pizza,,0,2539.962,0,188.57793077220947
Sep-2026,Ahmedabad,22816327,N/A,burger,,0,6302.684000000001,0,1391.48701479612
Sep-2026,Ahmedabad,22816492,N/A,north indian,,0,2880.773,0,575.7314439911924
Sep-2026,Ahmedabad,22816540,N/A,north indian,,0,8130.683999999998,0,1338.889760050892
Sep-2026,Ahmedabad,22817736,N/A,chinese,,0,33687.268,0,6612.625447162247
Sep-2026,Ahmedabad,22818032,N/A,north indian,,0,5764.928000000001,0,876.4117104480574
Sep-2026,Ahmedabad,22818294,N/A,south indian,,0,18707.134000000002,0,4923.87334911425
Sep-2026,Ahmedabad,22819048,N/A,north indian,,0,16723.132,0,3311.489077008906
Sep-2026,Ahmedabad,22819371,N/A,north indian,,0,17661.993,0,3458.2093277918843
Sep-2026,Ahmedabad,22820116,N/A,north indian,,0,12508.598,0,1724.9714956691732
Sep-2026,Ahmedabad,22820165,N/A,north indian,,0,20721.866,0,-5440.3926035908235
Sep-2026,Ahmedabad,22820394,N/A,burger,,0,51348.134,0,10883.97541307588
Sep-2026,Ahmedabad,22820459,N/A,"wraps, rolls and sandwiches",,0,21774.125000000004,0,5713.02904418495
Sep-2026,Ahmedabad,22820645,N/A,burger,,0,5793.76,0,573.3219107790784
Sep-2026,Ahmedabad,22820756,N/A,desserts,,0,38755.03599999999,0,8197.953174904651
Sep-2026,Ahmedabad,22820811,N/A,north indian,,0,3726.5199999999995,0,800.8569698860949
Sep-2026,Ahmedabad,22820935,N/A,street food,,0,92009.12900000002,0,25817.54564799527
Sep-2026,Ahmedabad,22821092,N/A,street food,,0,58680.99300000001,0,18169.511961215758
Sep-2026,Ahmedabad,22821293,N/A,north indian,,0,35601.135,0,5034.666159341914
Sep-2026,Ahmedabad,22821328,N/A,north indian,,0,193.084,0,0.21324499638011163
Sep-2026,Ahmedabad,22821561,N/A,north indian,,0,55394.261999999995,0,9859.16508949718
Sep-2026,Ahmedabad,22821899,N/A,desserts,,0,7218.984999999999,0,924.728095848659
Sep-2026,Ahmedabad,22822349,N/A,international,,0,15157.581999999997,0,4539.5642322316235
Sep-2026,Ahmedabad,22822422,N/A,north indian,,0,81902.976,0,12865.364851885635
Sep-2026,Ahmedabad,22822611,N/A,street food,,0,386.916,0,93.68330449313156
Sep-2026,Ahmedabad,22822729,N/A,south indian,,0,588.736,0,37.391978581114685
Sep-2026,Ahmedabad,22822826,N/A,north indian,,0,49551.17999999999,0,6297.554852578013
Sep-2026,Ahmedabad,22823043,N/A,"wraps, rolls and sandwiches",,0,6412.252,0,1091.9150268435155
Sep-2026,Ahmedabad,22823159,N/A,beverages,,0,4450.334000000001,0,851.1330203719513
Sep-2026,Ahmedabad,22823232,N/A,street food,,0,270.00199999999995,0,0.041600780167325366
Sep-2026,Ahmedabad,22823485,N/A,street food,,0,1677.034,0,132.39242936267573
Sep-2026,Ahmedabad,22823697,N/A,north indian,,0,9726.618,0,4339.722656710553
Sep-2026,Ahmedabad,22823845,N/A,ice cream,,0,2524.688,0,-384.9535063460894
Sep-2026,Ahmedabad,22823948,N/A,beverages,,0,1598.0720000000001,0,160.24883243179633
Sep-2026,Ahmedabad,22824460,N/A,north indian,,0,30313.989999999998,0,8214.93237680574
Sep-2026,Ahmedabad,22824750,N/A,international,,0,2507.868,0,242.0039077847763
Sep-2026,Ahmedabad,22824781,N/A,"wraps, rolls and sandwiches",,0,14243.085,0,-4101.9194230982275
Sep-2026,Ahmedabad,22824995,N/A,mithai,,0,6253.934,0,854.1469559452656
Sep-2026,Ahmedabad,22825439,N/A,chinese,,0,12961.576000000001,0,2949.4537435674083
Sep-2026,Ahmedabad,22825721,N/A,street food,,0,19467.823999999997,0,-1613.8637160022777
Sep-2026,Ahmedabad,22825917,N/A,international,,0,5876.384,0,-1203.7327451914769
Sep-2026,Ahmedabad,22826005,N/A,south indian,,0,10747.835000000001,0,330.6769238007513
Sep-2026,Ahmedabad,22826024,N/A,north indian,,0,3421.364,0,-616.4944700861388
Sep-2026,Ahmedabad,22826535,N/A,street food,,0,2677.566,0,300.55570451406294
Sep-2026,Ahmedabad,22827434,N/A,"wraps, rolls and sandwiches",,0,18126.640000000003,0,3654.228630166579
Sep-2026,Ahmedabad,22828089,N/A,ice cream,,0,2879.9860000000003,0,-55.58392729357912
Sep-2026,Ahmedabad,22828235,N/A,north indian,,0,13174.189999999999,0,3540.020596572241
Sep-2026,Ahmedabad,22829555,N/A,street food,,0,8705.127,0,2080.6433669213675
Sep-2026,Ahmedabad,22829846,N/A,"wraps, rolls and sandwiches",,0,455.988,0,0.19588992655557635
Sep-2026,Ahmedabad,22829891,N/A,beverages,,0,3884.28,0,330.6316656023147
Sep-2026,Ahmedabad,22829972,N/A,beverages,,0,320.998,0,69.92270960605964
Sep-2026,Ahmedabad,22830469,N/A,pizza,,0,49743.162000000004,0,7919.9347400629185
Sep-2026,Ahmedabad,22830591,N/A,north indian,,0,8644.25,0,462.6171252321461
Sep-2026,Ahmedabad,22830806,N/A,north indian,,0,5620.101,0,609.9871896119805
Sep-2026,Ahmedabad,22830810,N/A,north indian,,0,2855.966,0,175.44222809087645
Sep-2026,Ahmedabad,22830950,N/A,north indian,,0,3399.188,0,531.0041668743402
Sep-2026,Ahmedabad,22831050,N/A,north indian,,0,32984.416000000005,0,5392.374833061863
Sep-2026,Ahmedabad,22831500,N/A,north indian,,0,1144.964,0,198.95937931876102
Sep-2026,Ahmedabad,22831683,N/A,"wraps, rolls and sandwiches",,0,3158.544,0,587.1660877746526
Sep-2026,Ahmedabad,22831924,N/A,international,,0,1384.3020000000001,0,335.5253775563676
Sep-2026,Ahmedabad,22831988,N/A,north indian,,0,25655.249999999996,0,9686.495563046718
Sep-2026,Ahmedabad,22832020,N/A,north indian,,0,40913.152,0,8252.290748391704
Sep-2026,Ahmedabad,22832128,N/A,pizza,,0,3816.2940000000003,0,591.4973476172136
Sep-2026,Ahmedabad,22832485,N/A,chinese,,0,479.334,0,55.46011770394364
Sep-2026,Ahmedabad,22832597,N/A,north indian,,0,48044.6,0,9221.38969172965
Sep-2026,Ahmedabad,22832853,N/A,na,,0,282.998,0,0.08161409228598192
Sep-2026,Ahmedabad,22833578,N/A,south indian,,0,85638.59400000001,0,18162.39937385106
Sep-2026,Ahmedabad,22833997,N/A,ice cream,,0,53817.147999999994,0,9946.614320411141
Sep-2026,Ahmedabad,22834158,N/A,international,,0,3247.706,0,741.1026025068165
Sep-2026,Ahmedabad,22835020,N/A,north indian,,0,1005.5859999999999,0,346.00923224006107
Sep-2026,Ahmedabad,22835077,N/A,north indian,,0,305.014,0,75.25347827693295
Sep-2026,Ahmedabad,22835436,N/A,north indian,,0,8083.031999999999,0,923.3677331943306
Sep-2026,Ahmedabad,22836378,N/A,north indian,,0,25261.132,0,-1017.3756141292395
Sep-2026,Ahmedabad,22837371,N/A,"wraps, rolls and sandwiches",,0,2210.382,0,122.8018556488054
Sep-2026,Ahmedabad,22838145,N/A,desserts,,0,8485.594000000001,0,704.8610803313466
Sep-2026,Ahmedabad,22838349,N/A,north indian,,0,2425.0759999999996,0,364.06328978284495
Sep-2026,Ahmedabad,22838489,N/A,street food,,0,1873.8439999999998,0,541.0428604873305
Sep-2026,Ahmedabad,22838556,N/A,desserts,,0,7164.798,0,2176.122971850369
Sep-2026,Ahmedabad,22838934,N/A,"wraps, rolls and sandwiches",,0,9286.754,0,2141.09331132741
Sep-2026,Ahmedabad,22839538,N/A,north indian,,0,792.0600000000001,0,101.2629782634803
Sep-2026,Ahmedabad,22839616,N/A,street food,,0,2653.386,0,357.78938884738363
Sep-2026,Ahmedabad,22839943,N/A,north indian,,0,7255.766,0,1426.3370191469546
Sep-2026,Ahmedabad,22839971,N/A,"wraps, rolls and sandwiches",,0,871.7659999999998,0,215.5498478020312
Sep-2026,Ahmedabad,22839996,N/A,north indian,,0,1084.864,0,120.86557637299903
Sep-2026,Ahmedabad,22840042,N/A,"wraps, rolls and sandwiches",,0,3991.2359999999994,0,-493.602476619615
Sep-2026,Ahmedabad,22840150,N/A,ice cream,,0,8331.47,0,1214.8116073193578
Sep-2026,Ahmedabad,22840539,N/A,pizza,,0,1020.9360000000001,0,1.215825899277795
Sep-2026,Ahmedabad,22840668,N/A,street food,,0,217.082,0,0.04809520575358083
Sep-2026,Ahmedabad,22840878,N/A,beverages,,0,1782.2800000000002,0,114.82012828531373
Sep-2026,Ahmedabad,22840897,N/A,north indian,,0,14128.488000000003,0,3262.7982486537726
Sep-2026,Ahmedabad,22840928,N/A,street food,,0,3947.149999999999,0,610.9601860360756
Sep-2026,Ahmedabad,22841230,N/A,street food,,0,37889.891,0,9248.013612578336
Sep-2026,Ahmedabad,22841848,N/A,north indian,,0,6342.957,0,498.8374200301065
Sep-2026,Ahmedabad,22842005,N/A,north indian,,0,1319.688,0,362.4888497407467
Sep-2026,Ahmedabad,22842173,N/A,street food,,0,3132.592,0,156.68135558039984
Sep-2026,Ahmedabad,22842405,N/A,street food,,0,3333.9760000000006,0,399.87274024202213
Sep-2026,Ahmedabad,22842601,N/A,north indian,,0,9947.583999999999,0,9.721893779493485
Sep-2026,Ahmedabad,22842987,N/A,ice cream,,0,80059.09199999999,0,14918.046782239739
Sep-2026,Ahmedabad,22843197,N/A,north indian,,0,18819.379999999997,0,1358.469419710941
Sep-2026,Ahmedabad,22843422,N/A,pizza,,0,1403.272,0,431.07470218938204
Sep-2026,Ahmedabad,22843495,N/A,street food,,0,6863.914000000001,0,588.7473679345816
Sep-2026,Ahmedabad,22844107,N/A,"wraps, rolls and sandwiches",,0,773.5139999999999,0,111.89592327835739
Sep-2026,Ahmedabad,22844137,N/A,north indian,,0,134.43800000000002,0,0.04480960605964568
Sep-2026,Ahmedabad,22844303,N/A,pizza,,0,99.0,0,-33.155744910177916
Sep-2026,Ahmedabad,22845672,N/A,"wraps, rolls and sandwiches",,0,6780.926,0,681.7736580827626
Sep-2026,Ahmedabad,22846239,N/A,biryani,,0,1092.934,0,18.346792108015805
Sep-2026,Ahmedabad,22846544,N/A,beverages,,0,531.138,0,0.083659298083114
Sep-2026,Ahmedabad,22846730,N/A,north indian,,0,5168.8460000000005,0,516.001664202146
Sep-2026,Ahmedabad,22846954,N/A,chinese,,0,32245.166000000005,0,5262.946398078373
Sep-2026,Ahmedabad,22847069,N/A,south indian,,0,8570.792000000001,0,226.26410842949775
Sep-2026,Ahmedabad,22847305,N/A,north indian,,0,18058.551999999996,0,4096.132534195986
Sep-2026,Ahmedabad,22848285,N/A,south indian,,0,9486.162,0,2113.7349819861365
Sep-2026,Ahmedabad,22848314,N/A,cakes,,0,5512.316,0,1989.94994364213
Sep-2026,Ahmedabad,22848925,N/A,north indian,,0,3452.934,0,445.81474583918634
Sep-2026,Ahmedabad,22849026,N/A,cakes,,0,39985.231999999996,0,11010.362101829074
Sep-2026,Ahmedabad,22849390,N/A,north indian,,0,99398.91300000002,0,22744.44891539245
Sep-2026,Ahmedabad,22849425,N/A,beverages,,0,216.138,0,80.84384056684286
Sep-2026,Ahmedabad,22850119,N/A,north indian,,0,3156.19,0,321.1436507279265
Sep-2026,Ahmedabad,22850157,N/A,street food,,0,3584.7339999999995,0,785.0640153956085
Sep-2026,Ahmedabad,22851116,N/A,south indian,,0,11033.5,0,2862.9661898432146
Sep-2026,Ahmedabad,22851222,N/A,street food,,0,4027.894,0,404.09535330947233
Sep-2026,Ahmedabad,22851648,N/A,street food,,0,10683.387999999999,0,1829.4455845784512
Sep-2026,Ahmedabad,22853701,N/A,na,,0,9285.853999999998,0,-95.74380284585453
Sep-2026,Ahmedabad,22854219,N/A,north indian,,0,25046.995999999996,0,3068.1027279921746
Sep-2026,Ahmedabad,22854331,N/A,biryani,,0,4068.368,0,634.4074260248714
Sep-2026,Ahmedabad,22854396,N/A,burger,,0,9605.948,0,1209.1808310067743
Sep-2026,Ahmedabad,22854451,N/A,north indian,,0,11425.612000000001,0,2458.7920211416003
Sep-2026,Ahmedabad,22854615,N/A,pizza,,0,2201.066,0,628.9362953807826
Sep-2026,Ahmedabad,22855534,N/A,desserts,,0,8689.58,0,-456.05503043423255
Sep-2026,Ahmedabad,22856179,N/A,north indian,,0,4775.603999999999,0,-204.6289804279437
Sep-2026,Ahmedabad,22856276,N/A,street food,,0,22069.944000000003,0,1402.0249190064592
Sep-2026,Ahmedabad,22856310,N/A,street food,,0,37366.742,0,6195.432580636683
Sep-2026,Ahmedabad,22856419,N/A,north indian,,0,5519.470000000001,0,978.2680077590003
Sep-2026,Ahmedabad,22857612,N/A,south indian,,0,1512.6499999999999,0,41.62852393007978
Sep-2026,Ahmedabad,22857761,N/A,chinese,,0,76505.754,0,19879.329686729612
Sep-2026,Ahmedabad,22857942,N/A,north indian,,0,18111.084,0,3993.6116873497385
Sep-2026,Ahmedabad,22857984,N/A,street food,,0,12030.814999999999,0,113.88078783243958
Sep-2026,Ahmedabad,22858881,N/A,north indian,,0,37754.78,0,8569.116034290124
Sep-2026,Ahmedabad,22859069,N/A,international,,0,13469.45,0,3253.455759263
Sep-2026,Ahmedabad,22859164,N/A,"wraps, rolls and sandwiches",,0,3291.508,0,359.282173549139
Sep-2026,Ahmedabad,22859183,N/A,south indian,,0,1049.8319999999999,0,243.5930009170429
Sep-2026,Ahmedabad,22859731,N/A,mithai,,0,180.99800000000002,0,2.9700938322769384
Sep-2026,Ahmedabad,22860007,N/A,north indian,,0,22641.418000000005,0,-2136.3035463880797
Sep-2026,Ahmedabad,22860016,N/A,beverages,,0,402.876,0,26.668619968668168
Sep-2026,Ahmedabad,22860191,N/A,street food,,0,4176.625,0,898.8557318376197
Sep-2026,Ahmedabad,22860585,N/A,north indian,,0,10696.816,0,2647.074176641586
Sep-2026,Ahmedabad,22860855,N/A,north indian,,0,7024.642,0,445.8874099707335
Sep-2026,Ahmedabad,22861129,N/A,pizza,,0,3222.256,0,436.1619684971818
Sep-2026,Ahmedabad,22861750,N/A,north indian,,0,7022.282000000001,0,-747.3535098282414
Sep-2026,Ahmedabad,22861782,N/A,north indian,,0,692.684,0,183.2075449963801
Sep-2026,Ahmedabad,22861930,N/A,street food,,0,1111.2300000000002,0,-30.620102353041048
Sep-2026,Ahmedabad,22861940,N/A,street food,,0,573.796,0,-27.63999112058483
Sep-2026,Ahmedabad,22862345,N/A,chinese,,0,8727.394,0,1725.091759324443
Sep-2026,Ahmedabad,22862718,N/A,north indian,,0,3470.56,0,-1035.1384845197986
Sep-2026,Ahmedabad,22862808,N/A,burger,,0,269.00199999999995,0,-166.23440479424644
Sep-2026,Ahmedabad,22862976,N/A,beverages,,0,3839.5060000000003,0,679.311462576547
Sep-2026,Ahmedabad,22863367,N/A,international,,0,40696.32399999999,0,4122.153074407202
Sep-2026,Ahmedabad,22863840,N/A,street food,,0,38841.43799999999,0,4458.967917619904
Sep-2026,Ahmedabad,22864073,N/A,street food,,0,19774.359000000004,0,3302.628280870495
Sep-2026,Ahmedabad,22865906,N/A,street food,,0,5738.952,0,-548.1668287071241
Sep-2026,Ahmedabad,22866184,N/A,north indian,,0,20285.050000000003,0,695.4646944407516
Sep-2026,Ahmedabad,22866367,N/A,street food,,0,773.544,0,25.4956121840681
Sep-2026,Ahmedabad,22866418,N/A,street food,,0,2135.486,0,696.7413154228077
Sep-2026,Ahmedabad,22866640,N/A,pizza,,0,3285.3599999999997,0,-487.60279350787846
Sep-2026,Ahmedabad,22866918,N/A,street food,,0,2063.2219999999998,0,360.4639899428804
Sep-2026,Ahmedabad,22867617,N/A,north indian,,0,2730.424,0,-283.684070042476
Sep-2026,Ahmedabad,22867793,N/A,street food,,0,11354.596000000001,0,99.46247368028071
Sep-2026,Ahmedabad,22868338,N/A,beverages,,0,3851.8839999999996,0,495.12698802844284
Sep-2026,Ahmedabad,22868674,N/A,street food,,0,5230.17,0,-254.60479992187481
Sep-2026,Ahmedabad,22868764,N/A,south indian,,0,2562.066,0,-217.24358443512156
Sep-2026,Ahmedabad,22869587,N/A,ice cream,,0,38625.552,0,5105.443582829184
Sep-2026,Ahmedabad,22870556,N/A,street food,,0,4399.762000000001,0,-691.9720910164579
Sep-2026,Ahmedabad,22870685,N/A,street food,,0,1870.762,0,325.90967123475843
Sep-2026,Ahmedabad,22871301,N/A,mithai,,0,10341.158000000001,0,1353.461301121071
Sep-2026,Ahmedabad,22871308,N/A,desserts,,0,1519.44,0,238.49003918416872
Sep-2026,Ahmedabad,22871523,N/A,street food,,0,26757.319,0,5450.21834481742
Sep-2026,Ahmedabad,22871545,N/A,north indian,,0,4129.667,0,-208.3948678122093
Sep-2026,Ahmedabad,22872573,N/A,north indian,,0,4229.2,0,140.1402776220067
Sep-2026,Ahmedabad,22872909,N/A,street food,,0,3821.376,0,-129.30054988399743
Sep-2026,Ahmedabad,22873150,N/A,pizza,,0,2833.412,0,343.25592220640516
Sep-2026,Ahmedabad,22874215,N/A,north indian,,0,11753.789999999999,0,904.234561802561
Sep-2026,Ahmedabad,22874906,N/A,beverages,,0,1000.366,0,-198.64665583344333
Sep-2026,Ahmedabad,22874995,N/A,south indian,,0,8162.796,0,402.2479239058772
Sep-2026,Ahmedabad,22875062,N/A,south indian,,0,14706.634000000002,0,655.479359861003
Sep-2026,Ahmedabad,22875218,N/A,north indian,,0,20439.21,0,97.942351211462
Sep-2026,Ahmedabad,22875329,N/A,cakes,,0,6106.786000000001,0,208.8587771445779
Sep-2026,Ahmedabad,22875479,N/A,north indian,,0,2939.412,0,-774.581312620226
Sep-2026,Ahmedabad,22877090,N/A,north indian,,0,13821.356,0,-1392.6094824939707
Sep-2026,Ahmedabad,22877483,N/A,north indian,,0,54182.39199999999,0,12751.810482513009
Sep-2026,Ahmedabad,22878604,N/A,"wraps, rolls and sandwiches",,0,5485.766,0,897.3549881513393
Sep-2026,Ahmedabad,22878780,N/A,street food,,0,4737.712,0,220.6384621873243
Sep-2026,Ahmedabad,22878898,N/A,street food,,0,10755.476,0,1978.4687615419389
Sep-2026,Ahmedabad,22879316,N/A,north indian,,0,8442.674,0,611.0895316109808
Sep-2026,Ahmedabad,22879638,N/A,north indian,,0,7225.820000000001,0,-369.04875868870255
Sep-2026,Ahmedabad,22879750,N/A,beverages,,0,4254.008,0,-110.78407074614228
Sep-2026,Ahmedabad,22880194,N/A,pizza,,0,14075.730000000001,0,761.022325053739
Sep-2026,Ahmedabad,22880448,N/A,chinese,,0,10450.719000000001,0,657.7899654437841
Sep-2026,Ahmedabad,22880718,N/A,north indian,,0,48087.078,0,11510.635475106617
Sep-2026,Ahmedabad,22880764,N/A,burger,,0,3291.8199999999997,0,-413.1540234837782
Sep-2026,Ahmedabad,22880905,N/A,north indian,,0,11113.481999999998,0,795.2769243879306
Sep-2026,Ahmedabad,22880920,N/A,"wraps, rolls and sandwiches",,0,16039.119999999995,0,754.4586974339155
Sep-2026,Ahmedabad,22881043,N/A,north indian,,0,22927.311999999998,0,-61.90561834029002
Sep-2026,Ahmedabad,22881118,N/A,"wraps, rolls and sandwiches",,0,19021.982,0,974.7914708327837
Sep-2026,Ahmedabad,22881416,N/A,biryani,,0,92201.558,0,19682.307081279378
Sep-2026,Ahmedabad,22881509,N/A,north indian,,0,20443.024,0,2491.0424890185013
Sep-2026,Ahmedabad,22881750,N/A,north indian,,0,6420.387000000001,0,-456.0529415104603
Sep-2026,Ahmedabad,22882061,N/A,"wraps, rolls and sandwiches",,0,2015.3339999999998,0,366.1325428469546
Sep-2026,Ahmedabad,22882225,N/A,south indian,,0,2616.424,0,805.4773936718818
Sep-2026,Ahmedabad,22882515,N/A,street food,,0,4485.4400000000005,0,-439.4834712465464
Sep-2026,Ahmedabad,22883522,N/A,burger,,0,1353.978,0,170.20755733403325
Sep-2026,Ahmedabad,22883583,N/A,street food,,0,5286.766,0,244.01005991693998
Sep-2026,Ahmedabad,22883625,N/A,international,,0,9925.776,0,119.0817785489634
Sep-2026,Ahmedabad,22885082,N/A,south indian,,0,10733.8,0,-597.4237446095684
Sep-2026,Ahmedabad,22886310,N/A,north indian,,0,8668.731999999998,0,-512.83146281882
Sep-2026,Ahmedabad,22886779,N/A,street food,,0,8857.996000000001,0,-1003.7075467159223
Sep-2026,Ahmedabad,22886966,N/A,north indian,,0,10682.103999999998,0,165.23072654309786
Sep-2026,Ahmedabad,22887019,N/A,north indian,,0,2475.608,0,607.4104918303544
Sep-2026,Ahmedabad,22887588,N/A,pizza,,0,19635.818000000003,0,176.91885983293366
Sep-2026,Ahmedabad,22887733,N/A,burger,,0,37038.832,0,1235.4244513233718
Sep-2026,Ahmedabad,22888012,N/A,ice cream,,0,2844.062,0,-503.78488434162546
Sep-2026,Ahmedabad,22888247,N/A,north indian,,0,17030.606,0,-1878.8851454243531
Sep-2026,Ahmedabad,22888366,N/A,"wraps, rolls and sandwiches",,0,12806.934000000001,0,-123.11492000263944
Sep-2026,Ahmedabad,22888392,N/A,burger,,0,12752.581000000002,0,1295.6685032519144
Sep-2026,Ahmedabad,22888475,N/A,south indian,,0,92.68799999999999,0,4.273327092820601
Sep-2026,Ahmedabad,22888519,N/A,biryani,,0,12579.804,0,-1010.9621895878372
Sep-2026,Ahmedabad,22888873,N/A,cakes,,0,92444.34,0,38064.88802923992
Sep-2026,Ahmedabad,22888912,N/A,street food,,0,23543.762000000006,0,-1731.5786853882562
Sep-2026,Ahmedabad,22888969,N/A,pizza,,0,508.32400000000007,0,-153.15603202747312
Sep-2026,Ahmedabad,22889371,N/A,street food,,0,1127.7440000000001,0,-84.97341343900194
Sep-2026,Ahmedabad,22889665,N/A,burger,,0,25744.385000000006,0,-165.20377522753012
Sep-2026,Ahmedabad,22889707,N/A,north indian,,0,1722.6220000000003,0,-305.91783369241045
Sep-2026,Ahmedabad,22890047,N/A,street food,,0,2438.5060000000003,0,-209.10146208389125
Sep-2026,Ahmedabad,22890147,N/A,north indian,,0,19449.308,0,-1534.3677363365566
Sep-2026,Ahmedabad,22891111,N/A,desserts,,0,13036.694000000001,0,927.7199889113073
Sep-2026,Ahmedabad,22891268,N/A,ice cream,,0,735.1879999999999,0,154.75992810503766
Sep-2026,Ahmedabad,22891335,N/A,desserts,,0,44271.334,0,-313.5441096476808
Sep-2026,Ahmedabad,22891435,N/A,north indian,,0,4396.696,0,-612.4412673570798
Sep-2026,Ahmedabad,22891439,N/A,north indian,,0,2850.3380000000006,0,1897.1781156039112
Sep-2026,Ahmedabad,22891864,N/A,"wraps, rolls and sandwiches",,0,185551.45700000002,0,39976.43289064469
Sep-2026,Ahmedabad,22891962,N/A,mithai,,0,416.582,0,0.04809520575358083
Sep-2026,Ahmedabad,22892124,N/A,north indian,,0,2664.706,0,-475.837168871685
Sep-2026,Ahmedabad,22892380,N/A,north indian,,0,1363.666,0,315.66356342099994
Sep-2026,Ahmedabad,22892433,N/A,international,,0,3227.616,0,-122.10981195719745
Sep-2026,Ahmedabad,22892444,N/A,street food,,0,1966.212,0,-131.41561366217948
Sep-2026,Ahmedabad,22892529,N/A,north indian,,0,75926.41399999999,0,2464.485812817491
Sep-2026,Ahmedabad,22892811,N/A,north indian,,0,2873.8099999999995,0,642.9680359888159
Sep-2026,Ahmedabad,22892938,N/A,north indian,,0,13548.526,0,-1022.1466839393844
Sep-2026,Ahmedabad,22893049,N/A,north indian,,0,637.6840000000001,0,9.654237272464773
Sep-2026,Ahmedabad,22893260,N/A,pizza,,0,412.92600000000004,0,-16.454164054946254
Sep-2026,Ahmedabad,22893668,N/A,burger,,0,42908.108,0,-2607.5066854517568
Sep-2026,Ahmedabad,22893703,N/A,street food,,0,1040.008,0,49.67394362588212
Sep-2026,Ahmedabad,22893775,N/A,beverages,,0,7129.416,0,-514.836310952506
Sep-2026,Ahmedabad,22894017,N/A,chinese,,0,1281.3519999999999,0,-338.41229792822344
Sep-2026,Ahmedabad,22894508,N/A,south indian,,0,1769.4800000000002,0,324.10187876848516
Sep-2026,Ahmedabad,22894740,N/A,north indian,,0,2122.986,0,-129.54843829205592
Sep-2026,Ahmedabad,22894999,N/A,south indian,,0,5393.17,0,-357.67273126959077
Sep-2026,Ahmedabad,22895821,N/A,street food,,0,20522.916,0,-2229.0827183840006
Sep-2026,Ahmedabad,22896788,N/A,north indian,,0,7461.400000000001,0,1237.9963496535256
Sep-2026,Ahmedabad,22896824,N/A,pizza,,0,42665.906,0,3098.7340380324226
Sep-2026,Ahmedabad,22896832,N/A,pizza,,0,9542.202000000001,0,-8.385133991535724
Sep-2026,Ahmedabad,22897012,N/A,north indian,,0,1122.998,0,656.4687712032793
Sep-2026,Ahmedabad,22897252,N/A,north indian,,0,817.884,0,-136.9703726806668
Sep-2026,Ahmedabad,22897824,N/A,street food,,0,4267.754,0,-389.75805027451827
Sep-2026,Ahmedabad,22897828,N/A,north indian,,0,40128.986,0,-3649.1374144413094
Sep-2026,Ahmedabad,22898043,N/A,"wraps, rolls and sandwiches",,0,5868.2,0,-866.8567828187973
Sep-2026,Ahmedabad,22898133,N/A,street food,,0,22348.104999999996,0,-1184.7826653776629
Sep-2026,Ahmedabad,22898234,N/A,chinese,,0,44403.59399999999,0,-2059.7055760767007
Sep-2026,Ahmedabad,22898506,N/A,na,,0,3486.9950000000003,0,96.15281008924934
Sep-2026,Ahmedabad,22898583,N/A,desserts,,0,875.056,0,1371.532082656571
Sep-2026,Ahmedabad,22898854,N/A,"wraps, rolls and sandwiches",,0,1406.9719999999998,0,136.08612290328034
Sep-2026,Ahmedabad,22898874,N/A,beverages,,0,42846.021,0,-926.9109892795058
Sep-2026,Ahmedabad,22898916,N/A,street food,,0,3154.606,0,-490.8468103318443
Sep-2026,Ahmedabad,22899006,N/A,north indian,,0,3138.408,0,463.7878310243207
Sep-2026,Ahmedabad,22899015,N/A,"wraps, rolls and sandwiches",,0,331.99600000000004,0,5.525669182108068
Sep-2026,Ahmedabad,22899107,N/A,street food,,0,7399.418,0,691.892371706261
Sep-2026,Ahmedabad,22899370,N/A,north indian,,0,3635.996,0,18.34174118510658
Sep-2026,Ahmedabad,22899457,N/A,street food,,0,6670.982,0,-866.4231569495687
Sep-2026,Ahmedabad,22899517,N/A,street food,,0,4199.858,0,-680.2384527384289
Sep-2026,Ahmedabad,22899932,N/A,pizza,,0,6491.55,0,1079.3496973432132
Sep-2026,Ahmedabad,22900170,N/A,na,,0,2668.432,0,493.5431746604365
Sep-2026,Ahmedabad,22900211,N/A,north indian,,0,12399.316,0,-315.70782573333713
Sep-2026,Ahmedabad,22900238,N/A,north indian,,0,2281.2960000000003,0,459.74934889950384
Sep-2026,Ahmedabad,22900538,N/A,pizza,,0,121.53200000000001,0,1.960795205753581
Sep-2026,Ahmedabad,22900590,N/A,pizza,,0,174.03199999999998,0,2.949692340260012
Sep-2026,Ahmedabad,22900850,N/A,street food,,0,9982.102,0,-428.96481798703104
Sep-2026,Ahmedabad,22901071,N/A,chinese,,0,1142.06,0,-75.55384374055454
Sep-2026,Ahmedabad,22901342,N/A,beverages,,0,5075.963999999999,0,-206.12691176784273
Sep-2026,Ahmedabad,22901717,N/A,south indian,,0,1684.0640000000003,0,373.3588448060942
Sep-2026,Ahmedabad,22901764,N/A,south indian,,0,1820.2420000000002,0,396.8116236699339
Sep-2026,Ahmedabad,22901787,N/A,street food,,0,238.376,0,-40.5734186971808
Sep-2026,Ahmedabad,22903302,N/A,burger,,0,5076.444,0,2639.2287614639
Sep-2026,Ahmedabad,22903353,N/A,street food,,0,12018.486,0,1127.6640154890868
Sep-2026,Ahmedabad,22903706,N/A,street food,,0,8478.612000000001,0,-849.9664517900322
Sep-2026,Ahmedabad,22904033,N/A,street food,,0,532.998,0,4.941655089822086
Sep-2026,Ahmedabad,22904648,N/A,beverages,,0,127789.942,0,31048.801155454003
Sep-2026,Ahmedabad,22905058,N/A,international,,0,15613.689,0,681.7595927674997
Sep-2026,Ahmedabad,22905276,N/A,burger,,0,4748.691999999999,0,2434.703113293644
Sep-2026,Ahmedabad,22906305,N/A,street food,,0,433.002,0,0.02842613381746315
Sep-2026,Ahmedabad,22906335,N/A,biryani,,0,4412.031999999999,0,592.6676973034632
Sep-2026,Ahmedabad,22906468,N/A,desserts,,0,60494.407999999996,0,8075.6256005490795
Sep-2026,Ahmedabad,22907384,N/A,street food,,0,71734.81,0,-3534.372657336972
Sep-2026,Ahmedabad,22907577,N/A,beverages,,0,1310.31,0,45.63757799310244
Sep-2026,Ahmedabad,22907595,N/A,biryani,,0,13401.214000000002,0,-469.99056180227126
Sep-2026,Ahmedabad,22908544,N/A,north indian,,0,4519.494,0,56.23055817064011
Sep-2026,Ahmedabad,22908941,N/A,pizza,,0,10168.02,0,-303.6628228518568
Sep-2026,Ahmedabad,22910100,N/A,north indian,,0,10124.491,0,-1000.4101916700704
Sep-2026,Ahmedabad,22910263,N/A,beverages,,0,287.37600000000003,0,70.3416764525333
Sep-2026,Ahmedabad,22910541,N/A,street food,,0,859.626,0,-35.073263301119766
Sep-2026,Ahmedabad,22911236,N/A,pizza,,0,1642.214,0,171.33102683850774
Sep-2026,Ahmedabad,22911432,N/A,beverages,,0,586.626,0,10.225654185641199
Sep-2026,Ahmedabad,22911491,N/A,north indian,,0,3377.018,0,37.48523958639481
Sep-2026,Ahmedabad,22911564,N/A,"wraps, rolls and sandwiches",,0,596.514,0,113.92343966730229
Sep-2026,Ahmedabad,22912035,N/A,desserts,,0,25079.63,0,6470.2068184545415
Sep-2026,Ahmedabad,22912942,N/A,na,,0,547.996,0,127.23002306234898
Sep-2026,Ahmedabad,22913706,N/A,north indian,,0,1944.172,0,-68.1506756972689
Sep-2026,Ahmedabad,22913800,N/A,north indian,,0,4058.238,0,1223.8789042179424
Sep-2026,Ahmedabad,22913977,N/A,north indian,,0,5702.75,0,-101.37068747461431
Sep-2026,Ahmedabad,22914811,N/A,mithai,,0,1897.7459999999999,0,-161.88661674558077
Sep-2026,Ahmedabad,22915765,N/A,pizza,,0,570.9240000000001,0,97.67150391758062
Sep-2026,Ahmedabad,22916086,N/A,na,,0,552.996,0,-36.45646405494625
Sep-2026,Ahmedabad,22916676,N/A,ice cream,,0,1702.51,0,51.820136170919746
Sep-2026,Ahmedabad,22916924,N/A,street food,,0,1095.1860000000001,0,19.442599840931397
Sep-2026,Ahmedabad,22917066,N/A,na,,0,2862.072,0,-45.370498960170586
Sep-2026,Ahmedabad,22917180,N/A,south indian,,0,2215.1479999999997,0,25.37261827896694
Sep-2026,Ahmedabad,22917313,N/A,"wraps, rolls and sandwiches",,0,2305.7,0,-50.54954042720242
Sep-2026,Ahmedabad,22917817,N/A,north indian,,0,1218.15,0,-180.8430182404447
Sep-2026,Ahmedabad,22918082,N/A,chinese,,0,2773.9500000000003,0,-549.684026715684
Sep-2026,Ahmedabad,22918998,N/A,biryani,,0,798.006,0,180.56471393321738
Sep-2026,Ahmedabad,22919024,N/A,biryani,,0,308.836,0,-17.523330817891924
Sep-2026,Ahmedabad,22919136,N/A,regional,,0,1521.268,0,-167.31975345207195
Sep-2026,Ahmedabad,22919276,N/A,street food,,0,2503.7780000000002,0,20.100064092934172
Sep-2026,Ahmedabad,22919364,N/A,"wraps, rolls and sandwiches",,0,1898.076,0,-405.93574999535804
Sep-2026,Ahmedabad,22919415,N/A,north indian,,0,1980.0059999999999,0,-124.39293448161625
Sep-2026,Ahmedabad,22919431,N/A,north indian,,0,3800.398,0,860.638624066424
Sep-2026,Ahmedabad,22919523,N/A,street food,,0,1302.4920000000002,0,-130.04850763771316
Sep-2026,Ahmedabad,22919817,N/A,"wraps, rolls and sandwiches",,0,5526.544,0,-150.761882185369
Sep-2026,Ahmedabad,22920038,N/A,street food,,0,764.174,0,43.24699498581318
Sep-2026,Ahmedabad,22920264,N/A,north indian,,0,1061.9,0,12.454259609097534
Sep-2026,Ahmedabad,22920411,N/A,south indian,,0,324.998,0,0.07305508982208582
Sep-2026,Ahmedabad,22921607,N/A,cakes,,0,2148.228,0,-13.151095856553379
Sep-2026,Ahmedabad,22922729,N/A,north indian,,0,268.638,0,76.3787999204657
Sep-2026,Ahmedabad,22923295,N/A,north indian,,0,222.388,0,43.90226797252688
Sep-2026,Ahmedabad,22926474,N/A,ice cream,,0,175.188,0,43.90226797252688
Sep-2026,Ahmedabad,22929123,N/A,pizza,,0,189.888,0,3.2227679725268708
Sep-2026,Ahmedabad,19355060,aman.khandelwal@zomato.com,ice cream,,8136,7869.084000000001,1707,1635.3870330060474
Sep-2026,Ahmedabad,22145854,aman.khandelwal@zomato.com,ice cream,,26291,10271.687,6071,1138.0114987893257
Sep-2026,Ahmedabad,22409553,aman.khandelwal@zomato.com,ice cream,,24404,35950.14200000001,6418,9831.165071513036
Sep-2026,Ahmedabad,20495890,ananya.s@zomato.com,chinese,,315407,222937.66700000002,57198,54211.99204663633
Sep-2026,Ahmedabad,20495909,ananya.s@zomato.com,north indian,,225789,157008.946,41524,36444.84680434081
Sep-2026,Ahmedabad,20495916,ananya.s@zomato.com,chinese,,857,0.0,150,0.0
Sep-2026,Ahmedabad,20503187,ananya.s@zomato.com,chinese,,268816,473425.34200000006,50502,98833.48262934435
Sep-2026,Ahmedabad,20503200,ananya.s@zomato.com,north indian,,213339,251879.97899999996,40291,48991.282285763
Sep-2026,Ahmedabad,20623255,ananya.s@zomato.com,chinese,,346386,290618.858,65459,67345.09006473554
Sep-2026,Ahmedabad,20637531,ananya.s@zomato.com,north indian,,227357,153858.953,43597,33443.71383307095
Sep-2026,Ahmedabad,20637543,ananya.s@zomato.com,chinese,,479,0.0,81,0.0
Sep-2026,Ahmedabad,20637549,ananya.s@zomato.com,chinese,,726,313.368,121,56.20259383227694
Sep-2026,Ahmedabad,20637585,ananya.s@zomato.com,chinese,,282063,272395.08700000006,68624,58825.77230820142
Sep-2026,Ahmedabad,20637588,ananya.s@zomato.com,north indian,,167268,132314.23099999997,43767,30328.20183234896
Sep-2026,Ahmedabad,22600960,ananya.s@zomato.com,north indian,,24481,18361.618,4105,3607.8865044281188
Sep-2026,Ahmedabad,22600961,ananya.s@zomato.com,chinese,,37166,55216.42,5557,11994.178663268258
Sep-2026,Ahmedabad,22600964,ananya.s@zomato.com,chinese,,965,0.0,153,0.0
Sep-2026,Ahmedabad,19171726,anoushka.gandotra@zomato.com,beverages,,257200,277410.46400000004,39242,47908.77501657879
Sep-2026,Ahmedabad,19171728,anoushka.gandotra@zomato.com,beverages,,301079,338015.507,41228,50668.03233020734
Sep-2026,Ahmedabad,19603067,anoushka.gandotra@zomato.com,beverages,,187103,209206.26000000004,25281,44978.67897123328
Sep-2026,Ahmedabad,20101695,anoushka.gandotra@zomato.com,beverages,,262001,284643.042,39761,44982.71633623739
Sep-2026,Ahmedabad,20836800,anoushka.gandotra@zomato.com,beverages,,132311,160806.83800000002,17822,23844.351919163986
Sep-2026,Ahmedabad,20879435,anoushka.gandotra@zomato.com,beverages,,192610,231330.181,25788,28842.367569577233
Sep-2026,Ahmedabad,20932305,anoushka.gandotra@zomato.com,beverages,,74039,1022.806,11305,877.1197543755784
Sep-2026,Ahmedabad,21001759,anoushka.gandotra@zomato.com,beverages,,264508,434371.43999999994,35584,56651.25441089133
Sep-2026,Ahmedabad,21297451,anoushka.gandotra@zomato.com,beverages,,85736,160409.106,15272,23876.837717022005
Sep-2026,Ahmedabad,21400439,anoushka.gandotra@zomato.com,beverages,,100520,140952.328,16169,17259.33838812454
Sep-2026,Ahmedabad,110519,ansh.arora@zomato.com,burger,,322465,476972.484,44422,70937.27278662396
Sep-2026,Ahmedabad,112945,ansh.arora@zomato.com,burger,,971573,984894.769,119811,136325.36321187473
Sep-2026,Ahmedabad,19676315,ansh.arora@zomato.com,burger,,222097,282407.54099999997,28655,46412.004076467536
Sep-2026,Ahmedabad,19746962,ansh.arora@zomato.com,burger,,616761,722216.57,80695,103279.68308183597
Sep-2026,Ahmedabad,19818406,ansh.arora@zomato.com,burger,,715082,728130.3409999999,82570,103689.6289278449
Sep-2026,Ahmedabad,20690401,ansh.arora@zomato.com,burger,,270281,0.0,27004,0.0
Sep-2026,Ahmedabad,20808137,ansh.arora@zomato.com,burger,,970138,528965.7960000001,137083,80110.4028889189
Sep-2026,Ahmedabad,20861221,ansh.arora@zomato.com,burger,,669430,656281.264,76638,88043.01880994182
Sep-2026,Ahmedabad,21056230,ansh.arora@zomato.com,burger,,627725,676226.3559999999,81502,95072.64139489834
Sep-2026,Ahmedabad,21433742,ansh.arora@zomato.com,burger,,619193,677891.784,77975,101692.10636362148
Sep-2026,Ahmedabad,21544661,ansh.arora@zomato.com,burger,,514867,548891.471,68876,82622.74902906324
Sep-2026,Ahmedabad,21591047,ansh.arora@zomato.com,burger,,592338,618496.718,82554,98019.47644709847
Sep-2026,Ahmedabad,21602591,ansh.arora@zomato.com,burger,,276940,268442.645,38770,46542.04049370002
Sep-2026,Ahmedabad,22876793,ansh.arora@zomato.com,burger,,0,100231.96699999998,0,9708.424220238421
Sep-2026,Ahmedabad,20481636,apeksha.raina@zomato.com,cakes,,49372,35775.178,10560,6250.328655464178
Sep-2026,Ahmedabad,20481644,apeksha.raina@zomato.com,cakes,,116199,111542.95299999998,25764,27312.22142995167
Sep-2026,Ahmedabad,20481660,apeksha.raina@zomato.com,cakes,,0,894.586,0,138.12618903803053
Sep-2026,Ahmedabad,20495778,apeksha.raina@zomato.com,cakes,,19516,31749.52,3246,6686.993511260804
Sep-2026,Ahmedabad,20495793,apeksha.raina@zomato.com,cakes,,25966,26757.601000000006,5496,4369.720271584826
Sep-2026,Ahmedabad,20495836,apeksha.raina@zomato.com,cakes,,99874,69652.009,22281,22303.68421164262
Sep-2026,Ahmedabad,20495846,apeksha.raina@zomato.com,cakes,,130541,123392.77799999999,32866,29426.14025054298
Sep-2026,Ahmedabad,20495896,apeksha.raina@zomato.com,cakes,,205,2002.7399999999998,44,357.1430682779343
Sep-2026,Ahmedabad,20495911,apeksha.raina@zomato.com,cakes,,414,340.30899999999997,48,14.285659298083111
Sep-2026,Ahmedabad,20581867,apeksha.raina@zomato.com,pizza,,101307,42840.161,22103,10805.443839092648
Sep-2026,Ahmedabad,20581880,apeksha.raina@zomato.com,pizza,,188610,214069.122,41642,39760.81281853767
Sep-2026,Ahmedabad,20581887,apeksha.raina@zomato.com,pizza,,195560,173814.477,47060,35573.6407177176
Sep-2026,Ahmedabad,20581891,apeksha.raina@zomato.com,pizza,,49846,34757.641,12010,8319.545075347582
Sep-2026,Ahmedabad,20581894,apeksha.raina@zomato.com,pizza,,48510,36874.520000000004,11818,10253.983470760808
Sep-2026,Ahmedabad,20622767,apeksha.raina@zomato.com,cakes,,47971,31036.126,8307,5389.482582232293
Sep-2026,Ahmedabad,20623318,apeksha.raina@zomato.com,cakes,,39702,28013.218999999994,8178,5623.361912930905
Sep-2026,Ahmedabad,20623326,apeksha.raina@zomato.com,cakes,,36440,62126.652,7551,7992.459093248505
Sep-2026,Ahmedabad,20989062,apeksha.raina@zomato.com,pizza,,204129,171673.713,46029,36396.31701664257
Sep-2026,Ahmedabad,21059634,apeksha.raina@zomato.com,pizza,,211704,232641.363,43174,57600.195543081856
Sep-2026,Ahmedabad,21059658,apeksha.raina@zomato.com,pizza,,274663,274258.19399999996,51367,57518.69550835628
Sep-2026,Ahmedabad,21059685,apeksha.raina@zomato.com,international,,147878,66697.317,35119,17637.55315677169
Sep-2026,Ahmedabad,21195319,apeksha.raina@zomato.com,pizza,,48602,26206.82,10336,6417.393222219251
Sep-2026,Ahmedabad,21469629,apeksha.raina@zomato.com,pizza,,18348,5138.984,2127,425.53897189141185
Sep-2026,Ahmedabad,21650611,apeksha.raina@zomato.com,pizza,,0,170.988,0,31.013292875847554
Sep-2026,Ahmedabad,22136663,apeksha.raina@zomato.com,pizza,,66426,0.0,8880,0.0
Sep-2026,Ahmedabad,22137478,apeksha.raina@zomato.com,pizza,,17054,0.0,2194,0.0
Sep-2026,Ahmedabad,22341234,apeksha.raina@zomato.com,pizza,,20869,38514.509999999995,3029,8906.701931411859
Sep-2026,Ahmedabad,22341970,apeksha.raina@zomato.com,pizza,,731,8416.62,488,1077.6673717836463
Sep-2026,Ahmedabad,22341991,apeksha.raina@zomato.com,pizza,,30121,35316.474,7480,9173.852172745626
Sep-2026,Ahmedabad,22342012,apeksha.raina@zomato.com,pizza,,45816,30927.000000000004,7558,5498.635832996326
Sep-2026,Ahmedabad,22342751,apeksha.raina@zomato.com,international,,6051,0.0,1723,0.0
Sep-2026,Ahmedabad,22342777,apeksha.raina@zomato.com,pizza,,7351,4947.502,1863,2229.4793920682555
Sep-2026,Ahmedabad,19528892,arunima.das@zomato.com,ice cream,,98631,91127.41400000002,24480,21434.221299655044
Sep-2026,Ahmedabad,19539347,arunima.das@zomato.com,ice cream,,121057,100919.852,31483,26685.602203453207
Sep-2026,Ahmedabad,19806930,arunima.das@zomato.com,ice cream,,129759,102561.944,32039,25777.40461611835
Sep-2026,Ahmedabad,20097172,arunima.das@zomato.com,ice cream,,80436,64699.95,18107,18158.53029097645
Sep-2026,Ahmedabad,20281088,arunima.das@zomato.com,ice cream,,119235,95289.963,29118,24709.3211734646
Sep-2026,Ahmedabad,20438905,arunima.das@zomato.com,ice cream,,80398,59525.922,19444,16805.938089542582
Sep-2026,Ahmedabad,20505180,arunima.das@zomato.com,ice cream,,45839,36228.813,12431,7489.425873895052
Sep-2026,Ahmedabad,20505278,arunima.das@zomato.com,ice cream,,37079,42762.89899999999,10245,10427.031959830696
Sep-2026,Ahmedabad,20505284,arunima.das@zomato.com,ice cream,,42764,31619.892000000003,11360,7270.775767518737
Sep-2026,Ahmedabad,20505288,arunima.das@zomato.com,ice cream,,29252,36682.319,7996,7284.113795528663
Sep-2026,Ahmedabad,20505291,arunima.das@zomato.com,ice cream,,25631,17090.802,6555,3360.2978277003804
Sep-2026,Ahmedabad,20505990,arunima.das@zomato.com,ice cream,,30109,22437.251,8206,5633.883889551519
Sep-2026,Ahmedabad,21947668,arunima.das@zomato.com,ice cream,,65610,64154.796,17197,19748.007819454557
Sep-2026,Ahmedabad,21947680,arunima.das@zomato.com,ice cream,,21225,22848.279999999995,6411,6311.572386377324
Sep-2026,Ahmedabad,21960685,arunima.das@zomato.com,ice cream,,1429,3527.75,0,-378.1287093933941
Sep-2026,Ahmedabad,21960830,arunima.das@zomato.com,ice cream,,1475,2070.005,94,-658.0319624245018
Sep-2026,Ahmedabad,21960859,arunima.das@zomato.com,ice cream,,3206,0.0,326,0.0
Sep-2026,Ahmedabad,21960872,arunima.das@zomato.com,ice cream,,2405,716.974,127,-124.71423618957839
Sep-2026,Ahmedabad,21960937,arunima.das@zomato.com,ice cream,,1678,588.808,23,-175.21791192927486
Sep-2026,Ahmedabad,21960975,arunima.das@zomato.com,ice cream,,4495,1784.9780000000003,-88,-180.96806508662365
Sep-2026,Ahmedabad,22461023,arunima.das@zomato.com,ice cream,,18892,34621.937999999995,4373,11543.615361798918
Sep-2026,Ahmedabad,22461033,arunima.das@zomato.com,ice cream,,108596,109287.59999999999,27586,26702.394439163003
Sep-2026,Ahmedabad,22623039,arunima.das@zomato.com,ice cream,,39651,101752.68999999999,10535,22794.244363561786
Sep-2026,Ahmedabad,22623139,arunima.das@zomato.com,ice cream,,18422,23540.095999999998,4021,8520.756437290345
Sep-2026,Ahmedabad,110381,daksh.sethi@zomato.com,"wraps, rolls and sandwiches",,68800,319396.385,9051,45545.34169733537
Sep-2026,Ahmedabad,110384,daksh.sethi@zomato.com,"wraps, rolls and sandwiches",,492336,408533.219,69324,56755.072450334614
Sep-2026,Ahmedabad,110388,daksh.sethi@zomato.com,"wraps, rolls and sandwiches",,354855,300323.10000000003,50590,43781.595672605006
Sep-2026,Ahmedabad,110389,daksh.sethi@zomato.com,"wraps, rolls and sandwiches",,351462,317804.6889999999,50177,45675.042152880895
Sep-2026,Ahmedabad,110390,daksh.sethi@zomato.com,"wraps, rolls and sandwiches",,123551,266088.39599999995,21255,46106.326962400184
Sep-2026,Ahmedabad,111835,daksh.sethi@zomato.com,"wraps, rolls and sandwiches",,222255,235681.94,33722,42177.765949846165
Sep-2026,Ahmedabad,112019,daksh.sethi@zomato.com,"wraps, rolls and sandwiches",,282715,255702.29900000003,44511,34943.2275733717
Sep-2026,Ahmedabad,112106,daksh.sethi@zomato.com,"wraps, rolls and sandwiches",,137245,214168.065,26754,38511.04966868131
Sep-2026,Ahmedabad,112151,daksh.sethi@zomato.com,"wraps, rolls and sandwiches",,180899,140478.62699999998,26544,16436.177555496124
Sep-2026,Ahmedabad,112381,daksh.sethi@zomato.com,"wraps, rolls and sandwiches",,204091,252129.98599999998,30923,37377.04617407867
Sep-2026,Ahmedabad,112386,daksh.sethi@zomato.com,"wraps, rolls and sandwiches",,257175,277059.048,36993,45025.376116708496
Sep-2026,Ahmedabad,18991015,daksh.sethi@zomato.com,"wraps, rolls and sandwiches",,185550,172608.44299999997,31677,27428.412773244003
Sep-2026,Ahmedabad,19003670,daksh.sethi@zomato.com,"wraps, rolls and sandwiches",,198898,137317.96699999998,29603,20229.01598029023
Sep-2026,Ahmedabad,19191235,daksh.sethi@zomato.com,"wraps, rolls and sandwiches",,365691,432476.11999999994,57641,60055.86996189484
Sep-2026,Ahmedabad,19209353,daksh.sethi@zomato.com,"wraps, rolls and sandwiches",,360816,336862.26800000004,60462,54849.434576816726
Sep-2026,Ahmedabad,19534018,daksh.sethi@zomato.com,"wraps, rolls and sandwiches",,195678,249163.50900000002,40705,44650.46651058952
Sep-2026,Ahmedabad,19844595,daksh.sethi@zomato.com,"wraps, rolls and sandwiches",,305339,328566.898,61308,61859.86132488347
Sep-2026,Ahmedabad,20304884,daksh.sethi@zomato.com,"wraps, rolls and sandwiches",,233625,195772.50699999995,37091,30967.62288980118
Sep-2026,Ahmedabad,21394228,daksh.sethi@zomato.com,"wraps, rolls and sandwiches",,149386,182316.598,22027,26533.18889681404
Sep-2026,Ahmedabad,112868,eisht.kain@zomato.com,pizza,,222270,361346.58199999994,30200,60208.65783793759
Sep-2026,Ahmedabad,18973305,eisht.kain@zomato.com,pizza,,394057,419104.527,62573,69539.71548930056
Sep-2026,Ahmedabad,19556508,eisht.kain@zomato.com,pizza,,27547,0.0,6554,0.0
Sep-2026,Ahmedabad,19755714,eisht.kain@zomato.com,pizza,,38708,0.0,8180,0.0
Sep-2026,Ahmedabad,20943479,eisht.kain@zomato.com,street food,,102266,81265.933,15751,14795.372568089431
Sep-2026,Ahmedabad,110271,gaurav.kapoor@zomato.com,burger,,1127233,947527.0040000004,144797,149616.0769858399
Sep-2026,Ahmedabad,110272,gaurav.kapoor@zomato.com,burger,,1444780,1316977.1900000009,192272,214148.83525606178
Sep-2026,Ahmedabad,110478,gaurav.kapoor@zomato.com,burger,,1457360,1189887.3800000006,203661,197359.87634555763
Sep-2026,Ahmedabad,112081,gaurav.kapoor@zomato.com,burger,,1168985,965880.7560000003,143374,159632.9093779132
Sep-2026,Ahmedabad,112312,gaurav.kapoor@zomato.com,burger,,1267196,1053288.7330000002,170961,174664.45240486393
Sep-2026,Ahmedabad,112842,gaurav.kapoor@zomato.com,burger,,1126105,859563.4980000004,147106,134787.36658807273
Sep-2026,Ahmedabad,113408,gaurav.kapoor@zomato.com,burger,,408507,322915.39800000004,58985,53540.32243836432
Sep-2026,Ahmedabad,18554457,gaurav.kapoor@zomato.com,burger,,1000893,1024205.5660000006,125931,166109.55458733914
Sep-2026,Ahmedabad,18563265,gaurav.kapoor@zomato.com,burger,,1388754,1234582.1840000006,184619,207235.90191609858
Sep-2026,Ahmedabad,18825633,gaurav.kapoor@zomato.com,burger,,687156,610364.1910000002,91817,96244.15202926222
Sep-2026,Ahmedabad,18924015,gaurav.kapoor@zomato.com,burger,,2105852,1750368.8660000009,266577,280773.0925495031
Sep-2026,Ahmedabad,19131365,gaurav.kapoor@zomato.com,burger,,1947663,1844448.718000001,250908,276643.33141371264
Sep-2026,Ahmedabad,19143890,gaurav.kapoor@zomato.com,beverages,,1111,0.0,120,0.0
Sep-2026,Ahmedabad,19154214,gaurav.kapoor@zomato.com,beverages,,2341,0.0,252,0.0
Sep-2026,Ahmedabad,19154231,gaurav.kapoor@zomato.com,beverages,,1092,1308.176,80,204.65610267698182
Sep-2026,Ahmedabad,19154295,gaurav.kapoor@zomato.com,beverages,,225,480.548,-59,72.57329040084556
Sep-2026,Ahmedabad,19154303,gaurav.kapoor@zomato.com,beverages,,0,1091.122,0,157.59934945125337
Sep-2026,Ahmedabad,19154309,gaurav.kapoor@zomato.com,beverages,,186,309.81800000000004,24,43.27234056684286
Sep-2026,Ahmedabad,19154330,gaurav.kapoor@zomato.com,beverages,,2758,3164.6879999999996,254,163.36632113719747
Sep-2026,Ahmedabad,19274718,gaurav.kapoor@zomato.com,burger,,1065328,1078175.0020000006,150789,175184.61779263537
Sep-2026,Ahmedabad,19355014,gaurav.kapoor@zomato.com,beverages,,127,2929.514,21,393.9132865481459
Sep-2026,Ahmedabad,20053500,gaurav.kapoor@zomato.com,burger,,1288438,1449731.2760000003,178652,239203.4834109529
Sep-2026,Ahmedabad,20564194,gaurav.kapoor@zomato.com,burger,,817822,748498.387,91979,106067.1369944417
Sep-2026,Ahmedabad,20564410,gaurav.kapoor@zomato.com,beverages,,914,0.0,44,0.0
Sep-2026,Ahmedabad,20647805,gaurav.kapoor@zomato.com,burger,,896632,866855.7620000001,131769,145223.3368576678
Sep-2026,Ahmedabad,20742570,gaurav.kapoor@zomato.com,beverages,,564,249.882,67,39.84842613381746
Sep-2026,Ahmedabad,20747097,gaurav.kapoor@zomato.com,burger,,1215131,1095359.1130000004,166101,185580.48630275746
Sep-2026,Ahmedabad,20855631,gaurav.kapoor@zomato.com,beverages,,698,0.0,45,0.0
Sep-2026,Ahmedabad,20951385,gaurav.kapoor@zomato.com,burger,,451,1192.468,0,0.13072197968345384
Sep-2026,Ahmedabad,20951592,gaurav.kapoor@zomato.com,beverages,,1876,0.0,253,0.0
Sep-2026,Ahmedabad,20951597,gaurav.kapoor@zomato.com,burger,,1221227,1052058.1700000002,177910,171394.42314045763
Sep-2026,Ahmedabad,21081138,gaurav.kapoor@zomato.com,burger,,936555,967900.1830000002,140349,157804.59486528975
Sep-2026,Ahmedabad,21081142,gaurav.kapoor@zomato.com,beverages,,0,273.908,0,43.9613270928206
Sep-2026,Ahmedabad,21122927,gaurav.kapoor@zomato.com,burger,,873604,897747.7660000002,125994,135416.11615010828
Sep-2026,Ahmedabad,21122933,gaurav.kapoor@zomato.com,beverages,,441,0.0,15,0.0
Sep-2026,Ahmedabad,112917,harshita.dhingra@zomato.com,beverages,,275449,161714.025,74078,37791.60671419728
Sep-2026,Ahmedabad,18661029,harshita.dhingra@zomato.com,beverages,,171266,183117.536,44315,57342.27372404592
Sep-2026,Ahmedabad,18749727,harshita.dhingra@zomato.com,beverages,,141416,143571.111,37987,36778.664271412585
Sep-2026,Ahmedabad,18791472,harshita.dhingra@zomato.com,beverages,,130542,112811.854,22988,22284.401379825642
Sep-2026,Ahmedabad,19163154,harshita.dhingra@zomato.com,beverages,,344842,271901.717,98338,77440.38651332154
Sep-2026,Ahmedabad,19504979,harshita.dhingra@zomato.com,beverages,,357816,365712.493,91970,100770.74399003183
Sep-2026,Ahmedabad,19505638,harshita.dhingra@zomato.com,beverages,,62365,58719.852,12352,16260.47277749077
Sep-2026,Ahmedabad,19514776,harshita.dhingra@zomato.com,beverages,,447876,261930.17799999999,116197,64456.661102262835
Sep-2026,Ahmedabad,19556781,harshita.dhingra@zomato.com,beverages,,347525,326162.0470000001,69187,83039.67753491942
Sep-2026,Ahmedabad,19623710,harshita.dhingra@zomato.com,beverages,,329354,385312.5349999999,87722,100391.97076954498
Sep-2026,Ahmedabad,19660485,harshita.dhingra@zomato.com,beverages,,152530,114261.78599999996,40738,26402.489252232346
Sep-2026,Ahmedabad,20013238,harshita.dhingra@zomato.com,beverages,,132145,174507.44600000003,35360,44723.271523569834
Sep-2026,Ahmedabad,20015968,harshita.dhingra@zomato.com,beverages,,192277,168269.65300000002,49643,40154.51424410844
Sep-2026,Ahmedabad,20032330,harshita.dhingra@zomato.com,beverages,,134554,100559.02599999998,35190,24944.472655218182
Sep-2026,Ahmedabad,20127461,harshita.dhingra@zomato.com,beverages,,189165,147154.10400000002,50370,45273.2076406245
Sep-2026,Ahmedabad,20244955,harshita.dhingra@zomato.com,beverages,,113686,155345.879,29459,33945.13668539307
Sep-2026,Ahmedabad,20269350,harshita.dhingra@zomato.com,beverages,,148091,111072.987,40714,25795.130178928637
Sep-2026,Ahmedabad,20311665,harshita.dhingra@zomato.com,beverages,,255575,200662.96000000002,67311,51488.49239933211
Sep-2026,Ahmedabad,20409701,harshita.dhingra@zomato.com,beverages,,170197,218364.05100000006,43515,55727.262431605785
Sep-2026,Ahmedabad,20412499,harshita.dhingra@zomato.com,beverages,,198128,199140.39200000002,52497,52300.019641795196
Sep-2026,Ahmedabad,20532934,harshita.dhingra@zomato.com,beverages,,54702,76464.758,17323,20070.3554314506
Sep-2026,Ahmedabad,20625853,harshita.dhingra@zomato.com,beverages,,224547,408825.17299999995,61536,111753.92005777839
Sep-2026,Ahmedabad,20645064,harshita.dhingra@zomato.com,beverages,,90366,113462.687,27011,31076.272560170375
Sep-2026,Ahmedabad,20666518,harshita.dhingra@zomato.com,beverages,,56861,51306.626000000004,12190,10279.22763102659
Sep-2026,Ahmedabad,20696024,harshita.dhingra@zomato.com,beverages,,295397,284154.275,79112,79210.4370641597
Sep-2026,Ahmedabad,20830231,harshita.dhingra@zomato.com,beverages,,210861,158169.46,54872,37379.93900114593
Sep-2026,Ahmedabad,20876444,harshita.dhingra@zomato.com,beverages,,133332,176650.46,36497,48514.48890406555
Sep-2026,Ahmedabad,20918418,harshita.dhingra@zomato.com,beverages,,494706,368145.99600000004,131789,92099.50049006341
Sep-2026,Ahmedabad,21286590,harshita.dhingra@zomato.com,beverages,,236198,244272.54499999998,62068,61730.44659151498
Sep-2026,Ahmedabad,21461894,harshita.dhingra@zomato.com,beverages,,327879,322818.38100000005,84062,76471.58576537129
Sep-2026,Ahmedabad,21486924,harshita.dhingra@zomato.com,beverages,,144504,115673.50600000002,39430,38461.39091361655
Sep-2026,Ahmedabad,21561681,harshita.dhingra@zomato.com,beverages,,38690,60822.39,7932,13541.264117272318
Sep-2026,Ahmedabad,21792191,harshita.dhingra@zomato.com,beverages,,239371,237359.33,63229,59505.65712434885
Sep-2026,Ahmedabad,21822408,harshita.dhingra@zomato.com,beverages,,621250,478248.3919999999,162662,125896.16547404141
Sep-2026,Ahmedabad,21905464,harshita.dhingra@zomato.com,beverages,,211557,224825.76800000004,54547,53704.79974897279
Sep-2026,Ahmedabad,21905759,harshita.dhingra@zomato.com,beverages,,200647,200940.47800000003,56041,53471.06858943825
Sep-2026,Ahmedabad,22038671,harshita.dhingra@zomato.com,beverages,,328703,352760.43700000003,94781,107081.13640544917
Sep-2026,Ahmedabad,22038720,harshita.dhingra@zomato.com,beverages,,145486,135617.15200000003,39574,36332.50105546282
Sep-2026,Ahmedabad,22040568,harshita.dhingra@zomato.com,beverages,,13279,16245.24,3017,3375.5980744178023
Sep-2026,Ahmedabad,22136977,harshita.dhingra@zomato.com,beverages,,152616,125102.59400000001,32443,28800.45237155958
Sep-2026,Ahmedabad,22189385,harshita.dhingra@zomato.com,beverages,,199089,171205.92700000005,50058,45713.63810948943
Sep-2026,Ahmedabad,22230182,harshita.dhingra@zomato.com,beverages,,183560,127222.39,54469,38361.66648331937
Sep-2026,Ahmedabad,22317529,harshita.dhingra@zomato.com,beverages,,336615,236234.858,88921,59990.40325800987
Sep-2026,Ahmedabad,22534450,harshita.dhingra@zomato.com,beverages,,111698,92194.938,27221,22246.00398753179
Sep-2026,Ahmedabad,22595805,harshita.dhingra@zomato.com,beverages,,49238,57561.598,9604,16291.216476026953
Sep-2026,Ahmedabad,22603444,harshita.dhingra@zomato.com,beverages,,113458,127094.226,21701,30673.636568351234
Sep-2026,Ahmedabad,22659028,harshita.dhingra@zomato.com,beverages,,90288,184972.18899999998,22451,50827.26916887196
Sep-2026,Ahmedabad,22772752,harshita.dhingra@zomato.com,beverages,,0,218022.711,0,57194.20622859455
Sep-2026,Ahmedabad,20592443,jaskaran.bakshi@zomato.com,street food,,111295,116688.37700000002,15555,24032.50369859121
Sep-2026,Ahmedabad,20783528,jaskaran.bakshi@zomato.com,street food,,254663,141025.212,46558,24612.90871419693
Sep-2026,Ahmedabad,20919105,jaskaran.bakshi@zomato.com,street food,,229276,181725.349,35797,36206.48117817962
Sep-2026,Ahmedabad,20919109,jaskaran.bakshi@zomato.com,chinese,,392464,298850.87899999996,60158,54118.285257775395
Sep-2026,Ahmedabad,21102420,jaskaran.bakshi@zomato.com,street food,,61493,59905.820999999996,12284,9208.019032859751
Sep-2026,Ahmedabad,21102422,jaskaran.bakshi@zomato.com,chinese,,280740,172828.06500000003,54607,30613.4613882979
Sep-2026,Ahmedabad,21199428,jaskaran.bakshi@zomato.com,street food,,166098,113693.40299999999,21646,27115.062153478455
Sep-2026,Ahmedabad,21199447,jaskaran.bakshi@zomato.com,chinese,,190482,64976.29400000001,31605,14761.007966975223
Sep-2026,Ahmedabad,21305106,jaskaran.bakshi@zomato.com,street food,,218975,122595.426,32762,23222.833944187787
Sep-2026,Ahmedabad,21305107,jaskaran.bakshi@zomato.com,chinese,,181518,107175.341,45752,21981.89684231667
Sep-2026,Ahmedabad,21433899,jaskaran.bakshi@zomato.com,chinese,,215079,114597.99399999998,50846,22199.392816792133
Sep-2026,Ahmedabad,21433910,jaskaran.bakshi@zomato.com,street food,,160918,108668.496,21439,19136.983052551714
Sep-2026,Ahmedabad,21894541,jaskaran.bakshi@zomato.com,street food,,203583,147934.15199999997,32797,33838.98847075835
Sep-2026,Ahmedabad,21916219,jaskaran.bakshi@zomato.com,ice cream,,868,1163.936,132,390.23500074754793
Sep-2026,Ahmedabad,21916293,jaskaran.bakshi@zomato.com,ice cream,,5778,7733.252,1289,1486.7189798509992
Sep-2026,Ahmedabad,21927051,jaskaran.bakshi@zomato.com,ice cream,,544,0.0,86,0.0
Sep-2026,Ahmedabad,21942867,jaskaran.bakshi@zomato.com,ice cream,,1040,3832.8640000000005,63,815.9965361927362
Sep-2026,Ahmedabad,21942872,jaskaran.bakshi@zomato.com,ice cream,,5136,5993.575999999999,682,941.2815822794139
Sep-2026,Ahmedabad,22334183,jaskaran.bakshi@zomato.com,chinese,,41061,75589.613,10591,18004.485256357177
Sep-2026,Ahmedabad,22334237,jaskaran.bakshi@zomato.com,ice cream,,5509,7714.973000000001,558,1409.333818290728
Sep-2026,Ahmedabad,19676587,kriti.lahoty@zomato.com,ice cream,,25332,6760.717000000001,8506,439.49237842430074
Sep-2026,Ahmedabad,20387493,kriti.lahoty@zomato.com,ice cream,,16364,683.84,5432,-22.51652250301066
Sep-2026,Ahmedabad,20409829,kriti.lahoty@zomato.com,ice cream,,0,317.72099999999995,0,0.08805133849092027
Sep-2026,Ahmedabad,20558794,kriti.lahoty@zomato.com,ice cream,,0,433.178,0,0.10437169675953605
Sep-2026,Ahmedabad,20919118,kriti.lahoty@zomato.com,ice cream,,13304,3485.786,5194,382.40933201935496
Sep-2026,Ahmedabad,21006994,kriti.lahoty@zomato.com,ice cream,,0,242.99800000000002,0,0.08805133849092027
Sep-2026,Ahmedabad,21849577,kriti.lahoty@zomato.com,ice cream,,0,362.446,0,73.05975437557846
Sep-2026,Ahmedabad,22036281,kriti.lahoty@zomato.com,ice cream,,31984,2759.514,183,-599.6224656525073
Sep-2026,Ahmedabad,22152160,kriti.lahoty@zomato.com,beverages,,252771,120805.39500000002,50841,18383.54506566517
Sep-2026,Ahmedabad,22334362,kriti.lahoty@zomato.com,beverages,,283469,207330.385,58794,45329.4319295062
Sep-2026,Ahmedabad,22500983,kriti.lahoty@zomato.com,ice cream,,26783,5628.911999999999,7009,549.55692721387
Sep-2026,Ahmedabad,22640586,kriti.lahoty@zomato.com,ice cream,,29348,5817.782999999999,7771,-679.5971306540195
Sep-2026,Ahmedabad,22783122,kriti.lahoty@zomato.com,beverages,,0,172293.78900000002,0,39128.08153813532
Sep-2026,Ahmedabad,22791668,kriti.lahoty@zomato.com,ice cream,,0,700.095,0,106.21097263807009
Sep-2026,Ahmedabad,18554316,meenal.suri@zomato.com,desserts,,299551,265840.427,44004,52485.089994379756
Sep-2026,Ahmedabad,18573387,meenal.suri@zomato.com,desserts,,357040,174426.369,52143,27604.3925487197
Sep-2026,Ahmedabad,18580326,meenal.suri@zomato.com,desserts,,427598,339686.73300000007,59217,54924.31796957635
Sep-2026,Ahmedabad,18582921,meenal.suri@zomato.com,desserts,,146504,200742.157,27738,36488.20465127146
Sep-2026,Ahmedabad,18598185,meenal.suri@zomato.com,desserts,,139889,85772.36400000002,26233,22664.174568547183
Sep-2026,Ahmedabad,19236223,meenal.suri@zomato.com,desserts,,357696,270213.13100000005,60803,46059.35696789273
Sep-2026,Ahmedabad,19302126,meenal.suri@zomato.com,desserts,,84613,261650.021,12679,46655.08782382257
Sep-2026,Ahmedabad,19520293,meenal.suri@zomato.com,desserts,,337677,183639.53900000002,54762,28354.065363000256
Sep-2026,Ahmedabad,19522608,meenal.suri@zomato.com,desserts,,63764,168822.97400000002,9874,26598.135607588403
Sep-2026,Ahmedabad,19989599,meenal.suri@zomato.com,desserts,,151634,182435.43300000002,22139,32265.109096147724
Sep-2026,Ahmedabad,20544422,meenal.suri@zomato.com,desserts,,369821,233917.025,53166,35928.81353171937
Sep-2026,Ahmedabad,20642400,meenal.suri@zomato.com,desserts,,104202,97544.314,25201,17440.555440516277
Sep-2026,Ahmedabad,20681346,meenal.suri@zomato.com,desserts,,172192,143432.838,21149,23453.350187877073
Sep-2026,Ahmedabad,20685401,meenal.suri@zomato.com,desserts,,254412,275076.50000000006,89912,90847.24820225383
Sep-2026,Ahmedabad,20686276,meenal.suri@zomato.com,desserts,,167830,128012.822,31406,20977.51513532977
Sep-2026,Ahmedabad,20755445,meenal.suri@zomato.com,desserts,,260658,209273.80800000002,88841,70893.25395650313
Sep-2026,Ahmedabad,20907445,meenal.suri@zomato.com,desserts,,539360,514556.20699999994,78876,82186.27454937666
Sep-2026,Ahmedabad,20908814,meenal.suri@zomato.com,desserts,,596522,544198.0229999998,87689,83987.24325325718
Sep-2026,Ahmedabad,20908821,meenal.suri@zomato.com,desserts,,1017999,938331.3030000001,149296,147750.44541568423
Sep-2026,Ahmedabad,20924776,meenal.suri@zomato.com,desserts,,1112341,1016176.2939999999,149751,166151.48526450462
Sep-2026,Ahmedabad,20957997,meenal.suri@zomato.com,desserts,,1169363,827210.661,171592,134798.92002389158
Sep-2026,Ahmedabad,20991741,meenal.suri@zomato.com,desserts,,748335,864928.8409999993,102815,122474.39645075823
Sep-2026,Ahmedabad,21098702,meenal.suri@zomato.com,desserts,,169002,140655.74599999998,23914,22880.821217890967
Sep-2026,Ahmedabad,21196835,meenal.suri@zomato.com,desserts,,152231,70206.272,20700,11596.521093385538
Sep-2026,Ahmedabad,21386878,meenal.suri@zomato.com,desserts,,461680,274927.36600000004,65898,43871.459724445
Sep-2026,Ahmedabad,21651917,meenal.suri@zomato.com,desserts,,262652,291017.859,41165,52979.94863399649
Sep-2026,Ahmedabad,21726056,meenal.suri@zomato.com,desserts,,678154,642509.8999999999,98043,98417.51727527061
Sep-2026,Ahmedabad,22012474,meenal.suri@zomato.com,desserts,,198717,330224.169,35853,54433.4741980873
Sep-2026,Ahmedabad,22476993,meenal.suri@zomato.com,desserts,,253320,94585.37800000001,35017,14608.191982232456
Sep-2026,Ahmedabad,22749084,meenal.suri@zomato.com,desserts,,0,606462.0920000002,0,94926.84843522243
Sep-2026,Ahmedabad,113252,niharika.wadhwa@zomato.com,"wraps, rolls and sandwiches",,202242,271655.44399999996,48513,58910.86274821583
Sep-2026,Ahmedabad,113335,niharika.wadhwa@zomato.com,"wraps, rolls and sandwiches",,220991,245080.68300000002,34706,50375.34487668354
Sep-2026,Ahmedabad,18371311,niharika.wadhwa@zomato.com,biryani,,158933,193939.13,31372,35905.54211476785
Sep-2026,Ahmedabad,18371313,niharika.wadhwa@zomato.com,biryani,,222408,196172.71999999997,37165,44657.21202965993
Sep-2026,Ahmedabad,18371316,niharika.wadhwa@zomato.com,biryani,,208322,215194.05600000004,30773,39030.24200265924
Sep-2026,Ahmedabad,18371318,niharika.wadhwa@zomato.com,biryani,,174491,140018.65600000002,25636,32459.71327334345
Sep-2026,Ahmedabad,18396234,niharika.wadhwa@zomato.com,"wraps, rolls and sandwiches",,279001,236066.02399999998,60249,54544.47301447514
Sep-2026,Ahmedabad,18396238,niharika.wadhwa@zomato.com,"wraps, rolls and sandwiches",,176662,138699.77700000003,36966,27837.27312018534
Sep-2026,Ahmedabad,18552619,niharika.wadhwa@zomato.com,desserts,,69352,97533.75899999998,12104,12571.333318642643
Sep-2026,Ahmedabad,18552620,niharika.wadhwa@zomato.com,desserts,,63864,86726.84799999998,12368,13295.199892083037
Sep-2026,Ahmedabad,18552624,niharika.wadhwa@zomato.com,desserts,,93483,74773.40500000001,14268,12083.080801498365
Sep-2026,Ahmedabad,18552626,niharika.wadhwa@zomato.com,desserts,,63905,56096.020000000004,10622,8289.649018785754
Sep-2026,Ahmedabad,18603020,niharika.wadhwa@zomato.com,international,,8577,22378.763,970,2569.6260050321703
Sep-2026,Ahmedabad,18603021,niharika.wadhwa@zomato.com,pizza,,83637,137920.18,17281,29946.15166976215
Sep-2026,Ahmedabad,18603023,niharika.wadhwa@zomato.com,international,,9641,12812.713999999998,1767,2328.502867692602
Sep-2026,Ahmedabad,18603024,niharika.wadhwa@zomato.com,pizza,,100893,113142.79100000001,16356,31595.646303611044
Sep-2026,Ahmedabad,18603027,niharika.wadhwa@zomato.com,international,,13176,6942.008,2133,871.5110317132269
Sep-2026,Ahmedabad,18603030,niharika.wadhwa@zomato.com,pizza,,158782,119574.542,28721,24209.858409994653
Sep-2026,Ahmedabad,18613608,niharika.wadhwa@zomato.com,biryani,,206740,283235.326,29888,52678.70259495088
Sep-2026,Ahmedabad,18613624,niharika.wadhwa@zomato.com,pizza,,152438,163649.41700000002,28919,35909.091602042936
Sep-2026,Ahmedabad,18613640,niharika.wadhwa@zomato.com,"wraps, rolls and sandwiches",,146417,205714.772,23272,37836.18201327104
Sep-2026,Ahmedabad,18614668,niharika.wadhwa@zomato.com,desserts,,87903,125198.99200000001,14333,17504.201863160913
Sep-2026,Ahmedabad,18615799,niharika.wadhwa@zomato.com,international,,33046,20812.835000000003,4885,3072.362669138873
Sep-2026,Ahmedabad,18667819,niharika.wadhwa@zomato.com,international,,15561,6919.436000000001,2422,1102.0533003660978
Sep-2026,Ahmedabad,18667822,niharika.wadhwa@zomato.com,"wraps, rolls and sandwiches",,198282,165863.77499999997,32719,34476.1028837542
Sep-2026,Ahmedabad,18667825,niharika.wadhwa@zomato.com,biryani,,168179,202957.71800000005,23358,41019.92250289529
Sep-2026,Ahmedabad,18667826,niharika.wadhwa@zomato.com,pizza,,98788,113012.662,20269,26045.03456690626
Sep-2026,Ahmedabad,18667828,niharika.wadhwa@zomato.com,desserts,,73233,63927.917,15887,10225.493830836478
Sep-2026,Ahmedabad,18884578,niharika.wadhwa@zomato.com,north indian,,115725,76031.137,23937,15308.396175026559
Sep-2026,Ahmedabad,18884608,niharika.wadhwa@zomato.com,north indian,,89816,110761.47,21555,26816.58862506439
Sep-2026,Ahmedabad,18884626,niharika.wadhwa@zomato.com,north indian,,105912,79181.60499999998,21725,16114.63610694566
Sep-2026,Ahmedabad,18884647,niharika.wadhwa@zomato.com,north indian,,214680,140851.94500000004,37795,25226.09751816621
Sep-2026,Ahmedabad,18884665,niharika.wadhwa@zomato.com,north indian,,108404,56247.833,20610,11167.037512457857
Sep-2026,Ahmedabad,18884685,niharika.wadhwa@zomato.com,north indian,,166628,93044.59899999999,38731,23616.009986551628
Sep-2026,Ahmedabad,18899217,niharika.wadhwa@zomato.com,"wraps, rolls and sandwiches",,205698,207938.09799999997,39338,42760.52012744386
Sep-2026,Ahmedabad,18899227,niharika.wadhwa@zomato.com,biryani,,186376,237759.34199999998,24576,45933.65396968003
Sep-2026,Ahmedabad,18899230,niharika.wadhwa@zomato.com,pizza,,148875,119096.511,24856,25879.039316044164
Sep-2026,Ahmedabad,18899233,niharika.wadhwa@zomato.com,international,,16087,16251.194000000001,2513,2254.439072298832
Sep-2026,Ahmedabad,18899236,niharika.wadhwa@zomato.com,desserts,,77530,83434.87900000002,11628,13327.407880505994
Sep-2026,Ahmedabad,18899238,niharika.wadhwa@zomato.com,north indian,,102384,69586.57600000002,16267,13731.602231820667
Sep-2026,Ahmedabad,19119397,niharika.wadhwa@zomato.com,"wraps, rolls and sandwiches",,181491,181054.075,29734,35678.28381609224
Sep-2026,Ahmedabad,19119406,niharika.wadhwa@zomato.com,biryani,,217205,243424.94999999998,31594,46009.62559052513
Sep-2026,Ahmedabad,19119411,niharika.wadhwa@zomato.com,pizza,,148292,118341.23500000002,31067,26286.50991115781
Sep-2026,Ahmedabad,19119419,niharika.wadhwa@zomato.com,international,,13672,7221.239999999999,1418,454.8731925776844
Sep-2026,Ahmedabad,19119422,niharika.wadhwa@zomato.com,desserts,,89367,105907.87,13714,16685.67764938509
Sep-2026,Ahmedabad,19119428,niharika.wadhwa@zomato.com,north indian,,112041,86582.144,22749,16886.629987640892
Sep-2026,Ahmedabad,19230070,niharika.wadhwa@zomato.com,biryani,,91452,124949.457,15458,18961.69700059455
Sep-2026,Ahmedabad,19230078,niharika.wadhwa@zomato.com,biryani,,119024,179757.225,22638,27422.769102476137
Sep-2026,Ahmedabad,19251101,niharika.wadhwa@zomato.com,"wraps, rolls and sandwiches",,245956,229981.24300000002,50264,48146.245135654826
Sep-2026,Ahmedabad,19251103,niharika.wadhwa@zomato.com,biryani,,291420,307975.03099999996,41979,61778.096714530875
Sep-2026,Ahmedabad,19251104,niharika.wadhwa@zomato.com,pizza,,118916,132900.127,17363,31877.784790209185
Sep-2026,Ahmedabad,19251106,niharika.wadhwa@zomato.com,international,,17967,12500.097000000002,2714,2107.2217060350604
Sep-2026,Ahmedabad,19251107,niharika.wadhwa@zomato.com,desserts,,68344,76571.87299999999,11824,11622.77794231482
Sep-2026,Ahmedabad,19251108,niharika.wadhwa@zomato.com,north indian,,112264,96309.266,22155,19209.254636667836
Sep-2026,Ahmedabad,19251110,niharika.wadhwa@zomato.com,biryani,,108714,143841.19599999997,18031,23626.359876303006
Sep-2026,Ahmedabad,19268409,niharika.wadhwa@zomato.com,biryani,,91233,129335.17199999998,14948,18582.87516083806
Sep-2026,Ahmedabad,19268570,niharika.wadhwa@zomato.com,biryani,,68941,135876.245,10110,20593.342232790463
Sep-2026,Ahmedabad,19268583,niharika.wadhwa@zomato.com,biryani,,93479,114472.05099999999,13389,16673.184927547245
Sep-2026,Ahmedabad,19268588,niharika.wadhwa@zomato.com,biryani,,75912,75332.625,9931,9794.415325107713
Sep-2026,Ahmedabad,19268600,niharika.wadhwa@zomato.com,biryani,,99200,119325.22099999999,12340,19617.04619038221
Sep-2026,Ahmedabad,19354462,niharika.wadhwa@zomato.com,biryani,,77766,105743.38000000002,9977,18547.207962972156
Sep-2026,Ahmedabad,19364988,niharika.wadhwa@zomato.com,desserts,,125934,99548.073,18463,14579.691675995251
Sep-2026,Ahmedabad,19365009,niharika.wadhwa@zomato.com,north indian,,145713,94669.125,23647,17452.06431956396
Sep-2026,Ahmedabad,19365012,niharika.wadhwa@zomato.com,biryani,,94730,110257.264,13241,16051.937381587704
Sep-2026,Ahmedabad,19365075,niharika.wadhwa@zomato.com,"wraps, rolls and sandwiches",,217524,214253.972,43030,40060.24284885725
Sep-2026,Ahmedabad,19365077,niharika.wadhwa@zomato.com,biryani,,221099,217396.322,29862,40277.927844786966
Sep-2026,Ahmedabad,19365081,niharika.wadhwa@zomato.com,pizza,,156188,101781.95099999999,33104,20770.484578990374
Sep-2026,Ahmedabad,19365085,niharika.wadhwa@zomato.com,international,,14443,15679.942,2232,2346.9493451105714
Sep-2026,Ahmedabad,19411369,niharika.wadhwa@zomato.com,north indian,,149170,96870.298,19609,21004.94233786679
Sep-2026,Ahmedabad,19411399,niharika.wadhwa@zomato.com,north indian,,164404,109665.542,30252,22844.822921314324
Sep-2026,Ahmedabad,19411783,niharika.wadhwa@zomato.com,north indian,,118940,106206.70199999998,16181,20754.996524432987
Sep-2026,Ahmedabad,19411830,niharika.wadhwa@zomato.com,north indian,,98014,82121.291,16963,18226.543330677618
Sep-2026,Ahmedabad,19411839,niharika.wadhwa@zomato.com,north indian,,156452,124169.24699999999,35313,28305.45963397335
Sep-2026,Ahmedabad,19411854,niharika.wadhwa@zomato.com,north indian,,102501,124889.658,21631,23728.77871013076
Sep-2026,Ahmedabad,19411866,niharika.wadhwa@zomato.com,north indian,,84753,109938.30500000001,21031,23043.993800030705
Sep-2026,Ahmedabad,19412032,niharika.wadhwa@zomato.com,north indian,,200962,162901.14599999998,30846,30078.230392125504
Sep-2026,Ahmedabad,19412089,niharika.wadhwa@zomato.com,north indian,,118917,163102.75,21584,24810.64304925763
Sep-2026,Ahmedabad,19597962,niharika.wadhwa@zomato.com,north indian,,169285,121315.969,26904,22720.642201213057
Sep-2026,Ahmedabad,19839891,niharika.wadhwa@zomato.com,north indian,,17218,27110.69,3354,4367.982541614199
Sep-2026,Ahmedabad,19839907,niharika.wadhwa@zomato.com,north indian,,7065,28986.493000000002,2138,4427.677249815639
Sep-2026,Ahmedabad,19839964,niharika.wadhwa@zomato.com,north indian,,17572,26313.987,3574,4307.303301952613
Sep-2026,Ahmedabad,19840011,niharika.wadhwa@zomato.com,north indian,,17256,21478.745,3702,3687.9058375034924
Sep-2026,Ahmedabad,19840254,niharika.wadhwa@zomato.com,north indian,,7421,13820.683,1965,1989.2916835168105
Sep-2026,Ahmedabad,19840270,niharika.wadhwa@zomato.com,north indian,,15119,23736.916999999998,2994,3667.665164638683
Sep-2026,Ahmedabad,19840275,niharika.wadhwa@zomato.com,north indian,,10632,12981.232,2723,2327.248280868883
Sep-2026,Ahmedabad,19840503,niharika.wadhwa@zomato.com,north indian,,13730,14295.518,3239,2576.0174739229487
Sep-2026,Ahmedabad,19840974,niharika.wadhwa@zomato.com,north indian,,25445,19932.121,5218,3682.9844341380767
Sep-2026,Ahmedabad,20320558,niharika.wadhwa@zomato.com,burger,,168551,137063.43799999997,40839,31490.224050780085
Sep-2026,Ahmedabad,20325384,niharika.wadhwa@zomato.com,burger,,147308,154549.686,33969,32370.852740104354
Sep-2026,Ahmedabad,20327521,niharika.wadhwa@zomato.com,"wraps, rolls and sandwiches",,13016,5411.661999999999,2258,843.2701411061819
Sep-2026,Ahmedabad,20327572,niharika.wadhwa@zomato.com,"wraps, rolls and sandwiches",,24694,14026.398,4052,2180.9764697076207
Sep-2026,Ahmedabad,20328868,niharika.wadhwa@zomato.com,"wraps, rolls and sandwiches",,11618,8902.170000000002,2144,1030.398116997353
Sep-2026,Ahmedabad,20328873,niharika.wadhwa@zomato.com,"wraps, rolls and sandwiches",,16355,6592.362999999999,2697,845.2020916798728
Sep-2026,Ahmedabad,20328913,niharika.wadhwa@zomato.com,"wraps, rolls and sandwiches",,19225,8914.395,3479,561.1477032414086
Sep-2026,Ahmedabad,20328923,niharika.wadhwa@zomato.com,"wraps, rolls and sandwiches",,13880,7408.112999999999,2624,1005.661807414509
Sep-2026,Ahmedabad,20330134,niharika.wadhwa@zomato.com,"wraps, rolls and sandwiches",,27727,12482.630000000001,4444,1965.2759596799458
Sep-2026,Ahmedabad,20330278,niharika.wadhwa@zomato.com,"wraps, rolls and sandwiches",,21555,12547.921999999999,3223,1540.9523115746456
Sep-2026,Ahmedabad,20330532,niharika.wadhwa@zomato.com,"wraps, rolls and sandwiches",,37787,16247.766,5805,2179.109850456509
Sep-2026,Ahmedabad,20330594,niharika.wadhwa@zomato.com,"wraps, rolls and sandwiches",,21861,5149.864,3682,772.2850648019227
Sep-2026,Ahmedabad,20345760,niharika.wadhwa@zomato.com,biryani,,20000,22898.036,2861,4196.506753437686
Sep-2026,Ahmedabad,20345770,niharika.wadhwa@zomato.com,biryani,,27457,16295.117999999999,3626,1925.3990121642803
Sep-2026,Ahmedabad,20345771,niharika.wadhwa@zomato.com,biryani,,33226,14588.859999999997,4794,2094.5318640323426
Sep-2026,Ahmedabad,20345792,niharika.wadhwa@zomato.com,biryani,,15378,17376.192,2359,3448.480049000513
Sep-2026,Ahmedabad,20345796,niharika.wadhwa@zomato.com,biryani,,26047,19759.009000000002,4179,3338.4075332082934
Sep-2026,Ahmedabad,20345799,niharika.wadhwa@zomato.com,biryani,,43346,28271.874,6409,4737.799244907317
Sep-2026,Ahmedabad,20345803,niharika.wadhwa@zomato.com,biryani,,19603,19141.014,2156,3086.640150050202
Sep-2026,Ahmedabad,20345806,niharika.wadhwa@zomato.com,biryani,,15284,24035.146,2413,3506.801353475292
Sep-2026,Ahmedabad,20345814,niharika.wadhwa@zomato.com,biryani,,24145,17322.54,3959,3134.390718263556
Sep-2026,Ahmedabad,20345818,niharika.wadhwa@zomato.com,biryani,,39812,17776.466,5017,2735.5437836707792
Sep-2026,Ahmedabad,20579524,niharika.wadhwa@zomato.com,burger,,143468,143990.988,39883,31597.28818570854
Sep-2026,Ahmedabad,20712661,niharika.wadhwa@zomato.com,burger,,94009,144705.55599999995,32558,29374.04338493849
Sep-2026,Ahmedabad,20851730,niharika.wadhwa@zomato.com,burger,,129801,128565.068,34139,25929.296206098537
Sep-2026,Ahmedabad,20882601,niharika.wadhwa@zomato.com,burger,,224639,147793.768,49764,29238.304465824767
Sep-2026,Ahmedabad,20971889,niharika.wadhwa@zomato.com,north indian,,45566,36476.928,6380,4602.498122728527
Sep-2026,Ahmedabad,20971890,niharika.wadhwa@zomato.com,north indian,,55836,31905.322,8821,5560.112334059182
Sep-2026,Ahmedabad,20971893,niharika.wadhwa@zomato.com,north indian,,68458,44085.43200000001,9965,5449.991635232397
Sep-2026,Ahmedabad,20971898,niharika.wadhwa@zomato.com,north indian,,46294,41607.735,6535,5954.88321511831
Sep-2026,Ahmedabad,20971901,niharika.wadhwa@zomato.com,north indian,,171919,73417.982,25923,12309.867109544355
Sep-2026,Ahmedabad,20971903,niharika.wadhwa@zomato.com,north indian,,82675,56105.077999999994,12383,8754.47972027351
Sep-2026,Ahmedabad,20971907,niharika.wadhwa@zomato.com,north indian,,30092,43416.615999999995,4971,7850.758566288794
Sep-2026,Ahmedabad,20971910,niharika.wadhwa@zomato.com,north indian,,15046,26263.065000000002,2110,3709.857560704394
Sep-2026,Ahmedabad,20987667,niharika.wadhwa@zomato.com,north indian,,56700,26439.216,9029,4144.808403135809
Sep-2026,Ahmedabad,20987767,niharika.wadhwa@zomato.com,north indian,,37457,20464.624000000003,6144,3142.2149073977407
Sep-2026,Ahmedabad,21186015,niharika.wadhwa@zomato.com,pizza,,83327,42332.827,11755,6341.958436058724
Sep-2026,Ahmedabad,21237898,niharika.wadhwa@zomato.com,pizza,,4757,3711.61,997,1107.56794681241
Sep-2026,Ahmedabad,21237949,niharika.wadhwa@zomato.com,pizza,,43568,45970.316,6279,8568.483368424484
Sep-2026,Ahmedabad,21237964,niharika.wadhwa@zomato.com,pizza,,4485,18383.314,1088,3085.9473982814707
Sep-2026,Ahmedabad,21238016,niharika.wadhwa@zomato.com,pizza,,49413,49893.252,6683,7175.421372852441
Sep-2026,Ahmedabad,21238048,niharika.wadhwa@zomato.com,pizza,,2136,28589.313000000002,426,4787.147027786493
Sep-2026,Ahmedabad,21238405,niharika.wadhwa@zomato.com,pizza,,66387,56725.11400000001,7972,8351.655867483812
Sep-2026,Ahmedabad,21238472,niharika.wadhwa@zomato.com,pizza,,0,28717.786,0,4380.9883853003375
Sep-2026,Ahmedabad,21491460,niharika.wadhwa@zomato.com,north indian,,0,7365.063,0,-247.37656332604436
Sep-2026,Ahmedabad,21491511,niharika.wadhwa@zomato.com,biryani,,0,4753.242,0,-187.33890613420843
Sep-2026,Ahmedabad,21491571,niharika.wadhwa@zomato.com,north indian,,0,7479.276,0,-11.320328200025315
Sep-2026,Ahmedabad,21577175,niharika.wadhwa@zomato.com,burger,,36148,114818.73999999999,5156,35408.79777291391
Sep-2026,Ahmedabad,21691276,niharika.wadhwa@zomato.com,biryani,,132230,134481.742,20615,19015.585920320813
Sep-2026,Ahmedabad,21691369,niharika.wadhwa@zomato.com,biryani,,106526,113746.299,16507,17848.265772996638
Sep-2026,Ahmedabad,21691373,niharika.wadhwa@zomato.com,biryani,,86354,133001.764,13272,21182.822645105527
Sep-2026,Ahmedabad,21691412,niharika.wadhwa@zomato.com,biryani,,111514,84490.097,18135,17037.347901515906
Sep-2026,Ahmedabad,21691473,niharika.wadhwa@zomato.com,biryani,,112304,151150.54299999998,18026,23499.97601629185
Sep-2026,Ahmedabad,21691521,niharika.wadhwa@zomato.com,biryani,,198945,190924.12699999998,32633,29479.93951639207
Sep-2026,Ahmedabad,21691533,niharika.wadhwa@zomato.com,biryani,,94337,93655.331,14921,16189.86268700426
Sep-2026,Ahmedabad,21705283,niharika.wadhwa@zomato.com,biryani,,68418,111678.54,11967,17772.105385442796
Sep-2026,Ahmedabad,21705284,niharika.wadhwa@zomato.com,biryani,,117289,141740.40300000002,19461,23231.953600366716
Sep-2026,Ahmedabad,21705285,niharika.wadhwa@zomato.com,biryani,,105867,76918.631,17023,14537.649694422835
Sep-2026,Ahmedabad,21753318,niharika.wadhwa@zomato.com,international,,19398,43138.224,3786,8271.56055975389
Sep-2026,Ahmedabad,21753399,niharika.wadhwa@zomato.com,international,,11227,66870.18800000001,1936,11928.690229370352
Sep-2026,Ahmedabad,21753405,niharika.wadhwa@zomato.com,international,,8512,79433.403,1883,14704.288557277967
Sep-2026,Ahmedabad,21753481,niharika.wadhwa@zomato.com,international,,5006,62320.925,1076,11630.354054065601
Sep-2026,Ahmedabad,21753482,niharika.wadhwa@zomato.com,international,,21744,63037.878000000004,3722,12127.838812257356
Sep-2026,Ahmedabad,21753484,niharika.wadhwa@zomato.com,international,,5867,47332.087,947,8777.630036845438
Sep-2026,Ahmedabad,21753525,niharika.wadhwa@zomato.com,international,,34081,122909.15999999997,5913,21577.71894731253
Sep-2026,Ahmedabad,21753538,niharika.wadhwa@zomato.com,international,,26923,105669.22300000001,4300,18347.05818128506
Sep-2026,Ahmedabad,21753555,niharika.wadhwa@zomato.com,international,,13769,93028.21699999999,2523,18609.662992192098
Sep-2026,Ahmedabad,21753610,niharika.wadhwa@zomato.com,international,,23277,62683.918999999994,3920,11253.507526600924
Sep-2026,Ahmedabad,21753997,niharika.wadhwa@zomato.com,north indian,,63330,28357.385999999995,10592,3075.305085516902
Sep-2026,Ahmedabad,21775133,niharika.wadhwa@zomato.com,north indian,,41701,29276.425000000007,7736,4855.881734957605
Sep-2026,Ahmedabad,21775134,niharika.wadhwa@zomato.com,north indian,,70638,20926.548000000003,11544,3068.09415880281
Sep-2026,Ahmedabad,21775135,niharika.wadhwa@zomato.com,north indian,,52866,15477.932,10559,3638.6810031662717
Sep-2026,Ahmedabad,21775171,niharika.wadhwa@zomato.com,north indian,,136718,39486.638,24256,6840.777984801142
Sep-2026,Ahmedabad,21775185,niharika.wadhwa@zomato.com,north indian,,81702,28306.065000000002,13656,3608.2120401084726
Sep-2026,Ahmedabad,21775253,niharika.wadhwa@zomato.com,north indian,,90005,31280.523999999998,15211,3880.9494938417065
Sep-2026,Ahmedabad,21775312,niharika.wadhwa@zomato.com,north indian,,61838,27153.606,11362,4566.65838086699
Sep-2026,Ahmedabad,21775370,niharika.wadhwa@zomato.com,north indian,,66926,17757.251,12158,3678.8211093547925
Sep-2026,Ahmedabad,21775429,niharika.wadhwa@zomato.com,north indian,,89702,56657.26600000002,15658,9092.73298726538
Sep-2026,Ahmedabad,21904236,niharika.wadhwa@zomato.com,international,,7292,7530.161999999999,1409,1217.0784922519479
Sep-2026,Ahmedabad,21904245,niharika.wadhwa@zomato.com,international,,5679,1939.3720000000003,1173,552.039563202912
Sep-2026,Ahmedabad,21904283,niharika.wadhwa@zomato.com,international,,12957,13351.445999999998,2550,1987.5763607038946
Sep-2026,Ahmedabad,21904338,niharika.wadhwa@zomato.com,international,,32978,2856.964,5735,572.6564637734903
Sep-2026,Ahmedabad,21904339,niharika.wadhwa@zomato.com,international,,4254,8007.73,745,1492.8570034499633
Sep-2026,Ahmedabad,21904380,niharika.wadhwa@zomato.com,international,,41569,29029.320000000003,8023,4643.626377916729
Sep-2026,Ahmedabad,21904407,niharika.wadhwa@zomato.com,international,,4494,3124.84,869,451.94124245284127
Sep-2026,Ahmedabad,21904468,niharika.wadhwa@zomato.com,international,,38984,18358.603,6729,2445.054136571581
Sep-2026,Ahmedabad,21933759,niharika.wadhwa@zomato.com,pizza,,636,0.0,66,0.0
Sep-2026,Ahmedabad,21933786,niharika.wadhwa@zomato.com,pizza,,154,0.0,23,0.0
Sep-2026,Ahmedabad,21933848,niharika.wadhwa@zomato.com,pizza,,9143,2055.2120000000004,704,190.5559135876082
Sep-2026,Ahmedabad,21933969,niharika.wadhwa@zomato.com,pizza,,464,1413.0180000000003,62,219.35161409228598
Sep-2026,Ahmedabad,21934083,niharika.wadhwa@zomato.com,pizza,,743,0.0,85,0.0
Sep-2026,Ahmedabad,21950111,niharika.wadhwa@zomato.com,pizza,,5360,2442.683,844,462.20427731284735
Sep-2026,Ahmedabad,21950134,niharika.wadhwa@zomato.com,pizza,,11151,1323.938,1666,433.27063307091976
Sep-2026,Ahmedabad,21950201,niharika.wadhwa@zomato.com,pizza,,0,3586.7120000000004,0,1300.0254183226784
Sep-2026,Ahmedabad,21950205,niharika.wadhwa@zomato.com,pizza,,5398,5652.717000000001,987,1004.5966440519404
Sep-2026,Ahmedabad,21950232,niharika.wadhwa@zomato.com,pizza,,2897,221.73199999999997,380,36.19161409228598
Sep-2026,Ahmedabad,21950270,niharika.wadhwa@zomato.com,pizza,,14606,7098.712,2134,1203.7158630409854
Sep-2026,Ahmedabad,21950344,niharika.wadhwa@zomato.com,pizza,,2134,254.39300000000003,390,45.24480960605965
Sep-2026,Ahmedabad,21950400,niharika.wadhwa@zomato.com,pizza,,15403,8561.973000000002,2612,2750.731423057199
Sep-2026,Ahmedabad,22442939,niharika.wadhwa@zomato.com,burger,,89131,139906.824,20381,25201.328052278182
Sep-2026,Ahmedabad,22601650,niharika.wadhwa@zomato.com,international,,4532,3211.4759999999997,664,320.33093458224135
Sep-2026,Ahmedabad,22601653,niharika.wadhwa@zomato.com,international,,9502,12528.568,1337,1586.6816810143325
Sep-2026,Ahmedabad,22601655,niharika.wadhwa@zomato.com,international,,3840,1857.254,547,275.783068903428
Sep-2026,Ahmedabad,22601708,niharika.wadhwa@zomato.com,international,,4687,25233.022999999997,703,3302.3542944069927
Sep-2026,Ahmedabad,22601757,niharika.wadhwa@zomato.com,international,,6670,14789.611,885,2053.9796599617453
Sep-2026,Ahmedabad,22601866,niharika.wadhwa@zomato.com,international,,3820,17139.524,457,2397.6934035186355
Sep-2026,Ahmedabad,22601877,niharika.wadhwa@zomato.com,international,,7945,33702.015999999996,1132,4785.771941064212
Sep-2026,Ahmedabad,22601951,niharika.wadhwa@zomato.com,international,,5010,15203.752,762,1867.1802977689606
Sep-2026,Ahmedabad,22601962,niharika.wadhwa@zomato.com,international,,8477,15226.557,1107,1894.3673488268785
Sep-2026,Ahmedabad,22602009,niharika.wadhwa@zomato.com,international,,5727,3273.260999999999,589,391.02380546260673
Sep-2026,Ahmedabad,22624989,niharika.wadhwa@zomato.com,desserts,,1534,193.86800000000005,37,18.837660543301524
Sep-2026,Ahmedabad,22625014,niharika.wadhwa@zomato.com,desserts,,1081,1288.6589999999997,143,51.3564546589627
Sep-2026,Ahmedabad,22625017,niharika.wadhwa@zomato.com,desserts,,925,0.0,141,0.0
Sep-2026,Ahmedabad,22625047,niharika.wadhwa@zomato.com,desserts,,1692,377.03399999999993,150,0.2295280507772901
Sep-2026,Ahmedabad,22625133,niharika.wadhwa@zomato.com,desserts,,2763,2171.4080000000004,254,269.86497236887993
Sep-2026,Ahmedabad,22625227,niharika.wadhwa@zomato.com,desserts,,1741,2376.7969999999996,228,189.2946718986322
Sep-2026,Ahmedabad,22625232,niharika.wadhwa@zomato.com,desserts,,4028,4440.905000000001,503,507.2251912151356
Sep-2026,Ahmedabad,22625339,niharika.wadhwa@zomato.com,desserts,,1206,1389.74,92,128.63447541016188
Sep-2026,Ahmedabad,22625361,niharika.wadhwa@zomato.com,desserts,,673,0.0,23,0.0
Sep-2026,Ahmedabad,22625378,niharika.wadhwa@zomato.com,desserts,,1828,294.00199999999995,176,43.498095205753586
Sep-2026,Ahmedabad,22666109,niharika.wadhwa@zomato.com,international,,1263,525.7760000000001,264,97.22658080169114
Sep-2026,Ahmedabad,22666126,niharika.wadhwa@zomato.com,international,,1635,1293.212,241,175.85975548572287
Sep-2026,Ahmedabad,22706772,niharika.wadhwa@zomato.com,pizza,,70,0.0,0,0.0
Sep-2026,Ahmedabad,22870035,niharika.wadhwa@zomato.com,"wraps, rolls and sandwiches",,0,16736.007999999998,0,7180.5330478918695
Sep-2026,Ahmedabad,22870048,niharika.wadhwa@zomato.com,"wraps, rolls and sandwiches",,0,19681.044,0,9863.90398813393
Sep-2026,Ahmedabad,22870049,niharika.wadhwa@zomato.com,"wraps, rolls and sandwiches",,0,18310.700999999997,0,5375.8792558103605
Sep-2026,Ahmedabad,22870060,niharika.wadhwa@zomato.com,"wraps, rolls and sandwiches",,0,16705.872,0,4800.18858401685
Sep-2026,Ahmedabad,22870071,niharika.wadhwa@zomato.com,"wraps, rolls and sandwiches",,0,16016.150000000001,0,5319.496194581369
Sep-2026,Ahmedabad,22870096,niharika.wadhwa@zomato.com,"wraps, rolls and sandwiches",,0,34277.83599999999,0,22585.451066705333
Sep-2026,Ahmedabad,22870101,niharika.wadhwa@zomato.com,"wraps, rolls and sandwiches",,0,20958.936999999994,0,9288.737733030968
Sep-2026,Ahmedabad,22870134,niharika.wadhwa@zomato.com,"wraps, rolls and sandwiches",,0,9919.642,0,3640.177224198605
Sep-2026,Ahmedabad,18599053,shubhra.garg@zomato.com,pizza,,370829,561234.9189999999,54794,98794.62530393466
Sep-2026,Ahmedabad,19245310,shubhra.garg@zomato.com,pizza,,234331,334080.819,39227,61609.37796125408
Sep-2026,Ahmedabad,19297735,shubhra.garg@zomato.com,pizza,,410577,500130.07200000004,59134,84160.50549832657
Sep-2026,Ahmedabad,19664770,shubhra.garg@zomato.com,pizza,,98952,209502.74699999994,16473,37706.28332084813
Sep-2026,Ahmedabad,19979450,shubhra.garg@zomato.com,pizza,,344435,450561.98199999984,55229,79822.99312213044
Sep-2026,Ahmedabad,20179071,shubhra.garg@zomato.com,pizza,,313049,441565.6219999999,46421,74929.20484316985
Sep-2026,Ahmedabad,20686310,shubhra.garg@zomato.com,pizza,,128355,171754.496,19652,32887.93480934205
Sep-2026,Ahmedabad,20817537,shubhra.garg@zomato.com,pizza,,116969,188222.549,21064,33228.24479985461
Sep-2026,Ahmedabad,20889643,shubhra.garg@zomato.com,pizza,,165007,254037.84800000003,27952,41982.10763072723
Sep-2026,Ahmedabad,21202341,shubhra.garg@zomato.com,cakes,,19442,24459.767,2763,3908.0856436040795
Sep-2026,Ahmedabad,21474484,shubhra.garg@zomato.com,pizza,,228019,276339.98799999995,29935,39234.55320778755
Sep-2026,Ahmedabad,110382,vedant.oswal@zomato.com,"wraps, rolls and sandwiches",,222017,202556.62799999997,27284,27907.3688909089
Sep-2026,Ahmedabad,113112,vedant.oswal@zomato.com,"wraps, rolls and sandwiches",,149592,155335.762,23363,22336.25017801136
Sep-2026,Ahmedabad,18173202,vedant.oswal@zomato.com,"wraps, rolls and sandwiches",,260379,371450.6609999999,39299,45051.92344189233
Sep-2026,Ahmedabad,18763130,vedant.oswal@zomato.com,"wraps, rolls and sandwiches",,161591,128078.00300000001,25949,19079.921404774603
Sep-2026,Ahmedabad,19244126,vedant.oswal@zomato.com,"wraps, rolls and sandwiches",,454115,609378.9269999999,77630,186460.21196252818
Sep-2026,Ahmedabad,20946716,vedant.oswal@zomato.com,"wraps, rolls and sandwiches",,144133,165400.07799999995,23300,27562.308960912615
Sep-2026,Ahmedabad,21169614,vedant.oswal@zomato.com,"wraps, rolls and sandwiches",,141518,178110.83000000002,21589,23689.16384656723
Sep-2026,Ahmedabad,21523206,vedant.oswal@zomato.com,"wraps, rolls and sandwiches",,67225,61178.357,9743,7188.333629117429
Sep-2026,Ahmedabad,22424615,vedant.oswal@zomato.com,"wraps, rolls and sandwiches",,89186,81430.55600000001,14709,14373.536375681824
